f0,f1,f2,f3,f4,f5,f6,f7,f8,f9,f10,f11,f12,f13,f14,f15,f16,f17,f18,f19,f20,f21,f22,f23,f24,f25,f26,f27,f28,f29,f30,f31,f32,f33,f34,f35,f36,f37,f38,f39,f40,f41,f42,f43,f44,f45,f46,f47,f48,f49,f50,f51,f52,f53,f54,f55,f56,f57,f58,f59,f60,f61,f62,label,hand
0.0,0.0,0.0,-0.30837027369540876,-0.12181072962394907,-0.08531222331743014,-0.47861140680579084,-0.3685451436030953,-0.108761902120745,-0.5464824329447692,-0.6068303677609096,-0.12236870291661837,-0.5985355276893267,-0.7936223420291882,-0.1091732582905047,-0.34150596527809557,-0.7155272045658972,-0.023625918827796886,-0.44938476853324005,-0.6911789843290901,-0.0913922413260302,-0.35242434861888017,-0.4756069194997249,-0.11898710767812704,-0.29478206228432424,-0.5145660440136198,-0.13995236174075823,-0.18151953170840396,-0.751044349784216,-0.009213210659759382,-0.29394833214976085,-0.7097242979377849,-0.0907665915581428,-0.22858131375019167,-0.4621716491705299,-0.09369554533893841,-0.17492414879018522,-0.5252206039881451,-0.08661126663172902,-0.026392197300954056,-0.7150504711145865,-0.010864120653710868,-0.12164812910530866,-0.7311040525180764,-0.08477082320719377,-0.1080482458748168,-0.48765948170567947,-0.023656992845925442,-0.059686665875234045,-0.5257059906848786,0.026690260146855608,0.09673785039255753,-0.6585574565151238,-0.023189530504399824,0.05019304945520943,-0.6476259926870723,-0.05097801636717735,0.01748418423395368,-0.48763291825461447,-0.00914057386499255,0.04759486220747885,-0.5147876073440939,0.02592197175297531,A,left
0.0,0.0,0.0,-0.2834882237507841,-0.09486810223812786,-0.1077637090826728,-0.456046875789724,-0.36257424487235496,-0.1377828326940525,-0.5274104346662647,-0.6108986079777832,-0.1526950287076045,-0.5860935433235845,-0.7981841774355273,-0.13927087766642457,-0.3380113868165058,-0.6542265955455582,-0.046865259506598485,-0.40130461343338797,-0.7245802600408634,-0.13264337357922942,-0.3202861911858709,-0.4783815591806193,-0.16718618594175136,-0.28307565327449774,-0.5151604105702163,-0.19188414297293746,-0.15066216722927342,-0.690155098010508,-0.019512473036233123,-0.24365794734156607,-0.7619809080749652,-0.12321237538108787,-0.19959987388258263,-0.4741504010679106,-0.13263124224266853,-0.16836299515356953,-0.521996392463959,-0.12358360215734158,0.013947781015267545,-0.678059577776633,-0.010323541939199665,-0.07078083458875134,-0.776641339467423,-0.0955377966744967,-0.06956034860747652,-0.5033076221007756,-0.03683110477767747,-0.03700614327113562,-0.526198666441999,0.014885921935233241,0.1346729606088374,-0.6619576705143805,-0.012110025668460261,0.09430806512520555,-0.6802564525429277,-0.04044215334192895,0.06387279990816226,-0.5081025985222178,0.0001971305228338122,0.08823882571539622,-0.5333196034534009,0.034033687456606974,A,left
0.0,0.0,0.0,-0.2619352941354325,-0.05993511326478875,-0.11068676158859186,-0.454379842174421,-0.32900884735078095,-0.13632644925339318,-0.5372895361545503,-0.5935362843535524,-0.14883048624615966,-0.5972853686405322,-0.7912337002691423,-0.13114655910981762,-0.34724885771430913,-0.6378263695101934,-0.03783818659146032,-0.4076500674468179,-0.7370651657019847,-0.13417645916807885,-0.32005516478390383,-0.48274926016843317,-0.17011737839258134,-0.28312804964755833,-0.4965371100830366,-0.19065491781234464,-0.17458304994282622,-0.6777430326324425,-0.01714637659871897,-0.24674129189693889,-0.7809494367831693,-0.12733008030956666,-0.19577733435620512,-0.4828154397512444,-0.13480591600450806,-0.1727575418466668,-0.5196440499639996,-0.11953942746553434,-0.012384755393219331,-0.6822577688255107,-0.018595112917778243,-0.07573412357056658,-0.8110519735547629,-0.12101498098559044,-0.06316349746786751,-0.5276353983993047,-0.06036793212213124,-0.03778744971289156,-0.5418446790235922,0.0002832395009830639,0.12505844372462066,-0.6795432046506941,-0.03154106209538565,0.09231243668647802,-0.7419633284878749,-0.07692063614205386,0.07243628356770573,-0.5509228578353618,-0.03243561266292106,0.08969321042551325,-0.5526711564182414,0.010579140196021132,A,left
0.0,0.0,0.0,-0.26655975138373783,-0.05603112016394971,-0.11142072944131405,-0.47090541887656984,-0.31859324109811216,-0.13892160255735245,-0.5667256671846717,-0.5778998539990162,-0.15380965180463996,-0.617492370172435,-0.7744694741627449,-0.13747802140309615,-0.3668360256847877,-0.6310114180573779,-0.03811523640782381,-0.42678292778817495,-0.7409203623263421,-0.13465387751014712,-0.3361182578867465,-0.48395542871749225,-0.16678594587110007,-0.30070199062738634,-0.49972168998667627,-0.184886850861678,-0.18964607005147688,-0.6779737013547519,-0.01785418836288726,-0.26453789569362984,-0.7831211688905215,-0.1313088682407695,-0.2090933199468343,-0.4805745147229905,-0.13756770092853038,-0.18678554142370954,-0.5242380616855051,-0.12022220776551674,-0.024612044488158874,-0.6889698182871209,-0.019904263480051653,-0.09092030934998238,-0.8120857767106902,-0.12350563864841331,-0.07539169402310217,-0.5239229558931244,-0.060717106584646435,-0.05060454199850893,-0.5456976219353379,0.0017815236243245646,0.11343589092699605,-0.691761993534438,-0.03358969815387812,0.07696810071701751,-0.7449653903045764,-0.0766186002992417,0.05925239664873219,-0.5534308798288463,-0.030724119138399956,0.07831300559271451,-0.5621013360783838,0.012838650645983154,A,left
0.0,0.0,0.0,-0.262496803898586,-0.07164797838968592,-0.10616738535605194,-0.4499228287219708,-0.33737431482189606,-0.13364529163727976,-0.5319799257551975,-0.599289902755834,-0.14731756115800046,-0.5972650388431271,-0.7911533860621628,-0.1317224092479794,-0.3404214369649712,-0.6475653555026857,-0.05034586990958098,-0.40310068733077264,-0.747675326586749,-0.138503949827091,-0.3215169886920659,-0.49037168136052406,-0.16624212343379222,-0.28422883038022717,-0.5072051202350181,-0.18343739720501503,-0.16369052421888078,-0.6843389645045176,-0.028935073690299223,-0.24136173713553902,-0.788608326803551,-0.13549473484330182,-0.19723340633334083,-0.489885905118074,-0.1404488191831093,-0.17157282464286466,-0.5255533253943624,-0.1252922258259014,-0.0016484253269728824,-0.6806063918879093,-0.02613803802491393,-0.06859477590025914,-0.8121158144198688,-0.12116278846003403,-0.0625941255168786,-0.5270932816855267,-0.056956733266494024,-0.033534195905386296,-0.5391676551861209,0.002984585191243976,0.13017478650777622,-0.6723427668855874,-0.0340341600397814,0.09571464071512706,-0.7294961767715027,-0.0719000259021344,0.07125036716933454,-0.5416401845989667,-0.024787934780393636,0.09107707369064637,-0.5485234624018548,0.017782765331005396,A,left
0.0,0.0,0.0,-0.24818275472319168,-0.0696821234495174,-0.11805396047402236,-0.44490613363395926,-0.33683378697912414,-0.14956470587244308,-0.5332704516452363,-0.599496821286379,-0.16537460076193242,-0.5781455217455945,-0.8021417405178833,-0.1493866921932979,-0.332880739085622,-0.6506483588576114,-0.05800576845789087,-0.39759894339071883,-0.7518941339651039,-0.15474335814311307,-0.3157392760212351,-0.4940867583200205,-0.1830674056369598,-0.2788011075361634,-0.5070917687918107,-0.19867542608298716,-0.15576284941855872,-0.6838704642853235,-0.034483789174716215,-0.2309693380456027,-0.7859294032386517,-0.15088639967916806,-0.18716917131066382,-0.48235853940971357,-0.15447025897435032,-0.16087969749623748,-0.5196749594577649,-0.13555054322497348,0.007003264976704308,-0.6796323524593955,-0.03257211906043029,-0.05102017271777173,-0.8023569412325978,-0.14049551128395968,-0.0482953972062083,-0.5176622386627823,-0.0758516260395937,-0.021690383693519666,-0.5372891819654688,-0.011756271917852508,0.14441838311199615,-0.669802542716981,-0.0423096660347695,0.11333640258337684,-0.7267944252472635,-0.091318682316026,0.08807496326705469,-0.5365463214206059,-0.046820739503441226,0.10573880516245603,-0.544141058300329,-0.003719042922775999,A,left
0.0,0.0,0.0,-0.2588273693780445,-0.07264602024536998,-0.11344417079986349,-0.4494449080316002,-0.3390380064251654,-0.1423841006109736,-0.5351549909303553,-0.6021997596065919,-0.1551896940444816,-0.5888584754645406,-0.7965843250416943,-0.13674468534990755,-0.34823108423875404,-0.6409291943053872,-0.055565508417185765,-0.40387705630027676,-0.7529583151354832,-0.1428116092925441,-0.3235717162601333,-0.48762560345605244,-0.16576508580082744,-0.28991082879471963,-0.5045551624803204,-0.1801605998946093,-0.1683840739348375,-0.67959481210093,-0.029042438671793635,-0.24202834982029514,-0.7819720836864655,-0.1376024738517649,-0.20099031443250015,-0.4765364210582999,-0.1399925809945605,-0.18003361824698594,-0.5158750758065279,-0.12232627573139213,-0.005617609358837395,-0.6778594873708294,-0.022005121812691295,-0.069113598605629,-0.7993274833282225,-0.11900055951647849,-0.06402955451884364,-0.5151479074839672,-0.0539393948019791,-0.03688961382525738,-0.5364440278058372,0.0070311391195129755,0.12650404284544206,-0.6728253775894558,-0.02605405983161754,0.09075624578833151,-0.718413246089759,-0.06540716048561707,0.07000122393114032,-0.5317908823373044,-0.02025086657308342,0.09183887318583926,-0.5473306749389666,0.02080405796353826,A,left
0.0,0.0,0.0,-0.27321579337092317,-0.08690658753493076,-0.09564815827119616,-0.462878395530783,-0.3559286608499522,-0.11839410220923216,-0.5412132421876157,-0.6136057055654882,-0.1292911318477914,-0.5871938699157345,-0.8019920249187571,-0.10959995939823587,-0.3432463546664592,-0.6709816057924753,-0.03949001438721773,-0.42336562767123825,-0.7564951867021618,-0.12446596226165609,-0.34372685309287043,-0.49240732759333333,-0.14805065980987067,-0.3037794425928139,-0.5222726085543716,-0.16312884852948595,-0.165383170257271,-0.7013088454004582,-0.020877191686344426,-0.2593881895683129,-0.7901856958893494,-0.12780512464241234,-0.21583660205882363,-0.4835944598793329,-0.12835573689457247,-0.18451995256321443,-0.528746282673311,-0.10911447634916478,-0.003798131625390524,-0.6916144056876814,-0.020389507724104416,-0.08670297906930992,-0.8014240933311929,-0.11288058845898254,-0.08202042317137886,-0.5110907080736243,-0.04492282798794024,-0.04512033807973603,-0.5356233341241943,0.017468994489582713,0.12782048002966379,-0.6805209256936209,-0.0298168673094754,0.07847329163722783,-0.7169117702155374,-0.061487805545648755,0.05379563843603788,-0.5319655124274293,-0.012778105481806303,0.08326401453251996,-0.5562355098860292,0.02986088640940157,A,left
0.0,0.0,0.0,-0.26096653331058856,-0.0953102467408522,-0.07428832994371339,-0.43415738428940714,-0.38732578706218973,-0.08438927557729363,-0.4905369581768527,-0.6596133135493505,-0.08671055840240566,-0.540542182188993,-0.8390819978112996,-0.06128254419783526,-0.29530718159367597,-0.6902051543816193,-0.027121069534799206,-0.390282195530617,-0.7782255992081621,-0.10747984154724474,-0.31757295478010633,-0.5113335965536242,-0.12770320271759492,-0.26276832565545793,-0.5076398774593602,-0.13727772983828657,-0.1264788357938781,-0.7068630000517196,-0.018635557416421606,-0.22850739873388848,-0.8065671030688187,-0.11536102452702097,-0.19116398714576083,-0.49936083645936097,-0.10927575556138423,-0.14545968580023277,-0.510498985558182,-0.0852378965943088,0.031213376334777568,-0.6881906224484295,-0.0267715257947658,-0.06031973499954816,-0.817238456723583,-0.11451597949453315,-0.06284708130879449,-0.5169015514209909,-0.04284525433665837,-0.015071816055069551,-0.5075373145841489,0.02290044585107819,0.17262473973747755,-0.6673184055337021,-0.04327900866340406,0.10226750308815549,-0.7216682198121623,-0.07644914133791177,0.06922143118409989,-0.5278792500829366,-0.024635055238497523,0.10296730436552523,-0.5291252322612678,0.022052122249605892,A,left
0.0,0.0,0.0,-0.23106318495976336,-0.04871079204308216,-0.06211645885647087,-0.4148911947926023,-0.3712827238333681,-0.06725735316095002,-0.4597213482648705,-0.6808438333211534,-0.06851171947937186,-0.4861148512265827,-0.8727163548221814,-0.045370865572984934,-0.2576840954638741,-0.7053751506599583,-0.021437919228542258,-0.36492881722985043,-0.8092126177424254,-0.12244945609943045,-0.3136837453743967,-0.5343527416889188,-0.1547711095500212,-0.25360112929171086,-0.4842483248446476,-0.16533701440221812,-0.09210728926979428,-0.7119858855059514,-0.023212726351906084,-0.2036110191018373,-0.8234868420752823,-0.1323148408193633,-0.173274177716688,-0.5003911253623138,-0.12268003631466005,-0.11489145109992731,-0.48354295150263726,-0.08987623456226927,0.06716142944383871,-0.6896464103228841,-0.04467907594303625,-0.035723723338594596,-0.8311901218532338,-0.15601371211003623,-0.04372518914642498,-0.5028549884171241,-0.08414014758828897,0.009854246452844266,-0.46448436668471554,-0.00984657788039779,0.22409289057430434,-0.665185389165001,-0.07246028037851421,0.11970462940187085,-0.7298314693288948,-0.13349343225579885,0.0883139481860941,-0.5077739124320493,-0.08812904137339755,0.12918918787751787,-0.48298106436182214,-0.038721312585061236,A,left
0.0,0.0,0.0,-0.2344902076093237,-0.034811261787604186,-0.04345376456546671,-0.42244719079981524,-0.36545532708411355,-0.039842390336401544,-0.45581112514141564,-0.6869717590493886,-0.03773564378478563,-0.46816565015925055,-0.883562909998975,-0.011726384144714585,-0.2441621328232569,-0.7367886204787623,0.011427585862351925,-0.36317959511309444,-0.8385491992545613,-0.09561368272200627,-0.3178319748094364,-0.5604220948830642,-0.14553761717333993,-0.251295058644894,-0.493038245108138,-0.16920040117243554,-0.08705813555853029,-0.7412334135057278,-0.001001391947329031,-0.22064846614226122,-0.830656323584409,-0.10617140919805321,-0.18496865347801,-0.5065728412503773,-0.10096426172338621,-0.11131579648675162,-0.48856411436267233,-0.07474143205751131,0.06815563765020455,-0.7186824872186688,-0.03491347670135823,-0.053551115502140034,-0.843488101224686,-0.14223681824084694,-0.056552312635016304,-0.5076843290240776,-0.06742989839865707,0.008483490266272185,-0.46259547254455835,0.005349771423543319,0.23130217553231538,-0.6885445438442414,-0.07604338177946743,0.10384522955395577,-0.7417728157686766,-0.13951714418193276,0.07267827857055847,-0.5069687717759244,-0.09586527295927502,0.12111459446577724,-0.4757482923236849,-0.04866741008743305,A,left
0.0,0.0,0.0,-0.22569903988173814,-0.08685652359166483,-0.01908874339350961,-0.3781307302773671,-0.42484914802745455,-0.009747428619678268,-0.4003654639585248,-0.7232754245785867,-0.010516001791317755,-0.42728099659844404,-0.9040643787475314,0.009927186191483948,-0.19674534566930896,-0.7795183590824211,0.04724193856194531,-0.34750520721717126,-0.878950205486895,-0.054786602787413145,-0.31274784792702004,-0.5989564185675723,-0.10125894940225372,-0.24191717423667733,-0.5289131188741887,-0.12181863608579332,-0.05400886805912458,-0.784516413980693,0.018318475263711994,-0.22459440994526864,-0.8681610899311519,-0.08545821913975049,-0.19485602352742312,-0.5448447038027823,-0.07887158825991782,-0.10994138519188254,-0.517363983595223,-0.04872478175130463,0.08919048677134297,-0.7632535615546375,-0.03194478483120847,-0.07069256142588973,-0.8718308534782869,-0.1404038118429711,-0.0674164848772343,-0.5367545432556893,-0.07215992723000177,0.010458450658518704,-0.4879050398561347,-0.00020056535994518712,0.2412357310056579,-0.7241664498186742,-0.08802548142245303,0.0826493290193575,-0.7781830950732728,-0.15276853021368655,0.04683239389065541,-0.5404255136090185,-0.1110010935396969,0.09790335931466865,-0.4870023488228362,-0.062443423533887106,A,left
0.0,0.0,0.0,-0.2259219266909122,-0.11053913823912243,-0.017010641201117,-0.3592258260361227,-0.45188588132741536,-0.0021186791432739214,-0.3616851660200644,-0.7434390991599209,0.0034035406173982493,-0.36620218293746803,-0.9300457161843869,0.030181567535570754,-0.17317770117454287,-0.8390092370999492,0.07232537865456336,-0.33584756975110663,-0.9002958541077366,-0.026348954541335092,-0.3080394551741071,-0.6192146463960958,-0.08212403795885213,-0.2348656991660611,-0.5397625076569377,-0.1105036638421183,-0.03451509773311443,-0.8510503845451249,0.04394142921691122,-0.22342309736212,-0.9000555332376462,-0.05852244651078293,-0.2007799070248218,-0.5720536501080945,-0.06026721445923388,-0.11658185420150147,-0.5121514167040674,-0.03487893068850717,0.10073844698071689,-0.831085135922191,-0.006784255576498933,-0.07926357711749674,-0.8823909620523795,-0.10858479019288882,-0.08134664005836258,-0.5519666896829963,-0.04931197110993255,-0.004047657847180093,-0.48067770369131674,0.015841673047040872,0.24518595737600013,-0.7793942886797097,-0.06466125468139593,0.06287944793900872,-0.7940150775772468,-0.1292844877425273,0.019645949063142404,-0.5552615113772759,-0.09653943819023686,0.06808837459154356,-0.4881387923007024,-0.05328667503687705,A,left
0.0,0.0,0.0,-0.2299558783622677,-0.191150816980132,-0.009238745735261513,-0.29408005057947845,-0.5096334963859702,-0.014146469629194124,-0.2203610730480492,-0.7220369411620544,-0.034338727490629516,-0.13124829277954855,-0.8582647447379383,-0.03133741903397325,-0.12414552266948956,-0.8737866311207325,0.08342343555256172,-0.31304223328897296,-0.9492766724826628,-0.029637126340042445,-0.31069638200841077,-0.6594670439510308,-0.09627694357043415,-0.23718797564859045,-0.5607778349863064,-0.12918413821607885,-0.019775175343186836,-0.8847071781617147,0.04309882302747056,-0.25212775156813755,-0.9289099911121413,-0.08223633522394476,-0.2484587837919537,-0.5996308413793006,-0.0966879735923777,-0.15025855866996166,-0.5361541340637693,-0.07285056393941648,0.08757384213898586,-0.84965467744213,-0.019608786555339843,-0.14266970628843265,-0.8914859394808138,-0.12920479464006543,-0.15281359942153172,-0.5612516201224266,-0.07205850406983097,-0.05399907021228676,-0.49451921168050306,-0.0051948238159929975,0.1966242857413637,-0.7781696334425732,-0.09049114138832184,-0.035169254420378444,-0.7681923734019678,-0.15558872167901364,-0.058558958536065436,-0.5448508339872672,-0.12291756467418205,0.027161746756713533,-0.49867509074851757,-0.07797675089018828,A,left
0.0,0.0,0.0,-0.23650899159381694,-0.18982945197419768,-0.006265876538166247,-0.30620870575530307,-0.4909584697181051,-0.013767778373852643,-0.25431207818697715,-0.7153933904498525,-0.04013036178767327,-0.19406460298307843,-0.8699972245975005,-0.04414804708694963,-0.14747958575303505,-0.844019595173672,0.09026958896759894,-0.3100359036103331,-0.9504776967515114,-0.021676864405770692,-0.3202276090301387,-0.6735851786176508,-0.08432454048366593,-0.25641540683849595,-0.5656332123176013,-0.11295852303251729,-0.048770813241742865,-0.8565380582557185,0.04586176741045713,-0.2613922161331213,-0.9148863183739941,-0.08402866143122362,-0.25873271226177924,-0.5987776937058371,-0.10202282195265963,-0.1617990428289279,-0.5362515439683078,-0.07811208211422357,0.055928486945133304,-0.8315370232018703,-0.021391124677590637,-0.16999564088383057,-0.8723843943956877,-0.13619861624273974,-0.17758976144691482,-0.5544008016896683,-0.08362627345429546,-0.08094541271954789,-0.49195616038952694,-0.01709757248803999,0.16052285358068322,-0.7705324099585718,-0.09627253868391432,-0.07748315348166292,-0.7520557485979555,-0.1625928633727967,-0.09207741043217782,-0.5389699530969218,-0.13080304878922344,-0.0035033559290049213,-0.4972591404226743,-0.08564350453791797,A,left
0.0,0.0,0.0,-0.23004161656832028,-0.08393260474477551,-0.026495074804116267,-0.38525790803999244,-0.4235278160585297,-0.011742818515740786,-0.38396294517020424,-0.7311561618947444,-0.004496632281046797,-0.3864120502986573,-0.9219953739602452,0.024703396120687605,-0.2405864399549982,-0.7980475657478228,0.05666626663850725,-0.37870916287021184,-0.9161888707615937,-0.04636460632937739,-0.3418443805120394,-0.6310610181964267,-0.1002071882162115,-0.26783258782090164,-0.5436918037876959,-0.12461082253934466,-0.08992804226335077,-0.8190494930154998,0.03506032804841281,-0.2424121205029574,-0.9218466321897462,-0.06688819275165339,-0.21662698647745837,-0.5846857105026497,-0.06505461396433987,-0.14008453005392532,-0.5209819865457389,-0.03613934992426017,0.06510371553249522,-0.8089724580963971,-0.009607837436780356,-0.0782176349433542,-0.9404807195566391,-0.11708186140084842,-0.08685375229676483,-0.5874622235519645,-0.057291850272141356,-0.018928930521432477,-0.49433652659915833,0.01078208343203467,0.23696764362540212,-0.7742201315932111,-0.06076345880868542,0.08343591871429264,-0.8252042338504083,-0.13053263178136187,0.03188853401260215,-0.5700625168544493,-0.09690880461696363,0.07028972791338457,-0.49128732030392874,-0.05188005276101506,A,left
0.0,0.0,0.0,-0.23289006426580977,0.01855853471234581,-0.036286167575391694,-0.45866203676269707,-0.3047754543201073,-0.02200175401692509,-0.509864954298142,-0.6494086233554766,-0.01282609425348643,-0.5394505787446151,-0.8417792755381627,0.02001810097251875,-0.34431630182301876,-0.6825782111605145,0.030326797433297963,-0.4586105406495497,-0.8318009346029727,-0.0695058239299565,-0.40020093588170286,-0.5531384394217697,-0.10767420744215199,-0.3310784784142572,-0.4733284620200638,-0.12151657376255015,-0.1733118299625051,-0.717314000643374,0.013178016403816167,-0.30620281029500734,-0.8393650491583492,-0.08378886183620696,-0.2546751350137457,-0.5057177175944246,-0.06867195806351,-0.1800381636663546,-0.48726106766508015,-0.03259634821139032,-0.005946970486054243,-0.7193002001902526,-0.026768471138890162,-0.1307214989205506,-0.8878383958361588,-0.13827530547735326,-0.11606947042599927,-0.5336770615644042,-0.06223343848935827,-0.045819912546601727,-0.4760859958208599,0.015494983523056314,0.17244165639464343,-0.7186236907683405,-0.07290748741418121,0.05205869434049122,-0.8032749949579601,-0.14322967800021055,0.025153636385916486,-0.538235713451654,-0.0971192692346846,0.06693940987514874,-0.4697659553753104,-0.04516108835092891,A,left
0.0,0.0,0.0,-0.23901291060398738,0.03584578341335598,-0.04938773743316524,-0.492242840931142,-0.2626368247307298,-0.04008205501733046,-0.5708508555252957,-0.601301477823297,-0.030659546494398254,-0.5961444239261657,-0.8028650455425365,0.004420912543882523,-0.3810539602503983,-0.671875655317568,0.003752298701216266,-0.49690929993265387,-0.8196330757587372,-0.10105080307883617,-0.41434721216061604,-0.5476308387181994,-0.13793854755079984,-0.3422919856452121,-0.4856394446979963,-0.1514323961059599,-0.1970512838328955,-0.7196027400277093,-0.005261302783063473,-0.3157749720255032,-0.8581182265248507,-0.11576535730622597,-0.2472180687511284,-0.5163402040214135,-0.10752578630546397,-0.1839166702097589,-0.5005443758094686,-0.0739204853448829,-0.017413629868863356,-0.7339136475564362,-0.035711207786526686,-0.12647226676101833,-0.9110450916887034,-0.15951474997134446,-0.10065630052597414,-0.5428505805061197,-0.08691775002713589,-0.04112507121345447,-0.4873201608637951,-0.007983109315605983,0.1677168064045222,-0.7499571238681708,-0.0713491054153892,0.06128370950053561,-0.8267953740685723,-0.14561045338256423,0.046957177049823086,-0.5596136328710682,-0.10092842226012022,0.08701837083179621,-0.5102759367335947,-0.049320890767480065,A,left
0.0,0.0,0.0,-0.25048604696022336,0.00540188549937788,-0.09868349252290388,-0.49068566429059995,-0.271394187982686,-0.11262073707254344,-0.5757863392220767,-0.5753568716263556,-0.11732716663422504,-0.6332337565607156,-0.7683618369291977,-0.09292522317860416,-0.3937693085440518,-0.6229298759421089,-0.032212945140662454,-0.46254377901248644,-0.7608249900389874,-0.15101408038467787,-0.3758054339868941,-0.48629506977814907,-0.19557245733363707,-0.32876004360790123,-0.4628175491340239,-0.21478443341402223,-0.20775117457079045,-0.6679104801829421,-0.02560609246028758,-0.2823389283161756,-0.8168750906180613,-0.14809775406627032,-0.2286312207390085,-0.4748225917420213,-0.14714409156616104,-0.19501319043487947,-0.484534128869815,-0.11736370850962466,-0.03156203154328806,-0.6837056052646472,-0.04512542562727904,-0.09635767657447761,-0.8438602600029158,-0.1733749079262547,-0.08073569995571586,-0.5022076486778194,-0.1057846989942413,-0.04544336485766336,-0.48692454303228083,-0.02939206938777003,0.13724818985398685,-0.6996470216138285,-0.07433233175398885,0.07544025311118528,-0.7669338262319557,-0.1456956130868896,0.06684050486303487,-0.5378733854289817,-0.10001127606528708,0.098311939783825,-0.5276044067878947,-0.047361244605409816,A,left
0.0,0.0,0.0,-0.25721939576143765,0.0014350117099691242,-0.11823037676488013,-0.4771165365997377,-0.26553799420574487,-0.14522216517029604,-0.567211323256062,-0.5578493298051141,-0.15817361490847706,-0.6586359575396795,-0.7387234256922718,-0.1431306248475985,-0.3830295779594669,-0.5912021186257923,-0.06508555820378863,-0.4223047776997528,-0.7568344732986618,-0.17941747663685575,-0.3535881759864978,-0.4761915706907469,-0.21880408457722644,-0.3183629884756301,-0.44814729745705567,-0.23700251995118096,-0.19340583039367013,-0.6405975687540475,-0.048341654875745974,-0.25758316788378494,-0.8080186688695233,-0.17286753191765508,-0.22179845965122544,-0.4628611866790942,-0.17498307773479302,-0.18815360149184274,-0.470136748630679,-0.14930163529332743,-0.015599179590746979,-0.6580151309379731,-0.05589718258677566,-0.06685543645916946,-0.8415012397285947,-0.17970470603766445,-0.0670801051812499,-0.5105198758828838,-0.11066523266489836,-0.033822920072095385,-0.4961552987218247,-0.0362057869563008,0.14687502597658,-0.6766045556158994,-0.07479699815843509,0.10705536309916727,-0.7625218185925609,-0.13625871969176223,0.08119049597429574,-0.5464932819410631,-0.0869119677040644,0.10280792920545287,-0.5369341058350978,-0.0353147230197011,A,left
0.0,0.0,0.0,-0.24444802566470508,-0.006526766048672609,-0.13745085798256754,-0.448709664664914,-0.2724751563815442,-0.17320420507596168,-0.552855973047396,-0.5643364757624336,-0.1880210714405214,-0.6571343097817465,-0.7334692160160965,-0.17377401435312587,-0.370504459604914,-0.6006076665346076,-0.0764736240823099,-0.3808512048373184,-0.7549946701841507,-0.16993271166513502,-0.3178958913730353,-0.4766308847879646,-0.19810153636084846,-0.29814017237944157,-0.4779238166387383,-0.2153386782983418,-0.18257690763819506,-0.6462701450270665,-0.039928074744636784,-0.21866897583330144,-0.7860194820084819,-0.14876300912510004,-0.19582190141091332,-0.45206733896546786,-0.15129581470393394,-0.18858872198425317,-0.4927828672956298,-0.13377509201028087,-0.015286497587356472,-0.6489809420989567,-0.02555228776485473,-0.04279795682084658,-0.8216022539210305,-0.1310573156359117,-0.05677856650420863,-0.5075188354469243,-0.07055687863272714,-0.0381267855056766,-0.5122143764812477,-0.011706089903717368,0.12987744138213278,-0.6595193546583725,-0.023516524522904723,0.11919774614711948,-0.7375679559957123,-0.07430577304231475,0.08544208621615178,-0.5277823083357878,-0.03533626889536434,0.09257264547523819,-0.5268029952336112,0.0028753209997174206,A,left
0.0,0.0,0.0,-0.24561860919783765,-0.04441409439201005,-0.15041803185705457,-0.4170952586311963,-0.3146003278717945,-0.20038986845992574,-0.4975468069021714,-0.5878058611770519,-0.22869257166867488,-0.5965029963488424,-0.7703549083582697,-0.22524984021120806,-0.3325022174212733,-0.6406874798700624,-0.08841871534162488,-0.29664523805619547,-0.7599633077659186,-0.1746226751566181,-0.2459442761046782,-0.4978742286789013,-0.18650716203618337,-0.27048234468322485,-0.49004556937921,-0.19330575889159243,-0.16572751095258811,-0.6923539897070337,-0.0550665356589243,-0.14035948127793565,-0.8071678300051965,-0.16685788388474307,-0.12121181883014001,-0.47793789075818693,-0.16841997208062154,-0.1620097729111401,-0.5098762456602688,-0.15130427578678374,-0.01252238208435659,-0.6937727558318146,-0.043281392310153,0.020799087375279756,-0.8327425648805039,-0.16277986643692574,0.01073721759898674,-0.53331456498761,-0.10586867394120221,-0.03199571143899278,-0.5233204886059911,-0.048378660125598584,0.11154100795446041,-0.675422820291104,-0.044150145266971544,0.1612197120146245,-0.7529136259739678,-0.11808140230645889,0.13247642101167342,-0.5524246362751436,-0.08486202702071614,0.08896488391224586,-0.5301887722683234,-0.04780538050010603,A,left
0.0,0.0,0.0,-0.2407178403390312,-0.030811476678903674,-0.16826761435220558,-0.39121442755828956,-0.30786835293705017,-0.22721942531251127,-0.46046813574947876,-0.5905614704017648,-0.2602735000726016,-0.5640488249079127,-0.7829924977994847,-0.26224353473389317,-0.33001710656402655,-0.6604972484228029,-0.10426422661493229,-0.25770266917855794,-0.7797623880854782,-0.19351699440684092,-0.2220128479090267,-0.5174520119028813,-0.2051659656299896,-0.2637342862832287,-0.4899551031697384,-0.2101571686929394,-0.16515333882216354,-0.7151845103511935,-0.06182843750018678,-0.10446239597345179,-0.8155895699956648,-0.17837338982377493,-0.09547641135976587,-0.48694829730804057,-0.18322189559955743,-0.1539797931947968,-0.5088639090908775,-0.16661656033405758,-0.01202982216161449,-0.7111408172750348,-0.04188734142150065,0.048929159558862664,-0.8229691776036321,-0.16856247567339624,0.03611341178571448,-0.5296592891624236,-0.12201774137747803,-0.02502618061497578,-0.520899949605819,-0.0703879196449188,0.11447895663702791,-0.683188019712906,-0.03470747231099987,0.1755056905653959,-0.743838404048127,-0.11621324498751258,0.1491072029012778,-0.5463099047134367,-0.09126402229566075,0.09188146064682938,-0.529024645878098,-0.059086300301967994,A,left
0.0,0.0,0.0,-0.22115374142314648,-0.02220686058780077,-0.20121005034542847,-0.3632382776794256,-0.27773763245503696,-0.28326946906095357,-0.42519343112405644,-0.5646233388571551,-0.3333784354436404,-0.5292154216468807,-0.7725509171904597,-0.35085056340170495,-0.32919371772745587,-0.6826718562174421,-0.14416886973649012,-0.20633540986102947,-0.7828436178089243,-0.24857349613604357,-0.17290177394835587,-0.537408308630903,-0.26570181289655753,-0.21888845334468554,-0.4814696728304297,-0.2690242829617612,-0.17487719644901878,-0.7523489601824286,-0.08844844147153436,-0.041205418966745185,-0.8085728016481959,-0.2144511441753341,-0.03759389167591258,-0.49183350843977125,-0.21828225795538445,-0.11433447199436705,-0.5011201434586541,-0.19782268624359428,-0.026225226770306587,-0.7567543844035295,-0.05762988426341696,0.09896322754861563,-0.8319836314666145,-0.1981962638210172,0.0815400999970341,-0.5536794867914518,-0.1548170075587015,0.0021836920595138592,-0.5349722204941333,-0.10026379227573527,0.09707396587914859,-0.7252146700728269,-0.041725047145248155,0.18823060368029562,-0.7702593814415681,-0.13693063477659131,0.16634594275705514,-0.5831234767986849,-0.11620649415488182,0.09496939723194704,-0.5624813958096666,-0.08191750871579374,A,left
0.0,0.0,0.0,-0.20198256806055134,-0.0028884779610624215,-0.23520992875882232,-0.3364684586350425,-0.267447529470444,-0.3320913429492582,-0.38806960616714364,-0.5583647982560698,-0.385338277339939,-0.49696571437436815,-0.7690345151374093,-0.4020086979951353,-0.3383363345288606,-0.7127191720301844,-0.19401021188381448,-0.12536385611147863,-0.7650714412102029,-0.31418043202984947,-0.1190144866089902,-0.5102968275756968,-0.3407796410966987,-0.18756130630263476,-0.4485664441730295,-0.3522643243504661,-0.1890905465479192,-0.7941302337667374,-0.12886888374157912,0.02904656567725467,-0.8091827937556292,-0.2718092823048015,0.009572961770851917,-0.4846328035974432,-0.27679960972158046,-0.07486254082435496,-0.4746141965306007,-0.25604157214683365,-0.041040253915440576,-0.7967909005130583,-0.09079534147427283,0.1562546264442657,-0.8308639851697602,-0.24662046821663697,0.12263872925759449,-0.5371270023921417,-0.2008639401565951,0.03974459597191762,-0.5076921110289603,-0.1435551631078856,0.08930943012124205,-0.7541885405008292,-0.07125605477237894,0.22419753611652185,-0.757244477800508,-0.18674261597429154,0.19850328729268849,-0.555376548960084,-0.17449224885938455,0.11945895812456986,-0.532758974223188,-0.14343178166907303,A,left
0.0,0.0,0.0,-0.22800421648142427,-0.026847311272812126,-0.18345113115980205,-0.386279070960798,-0.2961801410743468,-0.25523045830619473,-0.4668644612648853,-0.576703015930988,-0.30185581464227784,-0.5775710020522783,-0.7520207299590134,-0.31761070400765773,-0.3293869659446497,-0.639094389659647,-0.11571470866075116,-0.25583184977062023,-0.7738782866182823,-0.2177348125828069,-0.2127926871317209,-0.5251628322316718,-0.23149043970246214,-0.25510822011279777,-0.4720351672771812,-0.23286182610540684,-0.17049509974390875,-0.7026633989620077,-0.07314433615963319,-0.0945711652589331,-0.8064350235757105,-0.19989119691116197,-0.07855736232798236,-0.4775182497683159,-0.20219784341799119,-0.14999349099926113,-0.48982347269507515,-0.17886038009846755,-0.02255374011562775,-0.7100825822480626,-0.05623478751781071,0.058074226988166076,-0.8264224558858854,-0.19951570296581608,0.04962730661332674,-0.5338974099103136,-0.15233783788023522,-0.024930123725695336,-0.5127591724477397,-0.09387322826211515,0.1005885689926661,-0.6791804465833629,-0.05327166987697301,0.17814379309284473,-0.7537824769997634,-0.15200224868853993,0.15779208283311436,-0.5532778589188869,-0.1277860450870563,0.08885162318595707,-0.5137958823331564,-0.09060296827380758,A,left
0.0,0.0,0.0,-0.2261232072453161,-0.05188953236175186,-0.17617401554903836,-0.3891184272082377,-0.3215498297488186,-0.24112373009725951,-0.47944905495489043,-0.5832467181994045,-0.28179641338903794,-0.5973780109660136,-0.7472640036747327,-0.29109452215096476,-0.3231663654190254,-0.6562232195570222,-0.10562848165610246,-0.2814833260047886,-0.7746008435589421,-0.206015971703311,-0.23292241701799912,-0.5148664403322196,-0.22670243264007894,-0.24757907534599366,-0.5073604867611414,-0.23709772617014455,-0.14795805978306292,-0.7062499991309709,-0.06428026360935594,-0.11554203206236627,-0.8118041988391691,-0.19085478583575108,-0.10741703781031799,-0.4766367538237581,-0.19896924376970404,-0.14789236775931058,-0.5137998407465681,-0.1817663796639324,0.010945656186203651,-0.7015868039020374,-0.04793378994537314,0.053303531844441684,-0.8258393423710133,-0.1836976398479344,0.029448454533422434,-0.525332203487765,-0.1321157189188345,-0.01338547501122861,-0.5244629359163202,-0.07265841743151083,0.13649283940899992,-0.6714266573398592,-0.04595401257597156,0.18989789529014975,-0.7446039032843459,-0.13193265572407273,0.15161821459218316,-0.5445056576774736,-0.10255311382985283,0.10687938698734759,-0.5188945557886695,-0.06450820213462906,A,left
0.0,0.0,0.0,-0.23330839600615405,-0.06640074135551235,-0.16704959862500546,-0.39372462546212417,-0.3625893798583141,-0.2255037667739241,-0.4802735132216779,-0.6211191646482274,-0.2603610444231803,-0.5909338076150445,-0.7628304707929008,-0.2624631552189127,-0.29389683734039396,-0.660398904277269,-0.10504572480140531,-0.2690237136661075,-0.7867723424311782,-0.19856219300519803,-0.21858307067964655,-0.5266843134692248,-0.21106453688358714,-0.23195063825498444,-0.5227474071055873,-0.21604722376690041,-0.12255779241419713,-0.6927524209700624,-0.06588981139852175,-0.10335871358806849,-0.8076762126288776,-0.18443266209157225,-0.09613479869355804,-0.47535535636572096,-0.18331912914813583,-0.13420488765711813,-0.5205539608703715,-0.16054971720537498,0.030820066500729906,-0.6790997226249935,-0.05055452953480814,0.06355846457806091,-0.8075876275149877,-0.17833018219537486,0.03681413430898321,-0.5089713956548069,-0.12096571767635547,-0.0018334409299262126,-0.5205326971590671,-0.05895806728626881,0.15355995509899367,-0.6455457503851205,-0.04894432678635182,0.1975257569436151,-0.719313095168916,-0.12718153561678372,0.15742042704091516,-0.5196263212023062,-0.09331785413779063,0.11842852745756231,-0.50001510403352,-0.05393449496577557,A,left
0.0,0.0,0.0,-0.23869194902856936,-0.06894232292168222,-0.1349894865605276,-0.39117348835178406,-0.3882505406922353,-0.16906596756551917,-0.4508081888400189,-0.6756826356603932,-0.1840220927285844,-0.5457962382652348,-0.8205497995663301,-0.16971886379296397,-0.2695256161077347,-0.6748277599712639,-0.0644880878708276,-0.26033444577227727,-0.8196533697472705,-0.14498081476029445,-0.22801371053532613,-0.5465489041992938,-0.1621186155231851,-0.2129004064569073,-0.5324101114905294,-0.1714821286802811,-0.09387396309494912,-0.6824177558486028,-0.030730551568748172,-0.10373737201621347,-0.8091667326555403,-0.12435614286441414,-0.1176955383053618,-0.4893415178370043,-0.12178270858349993,-0.1168771900368969,-0.5239177375214997,-0.1015898938474138,0.06203428393473072,-0.6509084990441201,-0.019081455233340355,0.06321455527032999,-0.8023995253065177,-0.1180698868690146,0.01925950143778902,-0.5068093325355028,-0.05938404582471231,0.026409660254374377,-0.5084708275048103,-0.0016239033995928398,0.19532870643358327,-0.6162779071210667,-0.01978801943643029,0.20138455064301378,-0.6955507878117775,-0.07282867616465344,0.1481443270117458,-0.5018235071717759,-0.03469029990360275,0.14700678270490547,-0.4857826914553376,0.004079971347020885,A,left
0.0,0.0,0.0,-0.23111729817560037,-0.0951116340507411,-0.12182657408722748,-0.3842575249393233,-0.4002115240905983,-0.1512020500265739,-0.4508591696490283,-0.6718981053849253,-0.16133161677311178,-0.5374982785741204,-0.8310295496720538,-0.14312752391388875,-0.2832495968249679,-0.6627733264593538,-0.07562046830048334,-0.27200430307736395,-0.8112791139271545,-0.15351257903419738,-0.23724843371506824,-0.53085238189367,-0.17142013016870253,-0.21789492020820342,-0.5217236722169002,-0.18535001198943557,-0.09392772524298354,-0.6684581126552923,-0.04435672116476433,-0.12042466817241154,-0.8070006166971981,-0.1394348863326286,-0.13047099917149813,-0.4860199900177638,-0.1375006640274991,-0.11757161186640408,-0.5098166741398968,-0.1213371955630262,0.06884167109476987,-0.6326604269594112,-0.03136514938076729,0.05649493068157056,-0.7915049264090561,-0.12234903991872384,0.012457637776796827,-0.4956950741111118,-0.05780168314583365,0.027292794597598462,-0.4884725278665552,-0.000691604276135479,0.1999434303841055,-0.6003451359263031,-0.029597693899586566,0.19779640389973474,-0.6663395213923569,-0.07220856057908047,0.1421088662409172,-0.480057374981802,-0.030333640814952094,0.1455271143894526,-0.47438438103945874,0.006961071736194344,A,left
0.0,0.0,0.0,-0.2400750798211778,-0.08212325522308075,-0.12870319193818566,-0.4015310198146684,-0.37497602455424695,-0.16580098881775013,-0.46643065140645945,-0.6457444955126577,-0.18497244183079076,-0.5474097628564863,-0.8187339089989296,-0.17325512340112145,-0.2878072815058058,-0.6673843526127751,-0.07648378336959855,-0.29341099877538623,-0.7960010757249998,-0.16872680116769143,-0.2525130086068305,-0.5179897116205047,-0.19078597921545698,-0.23656272487679206,-0.5143564824924037,-0.20370973240856102,-0.10331718793174145,-0.6705776722201836,-0.05004077902913515,-0.13322609160942905,-0.7978985614624085,-0.1602303018401921,-0.138204591901483,-0.46867864755799543,-0.15870192729876048,-0.12805692815369613,-0.5027703582815624,-0.13854223307903424,0.05835166200770703,-0.6352173181382911,-0.04490549041919631,0.04204032124083131,-0.7796389793363322,-0.15374890781196487,0.004558942457372216,-0.48030959491535424,-0.08568863672395542,0.015187795866302293,-0.48513805302026064,-0.020495538145653566,0.19173694170366498,-0.5994713531635645,-0.051889764721288666,0.18963618629261922,-0.6649052371120084,-0.10696260635163889,0.1363749176522799,-0.4749243080895565,-0.062477832362707465,0.13509317341105664,-0.47186595229463973,-0.019477594652280678,A,left
0.0,0.0,0.0,-0.24287401390948574,-0.09172010032450253,-0.12750066153212647,-0.40276501471902765,-0.39206835419984004,-0.1642909392774167,-0.47122473631238776,-0.6531530198048042,-0.18520738217985172,-0.554512155586199,-0.8133744571636476,-0.17589275636275745,-0.2815055780323741,-0.6685411166506539,-0.07159115074850042,-0.28747217115817236,-0.8111806933893959,-0.16705723659988295,-0.24614289850859764,-0.5321766012765339,-0.1929112956176704,-0.23121223991639725,-0.5136520099894335,-0.20717173421690388,-0.09771587399855829,-0.6733019396787122,-0.04936509603167493,-0.12103345323622805,-0.8096383521952775,-0.16371287220194036,-0.1235232503565802,-0.48132775505296305,-0.1680278214265821,-0.11866054410747529,-0.5020255510916793,-0.15084101734830116,0.06603143574234611,-0.6419804344914519,-0.0487668637051656,0.05523314069996643,-0.7960955934295716,-0.16240081485864766,0.018907171486555175,-0.4979634032361031,-0.09753192759941728,0.021405755931098495,-0.4929276861795741,-0.032989021052929314,0.20148986193335866,-0.6035200573917217,-0.060313651209000285,0.20580957786687767,-0.6843682481089223,-0.12139076663010227,0.15407992674207016,-0.4925342461738076,-0.0768374527132992,0.14395295010818124,-0.4764024598438173,-0.032197340654684554,A,left
0.0,0.0,0.0,-0.23564728690579353,-0.1005986297952675,-0.13299952749653182,-0.394079495600044,-0.40057879156059695,-0.17486019717255466,-0.4698364195712489,-0.6478051749565827,-0.20147903362878966,-0.5553494587336456,-0.8080746250223932,-0.19647488154765635,-0.2752525365217433,-0.705962449259851,-0.0693252948901006,-0.28243104056258944,-0.8401077761092202,-0.1687737323733049,-0.2416724560607826,-0.5560139946005538,-0.19647636525462786,-0.22723054696905368,-0.5387801611292605,-0.21128227712336828,-0.08827974052344527,-0.7085813569209037,-0.04652315552055734,-0.11344868616289183,-0.8330016439973179,-0.16668100490406662,-0.11937329295647828,-0.4964182663884024,-0.17217187469298043,-0.11461834182543554,-0.5261499406779155,-0.15387068921553348,0.07992712969914088,-0.6694800731062783,-0.046768982067639776,0.06968328705514637,-0.8120326606534026,-0.16680973709088676,0.030845278799799633,-0.5083286416740678,-0.10164849008281729,0.03415542905324786,-0.5108915806110284,-0.034895503689370236,0.21913016632990673,-0.6208866915132256,-0.05967205004893383,0.22581542023088946,-0.6923886736027881,-0.12399546627652636,0.16901582023472173,-0.4981804157015708,-0.07944985882745807,0.1568790972077354,-0.4872340378065643,-0.03354712315788288,A,left
0.0,0.0,0.0,-0.2296017112968598,-0.10227918921176574,-0.13127403650387312,-0.3880774617581293,-0.40983770175720413,-0.17259781956684261,-0.47481860097298884,-0.6497791997396597,-0.1963891003827283,-0.5730199430672379,-0.7978423024819946,-0.18733874457102778,-0.2712025164339825,-0.7126020847489185,-0.08449232391709614,-0.26849006295424066,-0.8552327731584864,-0.17765729525363974,-0.23268653049145263,-0.5629219728263459,-0.19580413771024202,-0.22238783679646015,-0.551489033565722,-0.20574530263074078,-0.08293181898593874,-0.7091130527717573,-0.05927422729623114,-0.09851080392348432,-0.8471663771530333,-0.17751295612414583,-0.1126929432804473,-0.5029910070307904,-0.1790799227345768,-0.11638593873596814,-0.5379831900041101,-0.1592465785042527,0.0847204704269269,-0.6670899381312043,-0.05410783080888366,0.08565991941210263,-0.8201257668864235,-0.1695715973963504,0.037832893998732874,-0.5098876752537258,-0.10050113560947803,0.03385667300797735,-0.5188061186143408,-0.03382401454719424,0.22066082484137686,-0.621722012105511,-0.060727709093550214,0.23469202648285484,-0.6956011242865369,-0.12033244494651743,0.17572295276734295,-0.49399116793878817,-0.07262640678048146,0.16148201882382457,-0.4887043176227349,-0.02640190181081879,A,left
0.0,0.0,0.0,-0.22464805892657272,-0.09924352175068678,-0.13299749804690073,-0.3958931317775486,-0.41934036528737784,-0.1704989936815696,-0.5131738522109766,-0.6532335128900063,-0.1896571538884689,-0.6499553700945615,-0.7386252507674114,-0.17885959804835821,-0.2899622951336744,-0.6972231318544895,-0.07034513234122917,-0.2770965907533254,-0.8261680165054461,-0.15290399150501496,-0.24163380954026273,-0.5507962797114645,-0.1642021373447275,-0.23454508046344755,-0.5463588124369942,-0.17152020421932132,-0.10457482213637183,-0.7065079529388228,-0.04282954946429783,-0.10745366883613021,-0.8259223913417744,-0.15244845652261205,-0.1206062645762481,-0.49125697375747057,-0.14870180545612402,-0.1309057228219637,-0.5293672188220869,-0.12617090061219616,0.05769613122000006,-0.6700830485378183,-0.03681346303048059,0.0679694420352683,-0.7913242282338401,-0.1498221370317134,0.021135157928147907,-0.4925790988579127,-0.08735141562638431,0.008474104665434466,-0.5088246872924026,-0.0260261484194566,0.18935866877463314,-0.6275570283407509,-0.042236872852542566,0.20319095163135217,-0.6834903260934948,-0.10019114604038458,0.1491446511217318,-0.4839284625182009,-0.0579096737036395,0.13111767769112087,-0.48137236859818255,-0.01764552720865406,A,left
0.0,0.0,0.0,-0.227969408621965,-0.09011520126128891,-0.14706817973840966,-0.4125954320321789,-0.3783389728169042,-0.20022443407333554,-0.5437524841394984,-0.5977134336336083,-0.2356828830383826,-0.6895823506566521,-0.6829404674657886,-0.24097406408254057,-0.3069423872699022,-0.6855614857197252,-0.07752652070127233,-0.28891417503030575,-0.8106227681893758,-0.1671587396902574,-0.25305283677682794,-0.5506000390796135,-0.1805133367227628,-0.2521832608836183,-0.5500893763736993,-0.18673401909035275,-0.12793081187346036,-0.700600815001542,-0.050093341653807945,-0.11560301062400717,-0.8107036160134341,-0.16649222468730648,-0.12700440095455076,-0.4807582467044165,-0.1625266318128728,-0.14695107948664993,-0.5330419235463381,-0.13656925857219956,0.03244867913532277,-0.6698618755268388,-0.0467969012827366,0.05701036175425993,-0.7793392070809027,-0.17024037030560113,0.012965916500499662,-0.4918286440540399,-0.11153566763049728,-0.010161392157334371,-0.5213679382237809,-0.04892105264520021,0.16772001875306347,-0.6265793748363688,-0.05620132194152942,0.19153702044776671,-0.6881831433677008,-0.1228521961632926,0.13954306014935086,-0.48933436790741436,-0.08236061493171098,0.11202709289452897,-0.48201444285995027,-0.040292083748774195,A,left
0.0,0.0,0.0,-0.23783432337361313,-0.0994099631868229,-0.14288527358617778,-0.4343259527061151,-0.3798514051314696,-0.1935488934703396,-0.5783591704230742,-0.574353724847857,-0.2246689934924041,-0.7223921729554639,-0.6541766560594406,-0.22405903489833057,-0.3030122948876783,-0.6970422830265397,-0.093314486469872,-0.28141766260792356,-0.8178699250488627,-0.17700274223788454,-0.2598248952611039,-0.5499920341899074,-0.18664880299930783,-0.2670413249812332,-0.5595138079304421,-0.1933774810287477,-0.1187200526212162,-0.708787845835669,-0.06392781471280849,-0.11128743413700784,-0.8217690694467856,-0.1792671115298626,-0.13184086001352024,-0.49175900119755106,-0.17487790220712904,-0.14643381677342862,-0.5411440033362322,-0.15237472481118064,0.04460876543579511,-0.6734997282961891,-0.05547169323920467,0.06432081964586832,-0.7973417474951624,-0.1730746913794693,0.01471575542085839,-0.5055398513924616,-0.1102124286092368,0.0020894421690856157,-0.5262704458977979,-0.04851323395371723,0.18086593009574864,-0.6290692791402549,-0.05914431104769251,0.19985410341428694,-0.6995432298205495,-0.11910357707100981,0.1388941798300278,-0.49678277188346204,-0.07569520978971045,0.11666217085564579,-0.4872675254081998,-0.03476133280791175,A,left
0.0,0.0,0.0,-0.23798256877972554,-0.09714576949520103,-0.14685215523026726,-0.4433089026358869,-0.3766160004370958,-0.197724654280348,-0.5874391199154501,-0.5672953720075321,-0.22852091783632844,-0.7285369555549784,-0.6462746601393162,-0.22707480717264647,-0.3099546797245097,-0.7126131789353826,-0.08549505691867727,-0.2833409892477999,-0.8092312860769997,-0.1708359009367855,-0.26718049122275617,-0.54802500590838,-0.1832920373581302,-0.27845675869100306,-0.5632797720624614,-0.19216266197231274,-0.13012368840656977,-0.7317469481196437,-0.056581188808220606,-0.11535780645376316,-0.8185272126967787,-0.17418876129772867,-0.13605499894625972,-0.4917424655173531,-0.1719009900525753,-0.1525824570720745,-0.5496880646133594,-0.1494054345452854,0.031054522556832477,-0.695023828271198,-0.05046295272690958,0.05832206159085668,-0.7877448359115576,-0.17143621118922253,0.008011915619804045,-0.5017834217552818,-0.113797963885539,-0.010214095447698348,-0.5361802018178989,-0.054267766339343805,0.1676099343442426,-0.647395942640682,-0.05716936342042485,0.18975330737096582,-0.6942126312472164,-0.11995502615515871,0.13021843286518467,-0.49418618781827967,-0.08101480911752501,0.10445059520262832,-0.493803716456585,-0.04254500862281969,A,left
0.0,0.0,0.0,-0.2405742089856856,-0.09543108877037249,-0.1501485703241135,-0.4649817593185935,-0.37049630871682976,-0.2015083904341149,-0.622967438614174,-0.5475505051984142,-0.2326083304787282,-0.7654540754697523,-0.6012344686183562,-0.22934073360820492,-0.32922595222201484,-0.7044877823638384,-0.09136761927259396,-0.293526590869848,-0.8244822542423693,-0.18109693352544404,-0.27263027331743295,-0.5458493771437882,-0.18941681220889878,-0.29256326611466,-0.5446259966491734,-0.19278518067844988,-0.14341179213933436,-0.7305246049397108,-0.06054820037539578,-0.11921989725679775,-0.8370536073438449,-0.18373725078578573,-0.13793608086035256,-0.4935953008459518,-0.17785916966212514,-0.16652347699885459,-0.5405654919263619,-0.15151159096375635,0.022214912003239228,-0.7031282920507657,-0.053389017043854924,0.05520633810744058,-0.81482733537887,-0.17943851892694435,0.007157684690434954,-0.5155042279106238,-0.11954298086050975,-0.01885166425490128,-0.5352007237813775,-0.05686462792140718,0.15996979273547515,-0.6636356122758111,-0.0590385051528807,0.1882079312196289,-0.7314880695098125,-0.1218609985295452,0.13059915345059234,-0.5211793152564993,-0.08084676547971,0.09905467188796445,-0.5074771041795303,-0.04084896500617727,A,left
0.0,0.0,0.0,-0.24180056832847735,-0.09011159405951141,-0.15343357448451933,-0.46428400020145943,-0.36657182779805975,-0.20580819132642578,-0.6185161792699871,-0.5440826267982344,-0.2363028658762839,-0.7626754993289135,-0.603345350639446,-0.23302461368953323,-0.3332150448468017,-0.6996119763147953,-0.10014393091576518,-0.29067362056219564,-0.8206482607356951,-0.18772410119794805,-0.270567206617168,-0.5434184015447018,-0.1950058269400945,-0.2911410534443397,-0.537584330534584,-0.1980844477500988,-0.14883052087446377,-0.7285668389587049,-0.06652483746947212,-0.1185580877440219,-0.8282128670116965,-0.1866787352251228,-0.13694518644434048,-0.4915680996922879,-0.1807776160884711,-0.16599076125944295,-0.5376816387182249,-0.15515494673311042,0.015620173478549321,-0.7011708112566444,-0.055736264359167856,0.05347407691681862,-0.8040964854990175,-0.17815643214174626,0.006825988882075234,-0.5113410410079826,-0.11906399762190636,-0.0193939086003804,-0.532823301549522,-0.058194141747698915,0.15203754292678823,-0.6608188551040247,-0.05800102563324823,0.18104340566694566,-0.7184044917802205,-0.12053309789440725,0.1251173801227848,-0.512814127788007,-0.08150722074437732,0.09336145619268409,-0.501540930513115,-0.0432319375108758,A,left
0.0,0.0,0.0,-0.24099073096576623,-0.09888623439298126,-0.15436587799173432,-0.4577962539604854,-0.37360748231224566,-0.20681987930865375,-0.6054574971491101,-0.5555821248821581,-0.23738921409650096,-0.745578876218986,-0.623842399270649,-0.2343774737645963,-0.33437376489135895,-0.7054451488121395,-0.09313635120596807,-0.28705925528625054,-0.806944145454885,-0.17949451574993,-0.26630521601103707,-0.5389971768701178,-0.1880981732306054,-0.28974999864273826,-0.5431652801969726,-0.19300693241528036,-0.14939414935332213,-0.7378142236566163,-0.059645997455044265,-0.11637138997824512,-0.8256214437954263,-0.18040572234749713,-0.13511214676163114,-0.4907117234513964,-0.1777181074560173,-0.1682821745105542,-0.5418682515359036,-0.15448377172571662,0.015608866929572291,-0.7086543611484645,-0.04936783319528619,0.057159360879264313,-0.8050710181954119,-0.17422497868742176,0.008093174319410963,-0.5147987305524057,-0.11958714413892785,-0.023854842066211718,-0.5418173398843013,-0.06124190566720452,0.151957514787172,-0.6642018371950136,-0.0519668548974236,0.18638037751252604,-0.7196276332853683,-0.11700445631725279,0.12858057044932655,-0.5143546202461249,-0.08060342400338381,0.09217854196633665,-0.5052500625864724,-0.04392078867478965,A,left
0.0,0.0,0.0,-0.22928745395325578,-0.10802043662383665,-0.14887340921049178,-0.41609769509905303,-0.40052456785144364,-0.2017016988768411,-0.5440981643489777,-0.6030674238876605,-0.23564328734317208,-0.6858416369833354,-0.6872824642846005,-0.23929910837047777,-0.3096630285509942,-0.7170103411665787,-0.08361949389129919,-0.28782270726965187,-0.814197317212509,-0.17210371399261568,-0.2575015894768078,-0.5515713809188073,-0.18918095452822384,-0.26154885717699056,-0.5598272378801598,-0.20043103072501772,-0.1286222939889231,-0.742302286172041,-0.05330310713306172,-0.11684348021023502,-0.8202417850456163,-0.17067241990394127,-0.13020566099950395,-0.49508467744428186,-0.17280755914110058,-0.15048980785012608,-0.5512213555012994,-0.15397148040661338,0.03501771900467485,-0.7082764007081421,-0.04585953363720805,0.05922303587119588,-0.8015664271058168,-0.16705795689344682,0.014269527616803664,-0.5170285834833258,-0.11045546361956146,-0.008856939453387403,-0.5464011861474973,-0.051477271634587186,0.16784613595101286,-0.6596388670296586,-0.05158231483152836,0.19315926587334328,-0.7117150605279099,-0.11473880085606893,0.13858767888369805,-0.5131347325244031,-0.0749146985031958,0.10831487534902494,-0.5063475278297545,-0.03538333138685984,A,left
0.0,0.0,0.0,-0.2396162580312492,-0.1111763181774669,-0.14541970501733573,-0.40177035845943404,-0.41612470428830384,-0.19091148049277834,-0.5091062507831859,-0.6347189984703824,-0.2155673434141355,-0.6360320950506891,-0.7423341570441442,-0.21072060495117942,-0.2972027761341531,-0.7178512907808056,-0.07761692629452749,-0.2954847737805132,-0.789199940643144,-0.1643975126104688,-0.2394832279477304,-0.5420201106137966,-0.195653797003792,-0.23007395440835215,-0.5735895548508131,-0.2201931828791174,-0.12116011690450104,-0.7436836006418058,-0.04380963027430077,-0.1339879485828288,-0.8031917855522613,-0.15408247139860734,-0.12508208123381542,-0.5074436776310122,-0.16678796507435487,-0.12737751653649962,-0.5691493426323806,-0.16112464543275004,0.03605406039498417,-0.7074969947902009,-0.03118301151928713,0.04323925994241828,-0.7869210432333563,-0.137041248034732,0.01113914925202077,-0.5202819287876483,-0.0816329309589523,0.004987295407985457,-0.5516217810317067,-0.029634993943217277,0.15712040199470967,-0.6564502743632332,-0.03290015631048634,0.17851898152203896,-0.6913453495314953,-0.08565013204603171,0.12553811514489446,-0.5059292185745595,-0.04776435992530151,0.10830393455263648,-0.5054108495287168,-0.013373517274126999,A,left
0.0,0.0,0.0,-0.2397279860688657,-0.11596944622118582,-0.14231996722765322,-0.38477262148223224,-0.4170729714128194,-0.18865402194732406,-0.47043252989538725,-0.6523285541916344,-0.2151615254859227,-0.5906868680443791,-0.7785461352742538,-0.21202579835823226,-0.27453525247581656,-0.7127273921330767,-0.07649557937579494,-0.2754566774122128,-0.7951409197430876,-0.15736292604941737,-0.2209655170577693,-0.542901190326658,-0.18234865606260106,-0.20298026905539768,-0.5567805003531655,-0.20196806587603774,-0.10346383182964948,-0.7344257467221383,-0.043030290533617545,-0.11817991781496268,-0.7904520371005102,-0.14578933217156106,-0.11590237462692003,-0.5001911555050005,-0.1574910848327709,-0.1172000943352833,-0.5543827486785033,-0.15243189182340433,0.04978493160990064,-0.6953171674108545,-0.029543324037166134,0.054641955800861765,-0.7836313185263983,-0.13055530603664925,0.015717418631429537,-0.5188726760402588,-0.07689206790146658,0.010165740877098412,-0.5374900738185855,-0.026976438833914332,0.16734802203897758,-0.6422267047901081,-0.02994837178002626,0.19205222481726464,-0.686022027391394,-0.08482165049879453,0.13368062581250587,-0.508846050900922,-0.04987913147554055,0.11638320857339789,-0.502284830012211,-0.01639239851480856,A,left
0.0,0.0,0.0,-0.22454356034641265,-0.11089647595878886,-0.15444632412422662,-0.3582726761266648,-0.41809193479849033,-0.20429465456074639,-0.43447669212250006,-0.6675077879926348,-0.23261089034245194,-0.5482516304635519,-0.8038022605653553,-0.23091573269069787,-0.2566659372916964,-0.7010039939144118,-0.07932259890700098,-0.23059225438927428,-0.7993424524052659,-0.15816101419611675,-0.1924295977211408,-0.5462617530576137,-0.1705739802611186,-0.1942861026910457,-0.5416503232219847,-0.17809518030606797,-0.0847732906282446,-0.7237565337804369,-0.04054458020484569,-0.06963625675743246,-0.7961952508478167,-0.14214135093911814,-0.08231740195359377,-0.4857003950714893,-0.14446816995501455,-0.10648627950370486,-0.5349778767294074,-0.12882895416712678,0.06609164249474453,-0.6874022456151271,-0.023914303335893703,0.09847136650013343,-0.78073776251681,-0.13304280738219215,0.051841171977916656,-0.5067673390130466,-0.07945453708394129,0.024384153010156576,-0.5178659363856655,-0.025192858237235674,0.1782319079389332,-0.6309284440862266,-0.021093508413874862,0.22411672484035292,-0.6776562228652051,-0.08834137033913857,0.16818346141455653,-0.49608388451997737,-0.05710354537020632,0.13306045053151194,-0.4816968178990597,-0.022348519269225663,A,left
0.0,0.0,0.0,-0.2349387091071692,-0.11596000222042824,-0.15742585591526145,-0.3684369178555711,-0.4217521458646042,-0.20920007116430003,-0.43288062848580705,-0.6679182747158411,-0.23735289776097693,-0.5285860060948689,-0.8155552115456254,-0.23551333525183965,-0.26035399698119216,-0.7130993600662349,-0.10162642050640501,-0.23846124299572974,-0.8096431572449859,-0.17872860080499006,-0.19510849596510563,-0.5463196230221256,-0.18935485570413538,-0.1921161818318426,-0.535172853185075,-0.1978071220031317,-0.0797133168545131,-0.7335928135264868,-0.0632401445743419,-0.07328596275761368,-0.8030509444447408,-0.16724324371404028,-0.08201772505989945,-0.4955706827196754,-0.1739176531693496,-0.10205766651755643,-0.5323476973451745,-0.1642247854323722,0.07841021584500457,-0.6926476824912877,-0.04457721267557204,0.10461590565908066,-0.7860784644369666,-0.15511391929017732,0.05888428750824113,-0.5098979498063622,-0.10184626404961633,0.032164256060411976,-0.514847050787475,-0.05048683050583648,0.1950886756892467,-0.6307128245693585,-0.039441766196894115,0.2363352172730736,-0.6761998101441273,-0.10888979192270831,0.18061615116650004,-0.4921988267293572,-0.0764142630838643,0.1464161009155189,-0.4775451821167175,-0.04236241661865208,A,left
0.0,0.0,0.0,-0.2497159907917397,-0.14536783489660038,-0.11281498930860366,-0.401608177611431,-0.4305335318993928,-0.14934338501943578,-0.4778215154593642,-0.6629257076265155,-0.17176498200164958,-0.5649965597588209,-0.8076311727844657,-0.1688513435169685,-0.2865773280556231,-0.7476212856793127,-0.0639514032660409,-0.33652724445807514,-0.8167762683153514,-0.15201995689296816,-0.2877012628728384,-0.550225963093401,-0.19411552612583186,-0.2475081107055479,-0.541887970901827,-0.2273921574396421,-0.09656424745837736,-0.7749779071177912,-0.04617273922466566,-0.17805746248820914,-0.8358220904550584,-0.1498138620544656,-0.17185953953459912,-0.5230904267287572,-0.16257654065686933,-0.13127723193501875,-0.5326228495982989,-0.15988904306747884,0.07276315388173912,-0.7280943321463665,-0.04655285416265724,0.01770303023777318,-0.8033671443836855,-0.14252052540072346,-0.024214814017131953,-0.5149089079266491,-0.08227147937412997,0.002826347013668309,-0.5035718710009411,-0.029945946368348804,0.20135285966340435,-0.6594433035100262,-0.059315675584876104,0.1726468766114956,-0.6538766441393291,-0.10596125204585836,0.10663110207616801,-0.4754925241699348,-0.06742627363728165,0.11366400679700478,-0.47860611039581,-0.03420006128871075,A,left
0.0,0.0,0.0,-0.27349431353076087,-0.17036863964673032,-0.05813641569561585,-0.40804889842714104,-0.4771273180852317,-0.08006084337102218,-0.456517937450398,-0.6999214784803778,-0.10316018089904341,-0.5185051865532594,-0.8483893013396492,-0.10671440807028587,-0.2389645585957892,-0.7956659815390414,-0.008635031717366301,-0.34743013985249216,-0.8524720089118039,-0.08859101718757531,-0.31008607848535935,-0.5684779752900117,-0.13339003669831534,-0.25363289330608385,-0.5249899792204156,-0.16686654955572405,-0.06469664836638382,-0.81116237225897,-0.018446322979497276,-0.21280244513824328,-0.8412709705473039,-0.10576507949415002,-0.20468352157498393,-0.5223479686605136,-0.11206553183799789,-0.1304924733355196,-0.5038305285061638,-0.10481114391548785,0.08963865893264358,-0.7359363744519738,-0.04403527676857478,-0.03938475270840247,-0.8026660057109557,-0.1241665466404595,-0.07991601671218035,-0.5002751872231994,-0.06218124723311168,-0.017828557776589423,-0.46208572583692165,-0.00939748969450073,0.2045880090781636,-0.6390082932998308,-0.07800460716011715,0.09693205582098928,-0.6311421827640945,-0.11430317253726802,0.020887968787602226,-0.45685596496909436,-0.07219335525119723,0.0538535108648115,-0.44385151094899444,-0.03598690734122719,A,left
0.0,0.0,0.0,-0.242114602640378,-0.15523490743762583,-0.06981617742503458,-0.370291401215291,-0.4841809602106379,-0.09289702834215773,-0.3965721757645158,-0.7350520092450072,-0.11539854088660544,-0.4020940371839538,-0.9078505581418478,-0.11886020924869925,-0.18249844692148676,-0.8759829300415602,-0.010766076614123701,-0.3405032844998634,-0.9088300413290775,-0.11956477842575211,-0.3195383994297687,-0.6266884392276919,-0.1801026315115634,-0.25564785229522297,-0.5473585223468181,-0.21340187962731252,-0.014429809513281242,-0.8894441504157029,-0.025130096818736243,-0.2115448210581839,-0.8704678351116198,-0.13650524311845866,-0.211976117098763,-0.548476481741617,-0.14497103495607913,-0.12926241414991319,-0.49746060183911156,-0.12626975207573926,0.13421020660037203,-0.8081842277354194,-0.061616930295893685,-0.053453237084447575,-0.7920265951289177,-0.17703835907766552,-0.0920908394244589,-0.4717683088814959,-0.12058788009590601,-0.016723108133818856,-0.4152504610386756,-0.057154037170002996,0.25783802961581664,-0.6849357341212121,-0.10849560512825315,0.0754030523658177,-0.6165037222305403,-0.18666556808888338,0.007239196453937122,-0.40089718052161255,-0.15758766211112726,0.05768797687164591,-0.3565928462220189,-0.11681721153279094,A,left
0.0,0.0,0.0,-0.21764317623011406,-0.18434379466410897,-0.05822250298803578,-0.29412867231893064,-0.47664267680474476,-0.09303251549693353,-0.3082533193149092,-0.6975543449041605,-0.12735676287509667,-0.3065439153319513,-0.8887450211042824,-0.14229437498184794,-0.039423745952927414,-0.9182973990051793,-0.00708490234401709,-0.2971273951226018,-0.9461851677864994,-0.12825341838910617,-0.3165435686735312,-0.6854158034951509,-0.2053502277120793,-0.2566148406898103,-0.5828846940520548,-0.2464718123074934,0.09137765507433561,-0.8921615959929314,-0.028078888717438688,-0.22067922808660284,-0.8670580412796265,-0.13504182329729006,-0.2429325429697212,-0.5716671137032755,-0.14650630866684916,-0.16798140426975675,-0.5036513797217201,-0.1336299268658623,0.17693611076853336,-0.7799468303062593,-0.0702762249566085,-0.11880944280958562,-0.7638017483265243,-0.18265189719215602,-0.15786856390731183,-0.474398400822128,-0.13553085055395728,-0.08280317164211616,-0.4007540456068736,-0.08160634240077971,0.22214332686533028,-0.6240697713667703,-0.12227102938855891,-0.031681833716587844,-0.5566407034456585,-0.2137288835998075,-0.08298248441368676,-0.3604257367133465,-0.1985677054626654,-0.026481096750811346,-0.2994437961679841,-0.16357160179280703,A,left
0.0,0.0,0.0,-0.2567943094977458,-0.15920830622799617,-0.0632815251776341,-0.389931990928826,-0.4648821972759287,-0.09392443683727844,-0.4466656602859061,-0.6970108099642317,-0.12331065791232368,-0.48810428145488655,-0.8622979780121526,-0.13489406043841268,-0.2248724789348194,-0.8401702701031571,-0.013289238205200785,-0.39156006176186203,-0.8374249192353279,-0.10359134534968634,-0.35139570045284846,-0.5753660903551517,-0.15797466935149912,-0.2815588670615518,-0.5221965047033561,-0.19306699807916322,-0.06478216284615607,-0.8615200482624454,-0.0247199361732108,-0.28112805522763085,-0.8070946240092598,-0.11950322170571265,-0.2596105515089988,-0.5138397007498962,-0.12907008743299858,-0.17094117424086439,-0.4789234332010818,-0.11788674859005575,0.06780988090587318,-0.7736057890854803,-0.05307706898890027,-0.13302948723903796,-0.7279426820912297,-0.14413801685389246,-0.15012245026425355,-0.4437227414198385,-0.09399039261850854,-0.06877810225668074,-0.40587430073912645,-0.04401893701931606,0.16003910498981924,-0.6507548454647778,-0.09083169173478449,-0.024208972405123458,-0.5382484210021897,-0.15079191361134725,-0.06739429731237587,-0.35555700136119944,-0.12765035335894415,-0.0059444173344101086,-0.3410161809034378,-0.0973381032907571,A,left
0.0,0.0,0.0,-0.27712882216878393,-0.10052451989992145,-0.0848871871017812,-0.4568734595479138,-0.3766643535172504,-0.11802882047266398,-0.544124543532966,-0.610794941779503,-0.14317482529793488,-0.6397951930026531,-0.7544765385313603,-0.1463805445284132,-0.3484250542766767,-0.7223061283825123,-0.04287027827126871,-0.42694825500325917,-0.7755003124860039,-0.12338447066832972,-0.3542003205156407,-0.503478892824554,-0.16537162979826112,-0.29170988119599056,-0.4934648501141562,-0.2007244871148509,-0.16005297408309171,-0.7763133227388547,-0.03577478198407078,-0.27484584763729575,-0.7891612801258319,-0.12285223711124725,-0.24373563558728262,-0.4779674350879845,-0.12709033172606587,-0.18121128131251063,-0.48920846395448603,-0.12225464166840878,0.006390715949042144,-0.7341073469273199,-0.04475655677666009,-0.08931681306974591,-0.7654272150635408,-0.11716487108376594,-0.11107574703934703,-0.4693057808590097,-0.052491994025946634,-0.05763609455437907,-0.4706786250388891,-0.00422640711289488,0.13033078493413136,-0.6738787149381466,-0.06434908775577695,0.057026692616018504,-0.6265866816959279,-0.08818096959641109,0.004705522147516168,-0.44522687422506024,-0.044671157941347295,0.03571149907322129,-0.4660902636454302,-0.0136854699556872,A,left
0.0,0.0,0.0,-0.2665569888175346,-0.10511762019028041,-0.11052293217411464,-0.460496932552352,-0.3647427075068067,-0.1494180152648295,-0.5719325369138007,-0.5745897444691973,-0.17214713321878888,-0.683421840241402,-0.710124598134157,-0.1692856857677515,-0.40240857725587875,-0.6743443753801318,-0.07575336685540561,-0.4389865973057906,-0.7495530083272418,-0.1638654602978231,-0.3563782022594212,-0.48931266677715396,-0.21118902504943596,-0.3137232863428095,-0.49633118849846,-0.25206766940672715,-0.20206163384376066,-0.7305094832643871,-0.05575461363888115,-0.28625971882379964,-0.7978258164994582,-0.15472943626832927,-0.2433278410195222,-0.4974549674851391,-0.16872053757159042,-0.20066835734852825,-0.5229410315825612,-0.1726154394516139,-0.02254186787644763,-0.7076074312436019,-0.051490778554487575,-0.08315685979817089,-0.786143171919292,-0.12833126960682043,-0.09669869182055991,-0.501229603734537,-0.061533522717980446,-0.0701966923033373,-0.5007450318397654,-0.014464706014981498,0.10484444619649264,-0.6639166377600086,-0.06003809842276671,0.07954933651397758,-0.6517107624857869,-0.08712279299749688,0.03464318613877307,-0.47163456604866427,-0.04201681729414897,0.04280632026308706,-0.49077902734250256,-0.011245703837668364,A,left
0.0,0.0,0.0,-0.22747822521289507,-0.09471324607731461,-0.15637290027955808,-0.4101765330915955,-0.3481213890737395,-0.21113919213570817,-0.527716408192191,-0.5749881513804687,-0.24002877869281028,-0.6347374587700235,-0.7359246454142017,-0.23563377242270336,-0.34783095408936254,-0.6799336323191711,-0.10793628576022511,-0.3419507766330827,-0.7941270019796491,-0.1873485745651777,-0.2705078419948242,-0.521655839848029,-0.201441457171581,-0.2633484160540086,-0.5206928126315299,-0.214861592036476,-0.156031219056164,-0.7232845597672276,-0.06462083565802605,-0.18125597245979105,-0.8325396581858483,-0.17642905890328914,-0.1552837561232406,-0.506645904254546,-0.18441448001701127,-0.1633018200708279,-0.5372079659847765,-0.17478877417308467,0.012206412380777281,-0.70129440159459,-0.03921757161636707,0.011429317841192365,-0.8360297129265579,-0.14483823189788786,-0.006444874448878821,-0.5328848615999178,-0.08209246362772993,-0.015033064080361879,-0.5265057534841446,-0.025776506601823977,0.13681093751996565,-0.6627249636527628,-0.02750671640169593,0.1615112567247781,-0.7152126612976141,-0.0855643873877414,0.12052622080249328,-0.514351535708231,-0.048687146036644,0.10257749710482691,-0.5071330162006954,-0.013415698140773778,A,left
0.0,0.0,0.0,-0.21121834186334718,-0.07815121851260548,-0.16639626957251133,-0.37067698506162433,-0.356818734227495,-0.2335152503329977,-0.4655976812906863,-0.6073823121134387,-0.278506170641073,-0.5946172460546465,-0.7490876556075244,-0.2920582389024677,-0.2955525873223187,-0.690443695469658,-0.0977395009642996,-0.24439772109108773,-0.818344431006187,-0.19514385268584677,-0.19970370593517303,-0.555405660275901,-0.21406693819614445,-0.2225818804582326,-0.5463033198597224,-0.22357061705697487,-0.12394800049615158,-0.722009523556135,-0.060288603447742006,-0.09097820789200506,-0.8438384504180149,-0.18683739033284957,-0.08558046613309042,-0.5082078493167177,-0.19263570895711515,-0.1298176444836659,-0.5472985239962809,-0.1732258081108175,0.028581323428511603,-0.7002244230332415,-0.04643454476149146,0.0726604256100233,-0.8429650435820069,-0.1777854110788017,0.047033254442614074,-0.5441078667450235,-0.12074395225888836,-0.0003332117144666252,-0.5413281299907122,-0.05917276514992873,0.14728666740519444,-0.6608831749168022,-0.04631226974301583,0.20174185830700528,-0.7342842156265579,-0.12730487485433642,0.15987393931447907,-0.5303199027569145,-0.09371859072959966,0.10868528665608307,-0.5098182433656069,-0.05434131991223008,A,left
0.0,0.0,0.0,-0.19889770771643467,-0.0738055520778734,-0.17672943019440804,-0.3506614409844635,-0.3531843519661916,-0.24960756324263214,-0.4429158969236901,-0.6108292525052197,-0.29896303748813,-0.5771369472107659,-0.7522825979234203,-0.3177795415470091,-0.27663606851515776,-0.6791881499068819,-0.09930103712493973,-0.2010380583484324,-0.8196168629078612,-0.19775762162582441,-0.17321769559950045,-0.5647020245356064,-0.21692156279886154,-0.21656261127665222,-0.5536105345691101,-0.2250594439699794,-0.11320849525090632,-0.7109682606913343,-0.055504108177422073,-0.05630427173217255,-0.8514086492354547,-0.18356032677676284,-0.0604338257757407,-0.5171143876118638,-0.18748005226487283,-0.12032809240887472,-0.5435247974181604,-0.16382598149785613,0.02826453021991758,-0.6905617850317434,-0.03700002150371688,0.09124456286015495,-0.8447562670154289,-0.1695837355753523,0.06532121365496513,-0.550422807672259,-0.11689537679380912,0.007519270596936313,-0.5358012738206466,-0.05591447729716347,0.13997425007469425,-0.6535802335788001,-0.03252202288186621,0.206035190812832,-0.7322269957967134,-0.11255721557252275,0.16823602011892835,-0.5322887846528772,-0.08241251578097146,0.10885547738400363,-0.505786240182266,-0.044806046752409935,A,left
0.0,0.0,0.0,-0.18551292453138535,-0.08466495414391453,-0.18289468422922178,-0.3277556572373201,-0.350406807104187,-0.26547136454494785,-0.41060434714466754,-0.6172783880335276,-0.32652967709604735,-0.5374362799513378,-0.7639824286510626,-0.3570617505481247,-0.2530843746591748,-0.6838421385624894,-0.08320668868575473,-0.16525824202980252,-0.8332767111925482,-0.18520444434287928,-0.14965898978771994,-0.5871213018740635,-0.2071199178982043,-0.19840744739276606,-0.5459694458602669,-0.21223003052174652,-0.10618106212390704,-0.7096989778242733,-0.03604040902051358,-0.027862131059075926,-0.8543578722609697,-0.16189814867143057,-0.036998563595654115,-0.525490866636272,-0.16252360227548698,-0.10316133246087841,-0.5469446319516927,-0.13248444948259316,0.022323056529326916,-0.6908927214034866,-0.017435596992232898,0.10447271972319798,-0.8382938713414751,-0.14913324157839508,0.07765047307440487,-0.5637113574140649,-0.09846537768781655,0.0122417327110841,-0.5474589315430811,-0.035644450241712755,0.12565465349063515,-0.652069648781267,-0.013711543817502236,0.19104180948678431,-0.7294793520746587,-0.09059259617512097,0.1564469993499011,-0.5437738117184628,-0.060061522506548365,0.09644563600698788,-0.5179894773042719,-0.020438374846589794,A,left
0.0,0.0,0.0,-0.18308225889460533,-0.06431058190722694,-0.1958262378092724,-0.3229246358199625,-0.3299251699581182,-0.281836391383707,-0.40489339883326536,-0.6027289901808853,-0.3423315260140006,-0.5361498186053884,-0.757734284960821,-0.3719974803736211,-0.27896962257079266,-0.6630538527837285,-0.10166607346927144,-0.16081038558449098,-0.8023611452282331,-0.20805187892506022,-0.14953142267344946,-0.5632052629090527,-0.22550240231108662,-0.2100562467681137,-0.5175201712602169,-0.22511165019794324,-0.12786457402042517,-0.6934651334792769,-0.048266664646719366,-0.023999648458996655,-0.8318501144270215,-0.17657849064554962,-0.030404370943197177,-0.5036496018027002,-0.16997358196213458,-0.10240230513691624,-0.5233809333215201,-0.13306926877672687,0.00394968185614569,-0.6836249158321847,-0.02452207663464883,0.10073902100997818,-0.8177363273044286,-0.1644582934741776,0.07632501211730497,-0.5367365296099054,-0.11272539192523959,0.004006869887800072,-0.5180828385736258,-0.0468550387563272,0.10956856097780321,-0.6534522463001452,-0.01593582806401357,0.18259295854518523,-0.7186125030391722,-0.10193349633389494,0.15310887673220622,-0.524802039055077,-0.0735099561752295,0.08933298606789322,-0.4972032522738476,-0.03310766863836861,A,left
0.0,0.0,0.0,-0.16398724513129725,-0.04552100611533346,-0.2392754842286479,-0.28646757427298497,-0.31596507398901214,-0.3434053241436876,-0.36304315675020865,-0.5807172983309951,-0.4080944767105019,-0.5050782021562616,-0.7419017246636317,-0.44099641795339717,-0.2640035665086956,-0.6717354639100233,-0.1854817975074739,-0.08552113706580473,-0.7937702994906491,-0.30991729225319214,-0.08746512996501177,-0.5574293974135993,-0.33653128141350025,-0.16788354550074275,-0.48986421163098653,-0.34106572510960714,-0.1255718483233838,-0.706275086945725,-0.1105446041389952,0.0365193281722903,-0.82453998631456,-0.25547068074574536,0.02309245075808081,-0.505983508817384,-0.24723339480686496,-0.05929236082658076,-0.49608299110179843,-0.21035765157669833,-0.00015393504423446495,-0.6961440708443242,-0.06540925121282998,0.14241497511012755,-0.7939239169644623,-0.21893800018073967,0.11319029725606883,-0.5139686727117596,-0.16235841250335084,0.033830603765005185,-0.47562776060266926,-0.09318077012389926,0.10338014276037338,-0.6630858849541301,-0.03865653069220903,0.20408068404556556,-0.7136687326252995,-0.1401557074557468,0.17184208967277068,-0.511739097393654,-0.11533234633366776,0.09748511189909734,-0.4709805505369487,-0.07622363555589484,A,left
0.0,0.0,0.0,-0.17983442211674738,-0.06735898787930553,-0.21190973192213644,-0.3014394219620702,-0.3391526719887779,-0.3084691844160007,-0.3802105147530531,-0.5997075329661805,-0.3727414907623134,-0.5324294178054558,-0.7426928954268647,-0.4061110416349248,-0.24456773845540974,-0.6978999991037825,-0.14848135339627513,-0.0761671923991604,-0.8132265072650375,-0.26441535351857504,-0.09439780814282575,-0.5669420723126107,-0.292297657897068,-0.17544398598556332,-0.5034381751142779,-0.2999604515138903,-0.10137155673162156,-0.7190933842304277,-0.08746426271394095,0.04830461812428613,-0.8261997751132718,-0.22998939906195448,0.01949949509123226,-0.505526963025717,-0.23436609511348205,-0.06312106811132678,-0.4980429531364379,-0.20860502830710237,0.02690452540530608,-0.6970606562399442,-0.05283169680117253,0.16174472723311115,-0.8039841517244759,-0.20045324167240827,0.12215957253294367,-0.5258728706880813,-0.1498352762939226,0.040707197114656195,-0.4843180777876832,-0.08658352952403293,0.13363639928377805,-0.6570913413363346,-0.0339062641607122,0.23104312217936643,-0.723400551633446,-0.12737633961080064,0.1918060692174069,-0.5227657491227039,-0.09992357911112752,0.11446216988878427,-0.4796706474432471,-0.06038772008964152,A,left
0.0,0.0,0.0,-0.18123561640293992,-0.10495887545951223,-0.19106219494041032,-0.3113853637828208,-0.40060972215741514,-0.26967780721058016,-0.4164668043382259,-0.6346502692411827,-0.3189537309523884,-0.5699979538765103,-0.7501904890062802,-0.3351366330037797,-0.21834573585920686,-0.7389197011763197,-0.12322930939332577,-0.1022228563693324,-0.8177232030042574,-0.21614209254747535,-0.11270532238344433,-0.5615735947708815,-0.2348556042175955,-0.17691302721597366,-0.5748755335098161,-0.24600317311264525,-0.055937948934668406,-0.7513715600321735,-0.06796914633054382,0.04300073348787678,-0.8192483122333653,-0.1884934248990029,0.0033393341839300966,-0.4961725148509409,-0.19671053189594861,-0.06726065752663786,-0.5502330542056978,-0.18158912263007118,0.08594333474307497,-0.7120056068044324,-0.036295683447783826,0.17827277461347427,-0.8022128338226432,-0.15944985114584231,0.12434983865202108,-0.5249570048932755,-0.11487840315736213,0.05850801179413387,-0.5368343472921202,-0.06439732036584354,0.19417711152330297,-0.6650983635045895,-0.01930203773172417,0.2703756295442306,-0.709455694074699,-0.08864098015903542,0.21562029707313418,-0.5213034119013988,-0.061338237930942584,0.15403353566364178,-0.5137970427768418,-0.029405353272864386,A,left
0.0,0.0,0.0,-0.17931706965917182,-0.1164727857280983,-0.2000367228240544,-0.3274311286680707,-0.386417784531228,-0.2941074360192458,-0.45302503081075973,-0.6042603325855601,-0.3606369609996544,-0.5872254594034984,-0.7073769500334168,-0.393426118082889,-0.20333130930709037,-0.7462554423483887,-0.14645631282331847,-0.12741609333424703,-0.8091541528727502,-0.24399500986122874,-0.13637142083177636,-0.5555683258974482,-0.2526924693019424,-0.17786189399252844,-0.5635793504525823,-0.25426549697437056,-0.04457528697178356,-0.760386531321681,-0.093672042762305,0.03237171099834685,-0.7920279285104914,-0.22170313801450384,-0.01817259652769523,-0.4687107316285294,-0.21842442365669626,-0.0725549546561112,-0.5394042782079929,-0.19221191651909117,0.09688478800489322,-0.7086911183849512,-0.06571757486946267,0.17763464670262516,-0.7558991407941501,-0.2024875613031393,0.10872048109734696,-0.48623652834526765,-0.15288007577340304,0.05200890020142737,-0.5139011599147757,-0.09427109152399997,0.20739462467121134,-0.6405669282959098,-0.053419608097464544,0.27988031474986563,-0.6595681596388875,-0.1321763173992948,0.21054758788761185,-0.47773086301516415,-0.10441571907622614,0.14999547822912315,-0.4741569223355977,-0.06977495039336568,A,left
0.0,0.0,0.0,-0.1888281312051191,-0.12006444658809076,-0.18195927920493146,-0.36356301003428915,-0.3737247803293671,-0.265847160547246,-0.5183748134415769,-0.564496675014471,-0.3222183691583799,-0.664815267358578,-0.6630101726135766,-0.34414847275247024,-0.2512530738498437,-0.7337635101236097,-0.16083882693685397,-0.1702510562988531,-0.7955853538257078,-0.2529282902861859,-0.16477420821469582,-0.5380629724206445,-0.2556906095059018,-0.20669151901935856,-0.5551160252366568,-0.2573025418379583,-0.07645349628429365,-0.7560256116149489,-0.11625407727587797,-0.004862543587188634,-0.7881698781406392,-0.2453959066524678,-0.044758585827667056,-0.47289580384933233,-0.2479467043590445,-0.10150858219540088,-0.5396715030665615,-0.2327328131742253,0.08145690969749725,-0.7068785838683291,-0.09108086614608112,0.16393992801403526,-0.7653635068669696,-0.2256557385603153,0.0957968176684289,-0.4930460585455551,-0.17957804888243928,0.03399631787936338,-0.5184106978953629,-0.12962258707984686,0.20466971685734842,-0.6360956983786915,-0.07931218267349563,0.2818036837690117,-0.6622724069196602,-0.15972592529645813,0.20866716496943574,-0.47332081451759334,-0.1362437273639967,0.1412135964142378,-0.46643053249258243,-0.1084766721905188,A,left
0.0,0.0,0.0,-0.19981453013402037,-0.10541089571897308,-0.18080525878115117,-0.38378049077636867,-0.35222406736829254,-0.2643940429511765,-0.541163252542398,-0.5383842822117583,-0.3209965946033668,-0.6889368210265395,-0.6388207994014322,-0.34245297908758343,-0.2691084762840898,-0.7101897773815693,-0.16498359185717515,-0.1990282250588936,-0.791905136698343,-0.258216099079288,-0.18395456491662182,-0.5190199870837758,-0.25705685445479304,-0.220100075924688,-0.5281829439411719,-0.2561764264551533,-0.09017365642513392,-0.7359754918315741,-0.12256363393277724,-0.02988291059775079,-0.7885033683192975,-0.2556052878279601,-0.06357862907401032,-0.4566891178519682,-0.2534544347531459,-0.11719205662445,-0.5192701881758337,-0.2340368033012728,0.06907252287171324,-0.694308030460567,-0.09970583663677231,0.14409924031066337,-0.7636787895720205,-0.23549172373346194,0.0795097093899298,-0.47586278701099444,-0.1826753478602582,0.019239591268608507,-0.5040541535868274,-0.12867892835998754,0.19670407400946363,-0.6318986172710622,-0.09065194156269363,0.2693140320962446,-0.6557015475695067,-0.16943317197307387,0.20040407862824955,-0.4558322025522451,-0.1422492813137616,0.13572468014893882,-0.4523547752093573,-0.11294087216416601,A,left
0.0,0.0,0.0,-0.20220176173658433,-0.11935841933909982,-0.1737728291637642,-0.38919234123962376,-0.36839457043032625,-0.2521952739080655,-0.5467200097200967,-0.5490206075747088,-0.3050906762376943,-0.6833444712700627,-0.6546599717849064,-0.3232037359425537,-0.2557787223794009,-0.7307620398653167,-0.143875299310879,-0.19941418938003272,-0.7843357962265916,-0.23469070345337767,-0.18721396370195517,-0.5211573196732715,-0.23780335780158912,-0.20833429885312965,-0.5393761778883243,-0.24020248731361224,-0.07768689047251294,-0.7480572257797299,-0.10456746212831101,-0.02899310231460093,-0.7817989207544788,-0.23663024744140201,-0.07041851184180865,-0.45977305076138286,-0.2370179082886495,-0.11016380974725327,-0.5245941405041308,-0.21800061177655006,0.07783718653530802,-0.6963378329221593,-0.08584147867650353,0.14520522234930014,-0.7454597741279931,-0.22075648463356293,0.07229667857982354,-0.47049327982922595,-0.1715532347836053,0.02407666633559551,-0.5052270814032578,-0.1182364980408832,0.20280050463039948,-0.6252053003434476,-0.08079091109069528,0.2647185152962548,-0.6354062832166798,-0.15723214665037633,0.18856311881589843,-0.4418618035743452,-0.13110685724260351,0.131413384253948,-0.4433197516758752,-0.101810435348481,A,left
0.0,0.0,0.0,-0.20021063396945807,-0.12326545950582461,-0.1550679134608718,-0.3811334508901818,-0.3923245002625705,-0.2233506508696663,-0.5310393210122384,-0.5836425891327177,-0.2707301418628877,-0.667394128894602,-0.6876728733607108,-0.2858165424898269,-0.22017296864111136,-0.7069169154618659,-0.12341321440356197,-0.18518640095739766,-0.7796106478450883,-0.2127642229903938,-0.18297129275233587,-0.5129364630372107,-0.21834956281195977,-0.18752644350190112,-0.5233829388942954,-0.22300035143741792,-0.04439818141326228,-0.70445321667858,-0.09368199692745426,-0.0173965475982099,-0.7713945375196851,-0.22221084469581215,-0.06812052846184523,-0.45354624077224287,-0.22084503437882164,-0.08622051071038958,-0.5068105265774279,-0.2010723578628073,0.10682588977622777,-0.6462934858233046,-0.08393903560199524,0.1522866521250736,-0.7241065705158597,-0.2147643307001825,0.07310256483159981,-0.44862723074124755,-0.15798359057494615,0.04570679672575137,-0.4746348217685686,-0.10006494145652171,0.22989084724113262,-0.576364684572495,-0.08687452327628795,0.2744379273811975,-0.6071181828727743,-0.1580232416508671,0.19346689560351044,-0.416669681738664,-0.12376892579328935,0.15103682944291,-0.4141607701445572,-0.08977542235148972,A,left
0.0,0.0,0.0,-0.2093555285418496,-0.13195643193584686,-0.15414746935560217,-0.39210097546631606,-0.3811995023097208,-0.22357153579269487,-0.544896817550264,-0.5698368130785024,-0.27156971914099315,-0.670207137513912,-0.684439048521485,-0.28699404468457645,-0.2279815148980135,-0.6962587932211692,-0.12381340928588508,-0.22546713815335007,-0.7625889051214179,-0.20679829612171377,-0.2107992915209927,-0.5233115956912829,-0.21197551838239562,-0.20333014217457288,-0.5445149885614547,-0.21757196567264325,-0.06004652250102373,-0.696224236359212,-0.09062716089400885,-0.06594081992716688,-0.7611161013991276,-0.21011102966489284,-0.10193203501381526,-0.4694070281270959,-0.20783926074862993,-0.10328721561442009,-0.5324707053784427,-0.19062757075164208,0.08587169285949078,-0.6411910546626046,-0.07671074349058435,0.10804097435718578,-0.7186836008108016,-0.19554360884263655,0.0383256690148302,-0.4660645034863727,-0.1382446712048662,0.03007890915497822,-0.499212159326427,-0.08362412358704045,0.2025324140513628,-0.5723359393770439,-0.07628472471174882,0.23167796345591846,-0.6021591602012962,-0.13934482256982356,0.15417487178646694,-0.4313046808046795,-0.10666183889997248,0.1287471864599024,-0.43475793341857555,-0.07620291073266959,A,left
0.0,0.0,0.0,-0.22094192269669638,-0.11968817348003655,-0.1440084788215613,-0.40399711754657686,-0.38271030639021464,-0.20883049335958376,-0.5433246193087107,-0.5729643907077395,-0.25765356853196875,-0.6793455313382607,-0.6792342360282522,-0.2777237866259443,-0.23910049420416732,-0.6585688742880248,-0.11037689901054791,-0.2176924119305861,-0.77508847115958,-0.20732902594172709,-0.20546519515198744,-0.5163401475506492,-0.22299741910410076,-0.20497317099113913,-0.5128337814354078,-0.23205506169349707,-0.06274574544600835,-0.658328327215029,-0.08808863066457998,-0.04716561649090958,-0.7737423444092197,-0.2158304088464549,-0.0816444351023435,-0.45525385594755835,-0.21450006989533194,-0.09467283931916412,-0.49044971823204797,-0.19398128746148566,0.09065024686732041,-0.6169779123586024,-0.08671417587472262,0.1225586035721505,-0.737675984512933,-0.21832453414136155,0.058088691655581344,-0.45651679314039867,-0.15847052581047638,0.033682141972994066,-0.4683746448137625,-0.09679430617338182,0.21830119640887127,-0.5622894095310836,-0.09707192638208684,0.2478106750911169,-0.6233000584916746,-0.16569950534878264,0.1791455458848888,-0.430057742810803,-0.12328977904256427,0.14484386291105225,-0.4158667666962939,-0.08288940801716921,A,left
0.0,0.0,0.0,-0.23566904974079278,-0.11423550486477897,-0.13781757739790787,-0.42099083316994024,-0.3704439576280048,-0.19929694706271484,-0.558275402517008,-0.5656446322472279,-0.24294164399993737,-0.6889666452413188,-0.6773252398619675,-0.25798349015169736,-0.23271527035575074,-0.6978898673027185,-0.10332160882184832,-0.25852724945780853,-0.7600365279337805,-0.18583450684359004,-0.24100838644756595,-0.5179232278824902,-0.2037366759105238,-0.22262096263323897,-0.5370947947809306,-0.21920861941495492,-0.0707968704048662,-0.6989327288373806,-0.08030427455576869,-0.10707832841121935,-0.7515435503674921,-0.19341646250162542,-0.12467521895545906,-0.463075673098724,-0.19503698423611907,-0.10527579147821248,-0.5120000299730489,-0.18121253157343326,0.0737832733709329,-0.6431717978663183,-0.07594950470190714,0.05723437332641321,-0.7262208408994099,-0.18881351064695015,0.010896107899447758,-0.469516812397629,-0.12805270057862966,0.02747359561806123,-0.5003851943143259,-0.07141220465099171,0.19818405065509173,-0.5775038084380584,-0.08417665893982068,0.19055904532312692,-0.6176929492488473,-0.1401900810831594,0.1260442322189733,-0.4404543306697146,-0.09745090923303146,0.12435924107532846,-0.44352641257666825,-0.05962188061199527,A,left
0.0,0.0,0.0,-0.23221123800692858,-0.10772500276130687,-0.14099082170267768,-0.4334864665296905,-0.36298487178609257,-0.20280759080539473,-0.585510605139902,-0.5480476001698183,-0.24717220088364739,-0.7224545200790852,-0.6398645568946272,-0.2619786541826286,-0.2605813896842432,-0.6862704436370237,-0.09629749992635354,-0.27511807298658086,-0.7623657547962761,-0.18598767196276286,-0.2575911516271104,-0.511116049327844,-0.20444316982353716,-0.24400928133071936,-0.5261457150629185,-0.21859790238918503,-0.09230857732762103,-0.6976796845173162,-0.07389163135435643,-0.11115851645892558,-0.7695255756253213,-0.19801601349397385,-0.13307206223455553,-0.4647291430900228,-0.20255014111385106,-0.12242204153727644,-0.5148581026177748,-0.18655519330528386,0.056886529842792626,-0.6497811470630916,-0.07196118955927841,0.05831372760386527,-0.7206826942326963,-0.19442774059256993,0.003757629219694367,-0.45283389915535743,-0.1366239331811299,0.0066927131648774,-0.4895668781714383,-0.07814223236749143,0.18269305920039902,-0.5899191890635972,-0.08244764703509512,0.18400296935920796,-0.6158663048474113,-0.14155111896302006,0.12002556132730738,-0.43505512437419,-0.10051973657558842,0.10936753987922074,-0.44362384337469496,-0.06286976725185989,A,left
0.0,0.0,0.0,-0.2584760564654269,-0.12889622485430327,-0.11905051033210791,-0.4540401151139221,-0.3649751786499481,-0.16904444745226235,-0.603324592246888,-0.5423361429567751,-0.20625509784162846,-0.7338996122748521,-0.6436924651189406,-0.21691327633854723,-0.27499737602739577,-0.7069844052715746,-0.06096215948573907,-0.318953545885747,-0.732930729522751,-0.14084851000060994,-0.28560375194504617,-0.4975373405107517,-0.1723834152618439,-0.2613695093235601,-0.5236380934863207,-0.19873665792482065,-0.11056602903219512,-0.7246532988163501,-0.04595645378030066,-0.16925286035501094,-0.7449522480454605,-0.14888930678030754,-0.16989066631044034,-0.4649485379522697,-0.15831112967592406,-0.14020987411387936,-0.5170640609862982,-0.15315659213406685,0.03855746424309359,-0.6736596400215966,-0.05021285825129457,-0.0011262910825321432,-0.7279066880839276,-0.15152422560735498,-0.03677140325204866,-0.4812971254956099,-0.0956036498891812,-0.008659416200529443,-0.5167316220840089,-0.04441681951044779,0.16203659505630197,-0.6018367472544908,-0.06661820196894203,0.13987939323841528,-0.6285106061686543,-0.11160363416747346,0.0811314374260108,-0.46320776697300914,-0.06803484501847049,0.09157282830073243,-0.4701803856293744,-0.031334380333399615,A,left
0.0,0.0,0.0,-0.268130941029197,-0.11625435088227115,-0.12170572356829157,-0.46693893006822,-0.35433539285967236,-0.17233275368031,-0.6143464745632226,-0.531101520605551,-0.21027187465391017,-0.7442359430669452,-0.6302149005017622,-0.22122847970550405,-0.28062632882350796,-0.7231286463519546,-0.06623651164062722,-0.336421039973098,-0.7400951618134006,-0.14667494162440903,-0.29733883842912606,-0.4965330412899202,-0.1751683174288713,-0.2678226292765971,-0.5076232423175985,-0.19844811026664144,-0.11680660541717572,-0.7434236101318452,-0.05056261315460201,-0.17958474258935722,-0.7404262022320616,-0.15411310362566105,-0.1794912254060982,-0.45343680116841617,-0.16150738065002887,-0.14776651861775392,-0.501235966650625,-0.15470621770909532,0.034040254706294716,-0.6855552118313978,-0.05424881024309525,-0.004822467734110082,-0.7242454740117663,-0.1581789540192427,-0.04339891308290554,-0.468781166528043,-0.10168680030521944,-0.014698680392097065,-0.49908845471038576,-0.04936269465333361,0.15838687821265754,-0.6051618379580567,-0.07032595278469359,0.13319310614089439,-0.6179962472293402,-0.11762674129751524,0.07184548692042138,-0.45027005603141396,-0.07492602442517428,0.08427425022795783,-0.4602934845149952,-0.038054142280327885,A,left
0.0,0.0,0.0,-0.27961651152275285,-0.11383419751619843,-0.12175751649099893,-0.48836296800101076,-0.34681572674554356,-0.17102572738494676,-0.6349038349244228,-0.517426093574938,-0.20666430896502305,-0.7597627024711111,-0.6140794772151336,-0.2136984595100817,-0.31206579430563813,-0.7282693782543815,-0.06772441753110812,-0.373826091309618,-0.7378182679957122,-0.14992562885222058,-0.3258268229994912,-0.49893233409930277,-0.1809309517086202,-0.2935443965721378,-0.5297269152394813,-0.205919124202849,-0.14783798256110942,-0.7425422709065896,-0.05039825679514854,-0.220103384574661,-0.7379159859229006,-0.15668560017819544,-0.2127695771285392,-0.4564099759166309,-0.16367621832793258,-0.17603431075988832,-0.5138871986251468,-0.1556161151147566,0.0036054663572803896,-0.6854410311858725,-0.05270079428208858,-0.04654162830167161,-0.7193383704326902,-0.1530771282673314,-0.0805743351148748,-0.4629396212964502,-0.09302502320311049,-0.04444402999422972,-0.5002499859038347,-0.03879314591377195,0.12932171886931776,-0.60885490523766,-0.06812730075827635,0.09668838069117637,-0.6177355138832444,-0.11037432991044002,0.03862493598689134,-0.45057796123765903,-0.06648609736689541,0.06039344396640638,-0.47039022819144444,-0.029287828677463715,A,left
0.0,0.0,0.0,-0.28008208336779855,-0.11464560132932444,-0.10929834444602972,-0.487658864171305,-0.3370418348847253,-0.15720578607570357,-0.6450209332584048,-0.5080198564225002,-0.19386773588371473,-0.7728992779053303,-0.6005472432491659,-0.20486511376817237,-0.30933379856493803,-0.714408553384164,-0.06431777480542139,-0.3775547654215042,-0.7091781383644787,-0.14051109468758538,-0.3314983471515472,-0.4877315417655087,-0.17314356742605286,-0.29603532353043477,-0.5153420816856125,-0.20141443157181504,-0.15173828023585054,-0.7376879152776669,-0.052074300180134675,-0.22707716191587934,-0.7180692001337059,-0.1485842158751932,-0.218329930630286,-0.4533493644171692,-0.1556262660479464,-0.17483992931741948,-0.5013978941795302,-0.15271171875580006,-0.0036420114689769256,-0.6812330104524116,-0.05693895017170664,-0.05702480558726291,-0.7111445839931952,-0.15282711984834466,-0.09439006782496323,-0.46575182127977655,-0.09651878785766999,-0.056263469670359834,-0.4903401422213328,-0.04746575294348724,0.12111424603673657,-0.6012641933159959,-0.07354468456569568,0.08438461627794597,-0.6165064975250754,-0.1201348659768827,0.01925295540996147,-0.45248019799045114,-0.0809861968008794,0.037360688123379816,-0.45739974264798305,-0.047671545734999925,A,left
0.0,0.0,0.0,-0.29225478201793237,-0.10135547152705676,-0.10364908938422737,-0.5140363706569054,-0.32147699240495364,-0.14466604639271738,-0.6694748016520935,-0.489505885150701,-0.17574719473009712,-0.797621622227869,-0.5753784324312149,-0.18094034168084372,-0.3272862920808757,-0.6832323911266772,-0.06119696125219583,-0.39873786563118296,-0.7103278433752145,-0.13937189628730412,-0.34404339623482005,-0.4832007883319158,-0.16534730725485985,-0.3044698022079407,-0.503448382942027,-0.18621830896037117,-0.15973230389174445,-0.7165744588094192,-0.05070088640806412,-0.23954787613629627,-0.7359234936417931,-0.15111835112421568,-0.22337594296638313,-0.45865583872754034,-0.15230571296088222,-0.17910499913162037,-0.5019769734490709,-0.14213220647893318,-0.004778688038956385,-0.6826666841759873,-0.057547683792380386,-0.06755349909320936,-0.7373550822225006,-0.1561014449949643,-0.0946777902535321,-0.4747533085772396,-0.09297655477452277,-0.05259324664106977,-0.49672213086970574,-0.03713679051836927,0.12489605915411035,-0.6272271351547021,-0.07545860111084458,0.07811612999401009,-0.655134451876507,-0.11905820878416129,0.021577755934508152,-0.47480804001044236,-0.07311090833702562,0.04638047005382077,-0.478564419876198,-0.03467156299619855,A,left
0.0,0.0,0.0,-0.3354622074997298,-0.1307360323129257,-0.04303595372615753,-0.5513314548349136,-0.35818676840473446,-0.06420355519432117,-0.6781541944840384,-0.5339898309688663,-0.09170668236175747,-0.77767386575171,-0.6205850005988924,-0.10048689247093026,-0.3214030157703116,-0.7685403195694144,0.00415190672468135,-0.47841718032564234,-0.7768864135977207,-0.07334047189154352,-0.4216063772657843,-0.5345322092375177,-0.11816673502648475,-0.35124240911750537,-0.5208176589010503,-0.15064801287356863,-0.17676018893620968,-0.8049227062930087,-0.016304293733585884,-0.34361925309081337,-0.7994417996201816,-0.11023989560489578,-0.31279526991658335,-0.517427869622311,-0.11691197970298947,-0.22523468494443746,-0.5320024755009668,-0.10875771790756762,-0.035438742411223356,-0.7687228766445561,-0.05169063087939315,-0.17595635857635425,-0.7909923431341226,-0.1400211787780753,-0.19329229001719203,-0.5188650571870618,-0.07980977582493522,-0.11471095654403003,-0.5141331538312822,-0.02412112173255992,0.09032670415555694,-0.6971733860460543,-0.09511109593026214,-0.025192876369557624,-0.7040933777587021,-0.13284747467516625,-0.08809836935378601,-0.5178636896857237,-0.08535060276312614,-0.039858461184457517,-0.49546529475851603,-0.043149892734916234,A,left
0.0,0.0,0.0,-0.3219484348871707,-0.16647810683810346,-0.03806273743442799,-0.498488714326813,-0.43036707930788104,-0.06758651889617173,-0.6055452451131966,-0.6035056325925005,-0.10597665672351292,-0.6442253471270076,-0.6825023700134379,-0.12516370235977792,-0.21840576246180404,-0.9070040156451104,0.030267036535957626,-0.4610248507847715,-0.8857154236686411,-0.054445158043289345,-0.41709840765714923,-0.624460582478054,-0.11268768891188345,-0.3329263729663211,-0.5760077627485967,-0.15353718184140366,-0.08475978190361778,-0.9408679418553105,0.0023916301542811777,-0.3715029506712206,-0.8728018564655505,-0.09483184738617167,-0.341488705580214,-0.5816245877528364,-0.10955373291535286,-0.23546707356706303,-0.5687685213022567,-0.1040564787748358,0.03334825578898084,-0.8814103274078053,-0.042397315742771044,-0.23744229901758243,-0.8240532693923401,-0.13168742670763434,-0.24209607249623782,-0.5491092320855534,-0.08236755502480447,-0.14212774325538746,-0.5325187155647239,-0.03319816014284718,0.11959249823745728,-0.768681536759971,-0.09654024237363026,-0.11167816811593116,-0.6861287048963322,-0.14707144602689268,-0.14591361116420978,-0.5130885111823749,-0.11759772665993094,-0.062298564800596666,-0.5023507908178053,-0.08411235424367425,A,left
0.0,0.0,0.0,-0.3033266694134402,-0.21951769126865964,-0.021290813049877618,-0.4234478945966743,-0.4619890656257191,-0.06536317838369213,-0.5052793897986803,-0.6165954738475653,-0.1226918378746857,-0.5229022998304889,-0.7436060104187366,-0.16108887289195278,-0.06744079732007272,-0.9575994267313774,0.04006090127178223,-0.39907668319832834,-0.905233702533184,-0.07080572880909056,-0.3884353167458028,-0.6402122383008622,-0.1558094155981976,-0.2973321959839563,-0.5670709963492202,-0.21111736217552318,0.01706419341497134,-0.9748350853611326,-0.006434521050046622,-0.40294585457568605,-0.9061866034416255,-0.12829839446852093,-0.3869818859721113,-0.6029241870581296,-0.16061146297533885,-0.2578709314702373,-0.5558897311229238,-0.16364381291863173,0.06938980589504928,-0.9136359932639904,-0.06922308011631557,-0.33012303033698565,-0.8526750954435586,-0.17603845761792208,-0.3248287787521354,-0.5607037563047802,-0.13431115958427506,-0.20335279266971,-0.5128306683371224,-0.08900433175201605,0.09248685123523231,-0.8014450033141106,-0.14096611454507446,-0.2210421841602471,-0.6903554761916187,-0.21788038045715613,-0.2247567273403015,-0.4867143495975538,-0.1988028480612645,-0.11703794635710242,-0.4457940832381828,-0.16584774446140024,A,left
0.0,0.0,0.0,-0.30627721379028633,-0.2210514047678305,-0.009831925616354866,-0.41696656556058714,-0.44728338454024824,-0.05181039601909016,-0.4938538630905014,-0.6060713216550729,-0.10799924465856957,-0.5112655794022466,-0.7566433428607029,-0.14832488494303403,-0.07268723571398199,-0.9305839683381353,0.041227859774943906,-0.40623674862795334,-0.8881861404887686,-0.06850822095988605,-0.3994572757384039,-0.6332822601175546,-0.16068556891659513,-0.315361609385816,-0.5390285123374386,-0.2223355242618625,0.009730191406882752,-0.9592954767407821,-0.009283142401352567,-0.4176067031142473,-0.9000709964251192,-0.12440596009975542,-0.40327710263737127,-0.6040968411983599,-0.16736240729854787,-0.28478840846313525,-0.5294508424101453,-0.18192776851262937,0.05113732120374721,-0.905355934849376,-0.07374172424997588,-0.3622782475678167,-0.8440825365535732,-0.1720336762412414,-0.35093507550126923,-0.561895292021408,-0.144197044499599,-0.2361999437414634,-0.4953047661020286,-0.11391595898900701,0.056793064115480726,-0.8006576720634098,-0.14633237664861604,-0.26756643239269295,-0.6558022514744773,-0.22754501925021356,-0.2649881529706144,-0.4574268802368346,-0.2245951966236817,-0.1637269673854537,-0.4138022163805808,-0.20587010439711248,A,left
0.0,0.0,0.0,-0.3032736487905333,-0.21318122450077934,-0.01428534253182304,-0.4289535211417194,-0.4627410815561291,-0.053610476007944705,-0.5145734320006404,-0.6357706442779266,-0.10707338406623532,-0.5181612849890816,-0.7792971934533339,-0.14149965188050906,-0.08971661799716521,-0.9483757801979349,0.04962374165836908,-0.41409224037384473,-0.8986631903231288,-0.061623838895918236,-0.395759158847606,-0.6356008148395951,-0.14900185780632735,-0.30163065361193225,-0.5586594546287967,-0.20696834546277834,-0.0008165511008054591,-0.9783038112557882,5.365077292398353e-05,-0.4194789663450017,-0.9002413738191403,-0.11663132365859387,-0.3952216404311391,-0.5979973556338165,-0.14921785447061311,-0.264943816774206,-0.5480502514711275,-0.15417948365965808,0.053775305758776426,-0.9225081820293619,-0.06619418419816503,-0.34890107333358383,-0.848954912771626,-0.16820223950283564,-0.3370681850220515,-0.5561231743611971,-0.12906909458407914,-0.2158146588757442,-0.5076941348343484,-0.0887106394631558,0.07410093431726957,-0.8140064495573294,-0.14174699215939354,-0.2469137393765513,-0.6713783856254923,-0.22302085798083204,-0.24832234710030798,-0.4658681501162966,-0.21369265265622397,-0.14048826374207476,-0.42987090450800175,-0.18893294107751354,A,left
0.0,0.0,0.0,-0.3100749908660526,-0.1701800677495037,-0.044906931646502675,-0.47432966341640287,-0.42313777852891465,-0.08541521865954435,-0.5840461053500243,-0.5964891184461178,-0.13302753419469526,-0.5947409643443496,-0.6789068750060209,-0.15861988305410812,-0.1658752764098965,-0.9210553188001531,0.030656592671923572,-0.4493605594215543,-0.8908722612975876,-0.06649587721709208,-0.4106060552367588,-0.6220614752424962,-0.13547975213925254,-0.31636496619637766,-0.5719148686969701,-0.1813109186013981,-0.04445859325990984,-0.9470869503417536,0.006380316610079476,-0.37956581786351146,-0.8665370362433854,-0.09841830287442827,-0.3417320926582149,-0.5684139841737955,-0.11506844248862085,-0.22331829658155017,-0.5597497203419819,-0.10875055454204142,0.05254835296484358,-0.8828734412777706,-0.03623880654499434,-0.256547422840177,-0.8100165551741685,-0.12971517350584436,-0.247430220705717,-0.5326289247265048,-0.08186581341405266,-0.13587550637591478,-0.5122635982876217,-0.031905251863046165,0.11346022342220481,-0.7668809876557968,-0.08933133818526962,-0.14683766937371892,-0.6828008536519584,-0.14658496912882193,-0.1593161196116257,-0.5042177243146024,-0.1218870854109887,-0.06182842514180957,-0.48063031682588353,-0.0879410024090538,A,left
0.0,0.0,0.0,-0.33878120170931864,-0.13552509868240908,-0.0472941935319182,-0.549809757071338,-0.3845598773830235,-0.07629264231517321,-0.677379431762628,-0.5658975986391438,-0.11061012931329463,-0.7530187294178927,-0.6464914890508435,-0.12252162148243757,-0.29197589918856537,-0.8788777685772573,0.022659717275279292,-0.5176878765696987,-0.8519906495083637,-0.06679458925617368,-0.44879371051931904,-0.5909797674397734,-0.1314875795684793,-0.3602480256592683,-0.5544387051156048,-0.1778101929328132,-0.15308792238036656,-0.9252746407853552,0.0018071736314476791,-0.41072461068983157,-0.8479875840890573,-0.09274646055476564,-0.3562444264836725,-0.557164918739388,-0.1047827449443723,-0.2513885371856483,-0.5622826807934953,-0.10138353803113469,-0.0227665205146595,-0.8842913383669548,-0.037792917919321364,-0.26156545485328575,-0.8396211677550937,-0.12239235905305006,-0.2502963650662605,-0.5579911734753925,-0.06779350747984819,-0.1500431630030643,-0.5472680096211743,-0.019537361957131787,0.08752578334224884,-0.7889411148270079,-0.08862266613474865,-0.11064522351546528,-0.7090210383550575,-0.13781034982155535,-0.14052799638303562,-0.5225823149923173,-0.10799340912032997,-0.06219797989723338,-0.5156826609416486,-0.07655460323006132,A,left
0.0,0.0,0.0,-0.3226992158189072,-0.1078063818101468,-0.05379954757291594,-0.5509684039790034,-0.3230931379885771,-0.07615727380722744,-0.6992262547808337,-0.49548960813720816,-0.1027882474725643,-0.8077026559956422,-0.5796712112538481,-0.10769264757206987,-0.3467679943728711,-0.7301130523160931,0.009910857013607983,-0.5018891685551874,-0.7412601955497816,-0.06983518516799309,-0.41942084215395486,-0.5024930318131571,-0.11806157679156985,-0.34525904803458835,-0.4949891661971683,-0.15324237929565385,-0.20439410475461153,-0.7789683617446503,-0.005524088395918474,-0.36671256524527174,-0.7725039013093467,-0.09563683082162613,-0.3149676558195569,-0.4989090435016068,-0.10339900897431095,-0.2320390836180468,-0.5258070441011272,-0.0973537398444548,-0.06527836348995468,-0.7485133377440034,-0.038346840363285235,-0.2019199486102881,-0.7773679691884084,-0.12069424599433587,-0.20157308942092314,-0.5131233196830695,-0.05998907792676513,-0.12571342710639133,-0.5185623598446469,-0.00633211978096961,0.05557233560870023,-0.6742757571527935,-0.08053558075823293,-0.050001653089401424,-0.6858403540463044,-0.1141390092767358,-0.09401625864513355,-0.5102183949076274,-0.06704096726081285,-0.039812936563168796,-0.5067710734712687,-0.02641592212602068,A,left
0.0,0.0,0.0,-0.25983237814253635,-0.058099547696160804,-0.10144866488208415,-0.5055201790284866,-0.2941967327298159,-0.1401552779572244,-0.6685407395282885,-0.4804540420061312,-0.17342489799402286,-0.8081285796348571,-0.5605415891071461,-0.18089036917034604,-0.3672791140798273,-0.6432149860883524,-0.041816229958412096,-0.4261950102895391,-0.7783209049483878,-0.14419376444801277,-0.3633619205072619,-0.5130588896992674,-0.17919630608211268,-0.3221546304465493,-0.4816503403861263,-0.19828644816436558,-0.198990187281652,-0.7000962475650248,-0.03952486970896154,-0.2660232742302682,-0.8202004632071354,-0.1661974052023246,-0.24036986200399202,-0.49654050529098515,-0.17136905499034485,-0.20668984893752376,-0.5051898817014072,-0.14928037126955646,-0.04201788175810539,-0.6947687139894695,-0.05961254759804458,-0.09400057241879171,-0.8132001747587103,-0.18420879389561898,-0.10281657667468301,-0.5149839050579603,-0.12240077719051919,-0.07109532030605736,-0.5200417477876578,-0.05452446159457134,0.09858179874405454,-0.6702736211477001,-0.08936448810863458,0.05075704850944012,-0.7151394478327568,-0.1466682259322256,0.01659706089577823,-0.5203678074583983,-0.09910964848915,0.041659679863814636,-0.5228381212365248,-0.05256465547711654,A,left
0.0,0.0,0.0,-0.23994518580031907,-0.06368304737028112,-0.12810355069525572,-0.47995613232956635,-0.29311105946900234,-0.17346483418424688,-0.6565980892392576,-0.48227905746659844,-0.20532544188613475,-0.7975891665355214,-0.5670050912486321,-0.2058075506955534,-0.35383018216217776,-0.6451781391434721,-0.05784487727742518,-0.3867496455874165,-0.7689583378279435,-0.15089552673159964,-0.33118101042676223,-0.5116306848320828,-0.17439609696440841,-0.3157854034879713,-0.4988448032195681,-0.18695881660157398,-0.1898071356823773,-0.6876507820741065,-0.038385305699109355,-0.2263532697946108,-0.8076163743983665,-0.15443031485991357,-0.20883395623507647,-0.49250965440158734,-0.15380101708035285,-0.204700637485909,-0.5268056246816164,-0.13139116822422472,-0.03806287590764872,-0.6675877273398593,-0.04239289336037985,-0.05192520777602775,-0.8030128254765461,-0.1626332117423126,-0.07124098827011015,-0.5183128834765702,-0.10184569379497023,-0.0663465430774023,-0.5297176408331695,-0.03670166021332446,0.09128810552305426,-0.6257938423746288,-0.058088016960062015,0.08969703846436572,-0.7123361532315218,-0.11737783058235414,0.04587730599256123,-0.5171203279246709,-0.07243631167831502,0.040786695726244236,-0.4974857978045265,-0.027418242593928128,A,left
0.0,0.0,0.0,-0.22647623833411965,-0.07201167400594229,-0.14178973044833795,-0.45202866225246224,-0.27189294664154134,-0.2056824225958245,-0.647605368065885,-0.45809230927355216,-0.25402696708346933,-0.8041798399829766,-0.5297242128089218,-0.2696053473670767,-0.34344174628219976,-0.6464121107638933,-0.06506893126381036,-0.3517975563302604,-0.76546255931183,-0.15681149374060144,-0.3078368139299218,-0.5274418646384816,-0.1761323074758234,-0.30941571628814674,-0.530797327670025,-0.18473228894556465,-0.18036532594070495,-0.6712628976515175,-0.036712250310232,-0.1955231897708802,-0.805408201516355,-0.14828024313205723,-0.18293538552593847,-0.4924957455756559,-0.14280207558643346,-0.2005028324550083,-0.5472759702958004,-0.11770572027200196,-0.033533567776600416,-0.6499514053418408,-0.0325493675688933,-0.030072577127031614,-0.7898533733063564,-0.15035802855822056,-0.05194838786657068,-0.51842817263772,-0.09050543941624957,-0.0639296769626975,-0.5385000557317169,-0.026407741244013332,0.08558927429341026,-0.6116657276135287,-0.040367270195871344,0.09590518999603932,-0.7172277334575906,-0.09446086241870595,0.05354111699348465,-0.5242742450655012,-0.04807066541706287,0.03996280029313122,-0.49858367899356226,-0.002841035461630216,A,left
0.0,0.0,0.0,-0.22397978085294512,-0.061532228288302786,-0.150040401296844,-0.44025867429064947,-0.2759367641256427,-0.21852680573509467,-0.6184212552057607,-0.48109028094643036,-0.26981656546461846,-0.7782083760325427,-0.5580868917398825,-0.28797698647792896,-0.3306062446250997,-0.6465295910873813,-0.08434359726545265,-0.3217065600852916,-0.7880760053432461,-0.17767092336582574,-0.28523769716461056,-0.5270068786357986,-0.1921273079657133,-0.2942826774075996,-0.5062977228528924,-0.19683557721805206,-0.16700055765242686,-0.6752129422444734,-0.05447647339140259,-0.16376561264794115,-0.8199706353735061,-0.16966700189639383,-0.15813967122486994,-0.4862555216798497,-0.1600836350948137,-0.18508090825477905,-0.5263125286860463,-0.1312728185130221,-0.018895182675176675,-0.6577929484214353,-0.04871435310437394,-0.0006850269283241899,-0.8068233464132364,-0.17135342889943062,-0.02615050138169904,-0.5193909741466534,-0.10641557259895666,-0.049528766483948765,-0.5220927140409956,-0.038771126640109045,0.10260157199050272,-0.6214936927751981,-0.055490535742814553,0.12218794913125608,-0.725871228632223,-0.1172644678438652,0.07878971467629235,-0.5208231336691235,-0.06991291820782024,0.05378996100103071,-0.4867028115617548,-0.022883611187663803,A,left
0.0,0.0,0.0,-0.23831667459611047,-0.08437496928033952,-0.12901916805227281,-0.4292266011893833,-0.36090993432894525,-0.16797489348026298,-0.5483069527760815,-0.5975579932224132,-0.1935381396599224,-0.6767104265254119,-0.7108593947072581,-0.19168181861675251,-0.32020772933962954,-0.6514508546168737,-0.041371710303470775,-0.33833488127367356,-0.7772619997645774,-0.12651414689156387,-0.29548799959194044,-0.534442277008494,-0.15172341975702924,-0.2728166481091628,-0.5277131545698747,-0.16745453033972832,-0.15467839176769707,-0.6884923963890711,-0.01831428603066369,-0.1721522044788278,-0.8016749741092457,-0.12542177248424535,-0.16875342006565033,-0.49666683398834754,-0.1292098587833131,-0.16310070933405618,-0.5302020128437545,-0.1112273981958761,-0.006764842679624765,-0.6657992506851731,-0.019340187628377144,-0.0033046445187536423,-0.7818554974237046,-0.12978637859903475,-0.03326605852112574,-0.5121798630996447,-0.0761711062996981,-0.03110292985236045,-0.5281952733782997,-0.018805952866472464,0.11674015357509285,-0.6249081392361149,-0.03284875113215394,0.12757807855073558,-0.6816968468355995,-0.08695256996846885,0.08349554112459029,-0.5036322809844184,-0.0488339550033018,0.0796704812427274,-0.5006720965675246,-0.010973532798687232,A,left
0.0,0.0,0.0,-0.256314163150251,-0.10066520039345782,-0.12325519877432661,-0.41736245356724694,-0.40652398944116624,-0.16137286370401577,-0.5032581869666664,-0.6362468706215598,-0.18061717052897067,-0.6187119252392935,-0.7667644076608398,-0.17107862727765924,-0.2906586934656446,-0.6851332842563355,-0.06953373229647698,-0.3318227989321595,-0.7671280881066574,-0.13710675439378522,-0.2748750021260091,-0.5094261513153435,-0.15059592985504874,-0.2467061712036116,-0.5313756731983269,-0.1665099166826064,-0.11544193566189928,-0.713323786639109,-0.03856092697056441,-0.1747929307202072,-0.7754498622096269,-0.12763155848818827,-0.1625500892803448,-0.4765497457479454,-0.12786326807549311,-0.14652761178807402,-0.5265966160747937,-0.11870737613300542,0.031112081967125206,-0.6693468589786218,-0.024683053029514564,-0.009852846108180026,-0.740241674187187,-0.09876867404171796,-0.03758738096464244,-0.4748437017057297,-0.03564470273747875,-0.025921467140697554,-0.5026521195717202,0.011214627091347695,0.1346151100857585,-0.6195116354678764,-0.023883284454692233,0.12981831570542526,-0.6102806602503629,-0.05239266153895603,0.08338271085421785,-0.44729794193949646,-0.016021158900606496,0.08288540084965093,-0.4769925103537813,0.009661298079572061,A,left
0.0,0.0,0.0,-0.23597429233022432,-0.09512616267814539,-0.12062081976597604,-0.3898876882232077,-0.3953035068096357,-0.15526993122737734,-0.4564291468695062,-0.6577112090703552,-0.17323789636905407,-0.5383508978829645,-0.8266981342609265,-0.1635497036319812,-0.2845035534005406,-0.6594477466389008,-0.06319612892235321,-0.2850033246385851,-0.7850738894781764,-0.13549783211243818,-0.2412240341205247,-0.5235342885180709,-0.1493680918112974,-0.2305081616526741,-0.5087898311134152,-0.16147362644182442,-0.11099785210040655,-0.6854333052655988,-0.03819462053329952,-0.134403760419847,-0.8098499816107676,-0.13293123715638905,-0.13205818527421523,-0.501121223328365,-0.13384681170010748,-0.1314334042331961,-0.519658448678148,-0.12051344599227955,0.04191513040146179,-0.6486528218840674,-0.03148596208738324,0.03269522197456735,-0.7867161672435145,-0.12143322437583542,0.000940454241242401,-0.5108506840389815,-0.060532519056908214,-0.004000849642897577,-0.508046873602703,-0.007501823239745064,0.15774629292277406,-0.5996909170261785,-0.03626833235344604,0.16412353470453403,-0.6470539558831062,-0.0785938186545773,0.11959525726404238,-0.4792380094418351,-0.03850637461590541,0.11198868542623468,-0.48534493259819167,-0.004379305270392553,A,left
0.0,0.0,0.0,-0.22070629699958697,-0.08571181497093246,-0.11850261475317293,-0.39665117903739505,-0.3648528834083536,-0.16325628963796485,-0.4784312094215426,-0.6221307387568075,-0.19868889609450643,-0.5321717419695333,-0.81929676526498,-0.21341519972919645,-0.26367655168780085,-0.638358268281783,-0.05734557446817908,-0.27626605305405144,-0.8121057363547013,-0.16725379943316668,-0.23890690914877488,-0.5767238694381269,-0.21453326126717356,-0.22090930167943446,-0.404045840908855,-0.22823213294628397,-0.09444618207311907,-0.6551757539791764,-0.047449493364512214,-0.10929679815060082,-0.8003998777798914,-0.17481230311466858,-0.09946028597089282,-0.49262652806789353,-0.19942986666640164,-0.10846481404660412,-0.34013790134536637,-0.184028230406937,0.05593895874391823,-0.6242875587666314,-0.059796971162248753,0.058320005380863994,-0.7745133255520003,-0.19900282733428437,0.03381312405743154,-0.47937865767288035,-0.1627716753025105,-0.0036694422254139047,-0.32252124179140684,-0.10054310556582247,0.18808872251129855,-0.5597407967047644,-0.08023642457677245,0.19689694757472265,-0.6703483991447381,-0.1764971093202323,0.15642222634427635,-0.4618673399558844,-0.14421299514984673,0.10976982418589884,-0.3457092907862015,-0.09414649477145838,A,left
0.0,0.0,0.0,-0.2291704602068253,-0.09779069129967781,-0.12019262415615711,-0.38951877874654306,-0.38534016708973573,-0.16102013533828505,-0.43732528328780335,-0.6580177288040868,-0.1899310220412038,-0.46463059684638436,-0.8630661441636908,-0.19807887134318972,-0.2616558469974545,-0.6319727154855906,-0.064305867422395,-0.2569405833837356,-0.778698695400386,-0.17025778822994062,-0.23172241007110342,-0.5354898984913553,-0.21028655182304962,-0.21940815199757172,-0.3668709799362177,-0.22001010298122597,-0.09122835772357857,-0.6537100071837797,-0.052877835297403426,-0.09638615639323378,-0.7850805637719128,-0.1806025521837424,-0.09779110379157398,-0.47952031682227564,-0.20165890569717368,-0.10653840694166263,-0.3228979688319728,-0.1834521321382664,0.06105196307038597,-0.632330689702813,-0.06284348052751375,0.06699322134815847,-0.7702568424994081,-0.2012176940527375,0.03721900629372737,-0.4689606617777339,-0.16029913387811218,-8.208588733696322e-05,-0.3021768509199878,-0.09482768966430165,0.19224817308373976,-0.573783033682698,-0.08163271842455044,0.20532732863006128,-0.675640482586673,-0.1790762806064425,0.16184160795248673,-0.4603316750531954,-0.14544676160598624,0.11146479765756892,-0.3338604909617697,-0.09396534098104269,A,left
0.0,0.0,0.0,-0.22774780334251063,-0.0780345059794976,-0.12410681722432006,-0.3889002415096466,-0.37913532585897736,-0.1622485367098742,-0.4333131290959566,-0.6562335321090159,-0.1856641999327381,-0.4801750013722178,-0.8566190213767001,-0.1887745223085343,-0.2676237487200662,-0.6215777191677694,-0.08286620448092318,-0.25309320622758685,-0.7599169901645152,-0.187270089017772,-0.21801636537664473,-0.5199151268961517,-0.22554408285876093,-0.20192116726121867,-0.34348595523350656,-0.2340722503317796,-0.09533203707623106,-0.6475672436176869,-0.06799483392956265,-0.09418506841276543,-0.7767897433053939,-0.19344365364440166,-0.08930823565666966,-0.47663557144181923,-0.21404582769063699,-0.09782015861155313,-0.3017613734647642,-0.19695872532042957,0.0578479393216914,-0.6270225816430027,-0.07315864749082586,0.06747478509104342,-0.7653198521227652,-0.21100622777627107,0.0395179864259925,-0.4665935614713115,-0.17442819231079507,-0.00045709653548172633,-0.28577069936319455,-0.1128991224508792,0.18975574479003854,-0.5705751141051411,-0.0869437660351716,0.2051452524009545,-0.6654384635941255,-0.1901019193292521,0.16122062082457655,-0.45294380254764965,-0.1625718929627862,0.10710200013425575,-0.3187074229623914,-0.11508459821548685,A,left
0.0,0.0,0.0,-0.2234968035631492,-0.07995677646076409,-0.12495103311095188,-0.38075786427554964,-0.3780343547826322,-0.16751224913590687,-0.4270720230686757,-0.6524659835535336,-0.19440642101787606,-0.47133489805984585,-0.8586397475196834,-0.2014477546418648,-0.2547903725804298,-0.6167380766300836,-0.10053695447214674,-0.23533671425720332,-0.7527920268740603,-0.20359089993508211,-0.19468142375085012,-0.5078149334695654,-0.23958734305062312,-0.17292648475272218,-0.3342761501223628,-0.2473081677744276,-0.08560569030230211,-0.6384654905850118,-0.08504658502999059,-0.07033824364630335,-0.7744438137685464,-0.2110019510082639,-0.06406186571318212,-0.47234283574614433,-0.23053290660086453,-0.07570856663797959,-0.2901434846195334,-0.21273141895319728,0.06444080271567998,-0.6143119979437812,-0.08751894520579939,0.08633924606524754,-0.7431251916172854,-0.225073177325057,0.05316502179050665,-0.44309293437808966,-0.1911852059653045,0.005838783192930644,-0.261451900693276,-0.13181887378212648,0.19519892128634878,-0.5569623010782643,-0.09784471129043683,0.22087364022286782,-0.650612118447343,-0.1995180119438923,0.17201000770754135,-0.440577866959889,-0.17341877600312045,0.10958601568146033,-0.3054057870320215,-0.1278264648083263,A,left
0.0,0.0,0.0,-0.21478890030163825,-0.08790210216641396,-0.13221234175490254,-0.3743297588097503,-0.3689735452032862,-0.18102879958988272,-0.42827810144631984,-0.6352855287563299,-0.2127053146205613,-0.4668150848198027,-0.8554549887986945,-0.2242330009702087,-0.25419439998053883,-0.6680815014644568,-0.092467958302546,-0.2332350692692858,-0.7641322547684378,-0.20032754775532238,-0.18755749285424073,-0.5280965471649292,-0.25068360226430686,-0.1625946325698877,-0.3534089334318962,-0.2692568356287322,-0.08152777166636814,-0.6949009466926277,-0.07274831833245128,-0.060490789600573476,-0.7864611196007155,-0.19892617145343378,-0.05804144035624477,-0.4870469786668102,-0.22933987492400174,-0.07736163554390624,-0.3011526471265514,-0.22124379221580873,0.07259350921742362,-0.6645290801317261,-0.07223854712054553,0.10874469957075707,-0.7520988575654607,-0.21169643964768314,0.06614473080155489,-0.4600639017888874,-0.1881320245187911,0.007758856714273994,-0.27843539738401685,-0.13651109223172242,0.20337363863382413,-0.5938436030839429,-0.08045675292129272,0.2324703443783544,-0.649387770752627,-0.18524157778008907,0.17344045097106325,-0.4414828039824076,-0.16609283063265318,0.1024063757219096,-0.3100189326058848,-0.12510957331601158,A,left
0.0,0.0,0.0,-0.20796835447586817,-0.09238177272572964,-0.1426508368135356,-0.36453692841304786,-0.36414963617042817,-0.19828997250175998,-0.4199016719388539,-0.6275333865592235,-0.23476811324107666,-0.4714535299533645,-0.8456190139474712,-0.2503199000179945,-0.2427755680124815,-0.684053209045971,-0.09969837953950032,-0.20636600651463521,-0.7562533743087785,-0.21160529396276107,-0.16840041812216316,-0.5174941435572881,-0.26504460008774894,-0.14932010905713458,-0.3468457700884004,-0.2865850691260694,-0.07389028262167674,-0.7148330163913911,-0.07728102864741383,-0.03957383176218228,-0.7899507471209292,-0.2049585216907747,-0.040878160809165794,-0.48890243511537923,-0.2369666494238819,-0.06316340642557773,-0.31553008214384143,-0.2319886236550346,0.07715513577350265,-0.6834560883873436,-0.07535797497680904,0.13373902570951848,-0.7657834825839896,-0.21898568364679263,0.08771297015510006,-0.47450025299153104,-0.19619155298791713,0.025361205068047444,-0.29940680168800365,-0.1456996051975004,0.20203829543447682,-0.6068692579596049,-0.08278556552692722,0.24412585718269605,-0.6687960723784584,-0.1913761021314152,0.18747940372814584,-0.4636027708929671,-0.1724262139396391,0.11483401481084493,-0.33381066100175816,-0.1315274793580322,A,left
0.0,0.0,0.0,-0.2019776158444409,-0.08222168016006774,-0.1651825179101212,-0.3417847618873772,-0.3440683954778299,-0.2310746130097639,-0.38793815650421287,-0.6189050397871994,-0.2725126959009268,-0.44678144316859403,-0.846217754590707,-0.2903478153106209,-0.23561882908273468,-0.7089192698462696,-0.11565384355888876,-0.13414683809556363,-0.7502953599783001,-0.2234689282250454,-0.12115999872923848,-0.5060660885260515,-0.268631239709723,-0.13024521351710172,-0.33877037470242494,-0.2845809152910158,-0.07105463008489932,-0.7390808212182401,-0.07995117082594881,0.02422311993392581,-0.7767049619521414,-0.2029282554242222,-0.0006942502439444072,-0.4728231508727335,-0.23023027277468489,-0.04318918523507595,-0.3062425136560641,-0.22201709041887355,0.06966189566606837,-0.7032023759840081,-0.06595371646023092,0.1707833858295701,-0.7524241690129497,-0.20921392641480507,0.11295177979922756,-0.46260175499501965,-0.18983412309844783,0.04307017744643211,-0.29896009522030603,-0.14068708183674808,0.18719776393940388,-0.6218893889485757,-0.06267339979179642,0.2635170010744351,-0.6706599250404818,-0.17310247194054806,0.2043943893984389,-0.4647473853228719,-0.1595561386255686,0.12064368801542982,-0.3382075479635358,-0.12113641938152658,A,left
0.0,0.0,0.0,-0.2111799054210856,-0.09646997788650533,-0.14951232805086198,-0.3588177240797123,-0.3553725141146617,-0.21106517011742434,-0.41053276334127586,-0.6196258910023745,-0.25084375918384727,-0.47512985243481515,-0.8376859691908376,-0.269321072970679,-0.2536200099867576,-0.690980642340062,-0.1193798415695683,-0.1732828235202566,-0.7425502288196317,-0.22237697035153658,-0.14391058400394888,-0.501234499473282,-0.26541052796061165,-0.14237510359849356,-0.3241905687326778,-0.28058518120161496,-0.08207362511870323,-0.7330076723906077,-0.08891934625592506,-0.014325533487645405,-0.7660783406486035,-0.2089158704326527,-0.02206931435789836,-0.46792359217809876,-0.23711583453337626,-0.05512848302217088,-0.29134653355691986,-0.23166646455779802,0.0672482578048715,-0.7058258208351594,-0.07653469654898887,0.1484541759556098,-0.7498779179546232,-0.21483895820164245,0.09673606254522911,-0.4618098502537676,-0.195883770827628,0.025537409653031716,-0.2852251062605459,-0.14932033607149828,0.18812959601844434,-0.6329409973167874,-0.07342666093405732,0.25578216132144516,-0.6665948999198035,-0.18109226184729563,0.19349660442363137,-0.45971948598682727,-0.16767485469169172,0.1053868311738876,-0.3268577344035953,-0.13076057532125265,A,left
0.0,0.0,0.0,-0.21738038928616177,-0.073901642047948,-0.14331799587115718,-0.385785014143605,-0.3450354151208172,-0.20331042196271598,-0.4428633706868387,-0.6132774557652585,-0.24252150415505389,-0.49750618864848084,-0.8272209225244762,-0.2611381580585591,-0.264534900606625,-0.6426134616240627,-0.1371555924888441,-0.23719344398731537,-0.732359900045459,-0.2586802236524189,-0.2096445251295911,-0.47945057509939787,-0.3106155830867038,-0.19443696774821714,-0.31432419409588386,-0.3314186330308182,-0.08357569897856958,-0.6784399124577837,-0.11792344966664679,-0.06097217737283221,-0.7714749854564252,-0.25965020060921695,-0.07353743839001814,-0.4589099936521571,-0.2876425156997497,-0.09089358601643284,-0.28634438309612137,-0.27842931963575906,0.07289344836302096,-0.6497765444959104,-0.11727523290474133,0.11640404455533758,-0.7168565886298086,-0.27141690225199605,0.056631672849940945,-0.41696317196659993,-0.2453291568463654,-0.009042160061834193,-0.25345334095154726,-0.19290167631852378,0.199916577328889,-0.5791334215389863,-0.12559498820133208,0.23938758904192306,-0.6031512556087543,-0.24185350392559163,0.16966524854383677,-0.3814930583675074,-0.2254226883685063,0.08559067743678754,-0.2572646817457829,-0.18776735282183465,A,left
0.0,0.0,0.0,-0.2253167725118931,-0.1044999412304306,-0.09531457745664543,-0.37891839433572605,-0.40315858543681826,-0.12624067519175663,-0.4278041580639055,-0.6637683309921013,-0.15026848733533185,-0.49162198221417636,-0.8563881187554044,-0.15782020358111065,-0.22173652933658947,-0.6801351398759115,-0.03828972270016803,-0.261566383856648,-0.7552755226269637,-0.13748532518360562,-0.2380149651671558,-0.513762716185502,-0.1903513694318234,-0.21416457088469604,-0.34588180030313304,-0.21157542703819182,-0.06619070034139135,-0.6983829214287995,-0.03791615621973483,-0.11488126710264228,-0.7575499345175443,-0.14550520962124833,-0.1157358584121195,-0.4647185974997531,-0.17005727400415996,-0.0998234542142457,-0.2968590583424256,-0.16106822677331592,0.07720508777474595,-0.6575098468998062,-0.057407781033090105,0.05139776776663654,-0.7306104840435539,-0.17442576898748546,0.010314926659233843,-0.44233650955463577,-0.13978053161188353,-0.010064974226207592,-0.2717119089266569,-0.08549345762423265,0.208696309080664,-0.5769751252095299,-0.08536833212891337,0.19836884300171312,-0.6191503886203763,-0.17164981016398478,0.12814307681842452,-0.41900721772870253,-0.14343499620960753,0.07517322408840642,-0.29514259091773076,-0.09920184981650876,A,left
0.0,0.0,0.0,-0.22684986730918466,-0.08690536715497746,-0.10505287762880997,-0.3796925331921487,-0.4030837322057284,-0.13589744135227713,-0.418607420538154,-0.6719578692093788,-0.15650412449231618,-0.4687846746796896,-0.8685275742282687,-0.1609371976598846,-0.22082507614326302,-0.6714931687777358,-0.06348271268523077,-0.2610557438343867,-0.7738476190609083,-0.16170699563878962,-0.23157722462379093,-0.5238646228804045,-0.2120338811130904,-0.19774507082203802,-0.3449251146161156,-0.2304647049232083,-0.05399709865666494,-0.6867396857132768,-0.054211430336128144,-0.09915049059798695,-0.7709266946836013,-0.1698727529612919,-0.09836019795986527,-0.46835132585138073,-0.19508777344031647,-0.0832711357432918,-0.27695245818796504,-0.18180182031050365,0.09293172590106584,-0.6458594011893627,-0.06283297973539094,0.07054099138499664,-0.7304553453783627,-0.18807912251494652,0.03028680999137229,-0.43709488043910993,-0.1577974942469031,0.008852183259948113,-0.24517400858017913,-0.1016525494984814,0.22079250531091021,-0.5716308226084874,-0.07915464620314444,0.20581270923780906,-0.6219513651889655,-0.17414940194870607,0.14354528985566967,-0.41390311245785083,-0.1498672077859246,0.10448246938874654,-0.27493800155669057,-0.10443286338629738,A,left
0.0,0.0,0.0,-0.22305442083957577,-0.11293797535200777,-0.09672994116555571,-0.3720897757415683,-0.42386973752990903,-0.1270402016039783,-0.4150900631961183,-0.679472990097265,-0.15098567394035775,-0.45929163167314063,-0.8739576283264627,-0.15890016036810228,-0.20293742168781442,-0.707165546906744,-0.03744062332471233,-0.2560644280000605,-0.7932168363898555,-0.14323243804524977,-0.2246546565109386,-0.539657653814163,-0.20734657958873712,-0.1881707010306662,-0.35953148392132084,-0.23335020475413323,-0.04084769918086188,-0.7189373538413132,-0.03232699580096536,-0.0955011051072541,-0.7833854617610263,-0.15023583442428773,-0.096647363543514,-0.47907729560802687,-0.18232443139291357,-0.0802123515285875,-0.2937742038128109,-0.17284891765801505,0.10044823000437582,-0.6662331598404629,-0.04638863732514122,0.0669285141091755,-0.7312095991045958,-0.17163469896598976,0.025094770920490034,-0.4394665957786455,-0.14181533379127845,0.009357984072921847,-0.2546852642459478,-0.08431647898966606,0.21931381201772762,-0.5786606512642066,-0.06829349562268297,0.19785085897806107,-0.6194378408276525,-0.15741403248826533,0.13187970514990266,-0.4185751360031085,-0.12920943570962018,0.09813411853905112,-0.2889159112179093,-0.08038392504824937,A,left
0.0,0.0,0.0,-0.21881789272249796,-0.13705661341939257,-0.07315680566316009,-0.35563664733110767,-0.44325933876674717,-0.09648193028709115,-0.3937184291709327,-0.6973812979196244,-0.11712619015952713,-0.42821946428074575,-0.8951765591190901,-0.12364068268501739,-0.1798881349944827,-0.7315905190251545,-0.019662268536880703,-0.27873828339550893,-0.7983273124713905,-0.11324033739504258,-0.25286828797673844,-0.5587653576957228,-0.1708496043074299,-0.21871698456885913,-0.37329861394711283,-0.19397716688795716,-0.030040883862801397,-0.7420935976633168,-0.0223039849008383,-0.1447838221979876,-0.7849569821142467,-0.12119546479849516,-0.13464008297730182,-0.49470067620927966,-0.1466964452331478,-0.1056850880943523,-0.3084331266561331,-0.13867835879542847,0.1076420223358729,-0.6891687095230422,-0.041624337532558155,0.010690401950807655,-0.7389831947478721,-0.14871954786589256,-0.015555054306434996,-0.45524363402486445,-0.11545108224059542,-0.01360919336418406,-0.2657142921853755,-0.06245525577687445,0.2283647594001969,-0.596920961530679,-0.06790832642861973,0.15124357245723538,-0.6217241748389256,-0.15227972214284954,0.08404916406250436,-0.4167932307372927,-0.12578154768425998,0.056934345250834933,-0.2746505532577581,-0.08057192652925031,A,left
0.0,0.0,0.0,-0.22362285507910087,-0.12048530940228429,-0.0660711522270526,-0.3638979463745596,-0.44336560453309315,-0.08688904772465626,-0.38997357771936275,-0.7100957172707777,-0.10374395725578602,-0.3955245169659813,-0.912442621047839,-0.10492292301578755,-0.17372815160155713,-0.7770248570462784,-0.02299578008335973,-0.3013307251675496,-0.8004832861593658,-0.11571087092834462,-0.2824903773218645,-0.5548662875598809,-0.1732158062986487,-0.24854979895299548,-0.3734892454953786,-0.19760621349691726,-0.030977208793560387,-0.787852719506796,-0.025140051689099614,-0.18520486495372218,-0.7674837686528139,-0.11850345590981938,-0.16556494888329049,-0.47810103943606946,-0.13728187056890892,-0.12520313091611038,-0.29769681957018157,-0.1281617547038551,0.1009227104722221,-0.7289285150579686,-0.04353698793450055,-0.05505042838403545,-0.7148738824852006,-0.13823766256039338,-0.057600304530231246,-0.432703502755306,-0.10084223703028745,-0.0328527455047711,-0.24959346681326997,-0.05130460732481927,0.21988415694052713,-0.6278038830965436,-0.07015235621468624,0.07654896449326223,-0.5857314943578839,-0.14772235258457952,0.02068068879549414,-0.37296477188313626,-0.128652437546784,0.010609591972470045,-0.2352186095791036,-0.09205277682849901,A,left
0.0,0.0,0.0,-0.21139411299285651,-0.10467351130687276,-0.06082345807252895,-0.33497632658666615,-0.44743507751027356,-0.07323278304755083,-0.34466934327173243,-0.7291331380249472,-0.08447857631342617,-0.371167556222327,-0.924999500087256,-0.0813054121585534,-0.15754669164350651,-0.8152447425675514,-0.0008348633940668717,-0.29787328210787795,-0.8501994698660174,-0.10224157390687665,-0.2898144742341366,-0.5865531949280853,-0.1667018829738465,-0.2548972978536979,-0.40624963528716107,-0.19282354531617263,-0.014122001666459797,-0.8184776326179949,-0.005895879693730142,-0.18686866221754406,-0.7909036543026168,-0.10483034074179338,-0.17228319533777817,-0.48234267275314907,-0.12299366325690668,-0.12747483340217697,-0.30902411945683217,-0.10958796320486784,0.11711375553521877,-0.74798262769154,-0.030261263915903645,-0.05804199576638644,-0.7331524549877995,-0.13651406916393363,-0.06598029554344767,-0.4249324369642225,-0.09780042653424412,-0.035580536258805785,-0.24155392726721975,-0.04173658977179048,0.23475167665836771,-0.6371805804239711,-0.06243771981834476,0.06365803013270761,-0.6064119770982312,-0.14506623123446633,0.005342228068629673,-0.3801383574697093,-0.12565689963230892,0.0038119835263912484,-0.24276543533251063,-0.08596753567439455,A,left
0.0,0.0,0.0,-0.2101137199864396,-0.13103129157921645,-0.05415221693772879,-0.3131713209821467,-0.46987944337800647,-0.0661961671279345,-0.31557112932794446,-0.7477311033614138,-0.07821100893818159,-0.33833286770249,-0.938147248400903,-0.07355685522113968,-0.131060696868409,-0.8368720649449822,0.0027945959451547444,-0.29132938486422444,-0.8770712600777237,-0.09526068720349595,-0.2924728837993675,-0.6092597925483638,-0.15119117836928372,-0.25650919284714774,-0.4319036849894233,-0.17098687618052832,0.005175511298430763,-0.8377786378281447,-0.005068880687698771,-0.1958977960665072,-0.8000922419172597,-0.1016803609424037,-0.18755174515115283,-0.4959487055183111,-0.11347361826387106,-0.13826360964971462,-0.3445201855366127,-0.09635886050115669,0.1249305660077466,-0.7648372244479312,-0.031757003616598646,-0.07137283062236703,-0.7387543119995557,-0.13845299049830692,-0.07893870930462575,-0.431969050121023,-0.09874396620235819,-0.04080810711303492,-0.2632469728842732,-0.04199812093842734,0.22703835812248055,-0.6495520142299415,-0.06594933407923716,0.048516742761639337,-0.6179663438905263,-0.14689516483855747,-0.01405927611145283,-0.3953647568257196,-0.12818734246040467,-0.016188784304039174,-0.2638330341285887,-0.08919688361068501,A,left
0.0,0.0,0.0,-0.21480179235543526,-0.17393856320219475,-0.0451761980907698,-0.30731337242865264,-0.49521891373619187,-0.061457452735735725,-0.3103934659392837,-0.7540609971039479,-0.08006395878361718,-0.3059819454637895,-0.9486370678129838,-0.0803913093647503,-0.10037260870695774,-0.862898918658128,0.013646926632289034,-0.2836982833765837,-0.8945091918742238,-0.08494897906072478,-0.2862144861637543,-0.6311917914877571,-0.14524872856459578,-0.24820654936228626,-0.46283412231788096,-0.16882146138658652,0.024517949478143123,-0.8581649993998879,-0.0005780946687804879,-0.20318033356607257,-0.8137752807264834,-0.09442407671886494,-0.19017153219435398,-0.5231173308673811,-0.1083031585299916,-0.1382030299039099,-0.38448129953111904,-0.0942365376555863,0.12920672844898648,-0.7840616137150843,-0.0329615048649618,-0.09439413245979836,-0.7396227815920172,-0.13258117427326663,-0.09136510015613813,-0.4490081618416472,-0.09698923563683864,-0.045614798089242195,-0.29309264649430067,-0.045405093285662626,0.21346443222215644,-0.660535324679612,-0.07301754218714289,0.01823010943945404,-0.6232366711932842,-0.1465918270905594,-0.03910910888700982,-0.42102961697135,-0.1291464091395684,-0.038563497116748995,-0.3006328045856447,-0.09183708793629133,A,left
0.0,0.0,0.0,-0.2202505768388283,-0.12686709349890976,-0.05710832746284341,-0.34283719733028417,-0.4564124809426365,-0.07235907437226247,-0.3631186299601666,-0.7277571384422546,-0.08818550606831717,-0.3865509215219861,-0.9180566054922233,-0.0880366638543241,-0.16498683175907966,-0.8267153379300521,0.008473564607688996,-0.3232749939770238,-0.850348803686813,-0.09223881120387001,-0.305467895424068,-0.5784337371270958,-0.15402474745604705,-0.2595390553410192,-0.4035163088857852,-0.17732352904041024,-0.030831184565563094,-0.8363940780466379,0.0015789909842112385,-0.21963881253527295,-0.7973428202601032,-0.09825629975886123,-0.19456369125963902,-0.4943916700349745,-0.11520215336936818,-0.14293979420324915,-0.3354082117876851,-0.09987034211703566,0.09248721842535128,-0.7751273700745376,-0.0245144104742798,-0.09291719563745797,-0.7408012861474322,-0.13147405582884575,-0.08666140849078435,-0.43801010152358805,-0.09397884040478688,-0.04587792327266567,-0.2641335348991425,-0.03733457810757277,0.20263424034504995,-0.6716181873591456,-0.05846862533920409,0.027929747612599802,-0.6313493256173996,-0.1366892306633134,-0.02040532238049218,-0.4059503435978118,-0.1162115879342024,-0.013023558073329097,-0.2703503131991516,-0.0754118685832801,A,left
0.0,0.0,0.0,-0.24481851261940527,-0.09283972925231891,-0.06880198953927003,-0.40469452238614956,-0.4125369537507058,-0.0835261385811827,-0.4433708863262697,-0.6809821520889643,-0.09398007769516949,-0.4843134369389295,-0.8701720363676179,-0.09078062526902268,-0.2392660642990994,-0.7545666409622105,-0.012008268080314083,-0.3584501632036492,-0.780422896902702,-0.1078562217123832,-0.321290947601345,-0.5289625749418023,-0.17198785400370897,-0.2689389874558417,-0.35893502147954914,-0.20159527951991302,-0.08995662308363428,-0.7894344618710949,-0.014376897448851097,-0.22698425557963658,-0.7807023746290541,-0.11068399267409013,-0.20016551418819192,-0.48170084884574693,-0.13142245859716592,-0.15252552373310113,-0.3095251686761733,-0.12174733209170802,0.05008865438963573,-0.7522967667163307,-0.03476287511452785,-0.08497995476939713,-0.737037472998008,-0.1355477728210729,-0.0850391287978403,-0.4379730856129176,-0.0987646680925918,-0.0556379913199358,-0.26243526045043686,-0.04789841468057526,0.1736270859889342,-0.6727511426836869,-0.06346813797374491,0.04811902927931326,-0.6020766101225086,-0.14484400116582752,0.009077077013514541,-0.37042953329088396,-0.12432876307108272,0.018691963551360637,-0.24535027221872557,-0.08609723427199656,A,left
0.0,0.0,0.0,-0.23899939532400885,-0.08313806986022897,-0.09067300733113826,-0.41154186467498005,-0.3813042781569472,-0.11904325482556985,-0.4708288434246441,-0.6381429003789661,-0.14000013001417405,-0.5285772421356704,-0.836445984979084,-0.14479023899634502,-0.28461848061762235,-0.6969439647037339,-0.05178299954452396,-0.3581629528279768,-0.7670534330970249,-0.16205240759911865,-0.3009411941817353,-0.5193300079526109,-0.22350558257579703,-0.2478132282529471,-0.33738472018388993,-0.2460493610931673,-0.11978265426836224,-0.7359632058673363,-0.05083696639324759,-0.19827464927679378,-0.7732916625946659,-0.16747275842820486,-0.1616495617799377,-0.46956757761975954,-0.19336313428098773,-0.12247088169144969,-0.2858218702045036,-0.1804219895894206,0.035577896660493366,-0.7075380499870264,-0.06817147677695813,-0.021991175158843145,-0.7320496897478529,-0.1902115898559598,-0.02797533029405267,-0.42961337855605747,-0.15432963355691678,-0.023465231035517828,-0.24233185879537236,-0.09524955111359942,0.1744221615393466,-0.6362604149368262,-0.09351763601564221,0.13157476609130794,-0.6385633409356195,-0.1825617337032838,0.0828131585823263,-0.41738104993980485,-0.15282742168229455,0.05742292878237066,-0.27950537373637746,-0.10378205450649776,A,left
0.0,0.0,0.0,-0.24183625602210113,-0.07450745269115934,-0.10928864315048208,-0.4199452641287637,-0.3627242709327672,-0.14353217158915857,-0.48667378438252556,-0.6178691485475335,-0.1673861813617905,-0.5659365975094062,-0.8058851385511531,-0.17396813231700028,-0.2943778559219828,-0.686095795545425,-0.06525248275096787,-0.3646707863042132,-0.7304972483842628,-0.18296027195071307,-0.30159119817659,-0.472314740284402,-0.24783206006840836,-0.23973735011234562,-0.30412771359250157,-0.27392805575191254,-0.12019860741549937,-0.7324672325829971,-0.05927284370678708,-0.1827830973907779,-0.7649804269134993,-0.19129847823403034,-0.15235780171932234,-0.4416508781377411,-0.2201545277746527,-0.11401253251719111,-0.2665730843726251,-0.20772317836023482,0.03627533574501841,-0.7024016972093171,-0.07370555939093656,0.0034714473375087734,-0.7443228115335287,-0.20993468046020647,-0.015600639165113851,-0.42875842187368535,-0.17340689085372585,-0.018640579461885434,-0.25067855731682676,-0.11180679413775,0.16958876870184478,-0.6274351338020681,-0.09738760938743808,0.1574862680313987,-0.6249992805493737,-0.1933769950654005,0.10279437604099179,-0.40537885027117404,-0.16576446543483278,0.06874261900391174,-0.2868539723196602,-0.1181679228191884,A,left
0.0,0.0,0.0,-0.23687831664950873,-0.07263731328395702,-0.11921898073957504,-0.4234645964156697,-0.3404305963438469,-0.1592771552402813,-0.5075478716217882,-0.5948258833618119,-0.18497551536987414,-0.5968458943657678,-0.7793167402681159,-0.19089367909023203,-0.31627537639390396,-0.7277844792945294,-0.07263421400036205,-0.37924108965471387,-0.7016375425385213,-0.18595815604542487,-0.3105987164867217,-0.4546118761880868,-0.2473805963592329,-0.24842164129642486,-0.3041007872443056,-0.27390257138061047,-0.14621131498776613,-0.7934654029178997,-0.0598441781028721,-0.20854505565335008,-0.7214650778846862,-0.17679998212415077,-0.17704803717207174,-0.42275620883343934,-0.20497862816301338,-0.14204171204436253,-0.2845524173834828,-0.20044766199148992,0.01582055765695764,-0.761852994855859,-0.06781153582873836,-0.01860277127646289,-0.7090349558383908,-0.19857292797441037,-0.03991328843992169,-0.4136706143978915,-0.1694579623138955,-0.049443978046878424,-0.26562038307421315,-0.11902383486011786,0.15708761645854466,-0.6775355180409216,-0.08650003793473335,0.13987730916920976,-0.6074884072817112,-0.18416883569142556,0.08077105431767584,-0.3880194899417327,-0.16534210064417088,0.03675448760260769,-0.27843520589871357,-0.1266493572225452,A,left
0.0,0.0,0.0,-0.23872959897552748,-0.08031716724351161,-0.13151191088201544,-0.42096355744652597,-0.3336079006096187,-0.17999343452188543,-0.5136074737258626,-0.5714726856842117,-0.21079123478974685,-0.60828484186111,-0.7623754158112244,-0.22084672632544747,-0.3218005731516251,-0.7614426444558408,-0.08274462054113599,-0.39854577782280737,-0.6350442635813781,-0.20819911085121692,-0.32464939327063663,-0.40654148891235364,-0.2846059673848331,-0.25196733541232286,-0.2937602306738,-0.32391858219556413,-0.1567476407346593,-0.8409069653394378,-0.06947428391665124,-0.22784137866785437,-0.6619652925517717,-0.18784542907769144,-0.18195000962432115,-0.38784528127249795,-0.22196446435912437,-0.12237819601897665,-0.2987728428043354,-0.22689830280193451,0.004919840964452809,-0.8050627862968218,-0.07893404186453658,-0.026147410761787268,-0.6471236632377458,-0.21070687119995032,-0.0408019828650379,-0.37261317684793244,-0.18563190360139797,-0.031031985352196926,-0.27496173843019034,-0.14342312871508978,0.14824844459025985,-0.7063235741443106,-0.10252093662999369,0.13769398233796418,-0.5425912220069142,-0.20598184362475652,0.07733443185536715,-0.3286943009450395,-0.1967497946551485,0.040032545721395404,-0.24604688682832615,-0.1667577431712137,A,left
0.0,0.0,0.0,-0.2351739935767856,-0.0708025818930891,-0.13009511902166812,-0.4233674665685095,-0.3223580045086781,-0.17589445346391747,-0.5173051738031292,-0.5653057836063388,-0.20492897633204235,-0.6126515966372358,-0.7611368436355603,-0.2129054400393335,-0.32394213344002337,-0.7637648674308436,-0.0784324728897388,-0.4049772435511363,-0.6315366751924588,-0.20369168025065548,-0.32767977706582474,-0.3993433245737622,-0.2798174341080744,-0.24884327715255355,-0.2765575143762269,-0.3177289156203443,-0.15515343794979275,-0.8452747067742507,-0.06469961456011308,-0.22847193382674955,-0.638928689854825,-0.18261956412328523,-0.17890751008186492,-0.36813421728505274,-0.218479011547393,-0.11905539946279305,-0.26835736565109597,-0.22371784171250364,0.005097867407839916,-0.8092351289154197,-0.07401404911667901,-0.03462265450035981,-0.6203263229979541,-0.20414331140258934,-0.042843998741029024,-0.354168385175863,-0.18419396009905323,-0.03372640495608416,-0.2527389751716717,-0.14470196610096758,0.14659271388169115,-0.709962850051214,-0.09736036701529632,0.1254592125223761,-0.5173819053430603,-0.19988186495102564,0.07523602963877267,-0.3169992498650729,-0.19562942816593332,0.04181227400248181,-0.2447233595106043,-0.16839509326402904,A,left
0.0,0.0,0.0,-0.23433910208535438,-0.060952653975260396,-0.1261149649783232,-0.425973113271007,-0.31800633115974114,-0.1678813681499038,-0.5184051268496369,-0.5652187691563049,-0.19367407125052982,-0.6134794631963953,-0.7640219926739877,-0.19978323990448166,-0.3391123259759886,-0.7391243347549377,-0.07914270250776673,-0.4164265010844643,-0.640258603513844,-0.2034561201823105,-0.34073552362033754,-0.41071245379199367,-0.2751383533153804,-0.26339265020585634,-0.2850725440900972,-0.30923941716095166,-0.16788978378040342,-0.8281991158957409,-0.06644189588393196,-0.23030725830004778,-0.654831777638945,-0.18747803657921785,-0.18181798359366566,-0.37483172618743826,-0.221937829249858,-0.1243465414202604,-0.2636740008880973,-0.22391429097175372,-0.006436332695020478,-0.8038160829734018,-0.07605688027586016,-0.04126159292847142,-0.6234326794194274,-0.2111023077474487,-0.046221303906544914,-0.35085891811589753,-0.19351458779063707,-0.03683078904799477,-0.24255774709797398,-0.1534742485921454,0.13425791712238716,-0.7165918732051361,-0.09838980310747458,0.11285970918097143,-0.5196376118091866,-0.20588283686875528,0.07177781592561862,-0.3105180178036916,-0.20349197630178817,0.04389754574550075,-0.23435894951193764,-0.17632162040866403,A,left
0.0,0.0,0.0,-0.24849247522260232,-0.07116272035269329,-0.11178843178520102,-0.44047652648962177,-0.3268463349720297,-0.14856432579335516,-0.5207521580981408,-0.5798755808081494,-0.17367656296437972,-0.6060446460251607,-0.775170072735623,-0.17838510408463631,-0.3310484960668036,-0.7408747763491258,-0.04330110048858268,-0.41104932344532313,-0.6778535064329465,-0.16012050102284645,-0.34392471049211537,-0.44319277266836093,-0.2306711817673447,-0.2820590330906999,-0.29216105379943336,-0.262853340088563,-0.1721189064857688,-0.8239701522973706,-0.034115705687236896,-0.2626525384270693,-0.7046526350145276,-0.15442504759738693,-0.2093422326541561,-0.41798287853390637,-0.19198101835567613,-0.15029819306935013,-0.2803417567350556,-0.192617512396455,-0.01855378699831233,-0.8038809699021928,-0.0469016584267591,-0.0845928303554768,-0.6881130072568434,-0.1758789802510274,-0.07406767115218875,-0.40344447721247434,-0.15298648746643598,-0.0531999839499493,-0.2594825723158037,-0.10643069603865273,0.11887690878458712,-0.7246914795053802,-0.07155987199443621,0.07621594571775424,-0.5826993621834953,-0.17139781712372867,0.04163005421856645,-0.369286511489019,-0.16247314605093302,0.022482787258117923,-0.27140783263371476,-0.12919209234352716,A,left
0.0,0.0,0.0,-0.24948917876122567,-0.06993885060063497,-0.09794759654059654,-0.4380558475723997,-0.3435203717439372,-0.12747485885887513,-0.5029929010013645,-0.6102562665287662,-0.15013410205131583,-0.5795730558088027,-0.7998804200321205,-0.15584090165834147,-0.31218801726148565,-0.6852092009337998,-0.031101732711573144,-0.38349781337570094,-0.7420030230700225,-0.14005986905021325,-0.3269521508832288,-0.503795324299311,-0.20461987643732285,-0.27176833269490847,-0.3327132164514719,-0.2313803521284832,-0.14935357708458077,-0.7394896482429292,-0.028042619503803292,-0.23510107677570355,-0.7766052904133117,-0.14902775524101627,-0.1957031546542998,-0.4742102503403084,-0.18131488347507682,-0.1520551194166084,-0.28958577039309097,-0.1729719564787909,0.004416361875181613,-0.7259814815223196,-0.04603940791028622,-0.05732639457461399,-0.7698805584534139,-0.17577986919601418,-0.05938736344969874,-0.4625478088917995,-0.14389389572836794,-0.05337525618805274,-0.2677493902981049,-0.08613795251000803,0.14605863589781468,-0.6667323806125222,-0.07282266032608406,0.0996174394865154,-0.6758870596464188,-0.16718631764509084,0.05680004129599883,-0.44652657071774415,-0.14043240240906021,0.02979296075103197,-0.3047398149954336,-0.09353382282184616,A,left
0.0,0.0,0.0,-0.2353625041311571,-0.06521949358080284,-0.10636106366521524,-0.43302892856372427,-0.33700204743745416,-0.1424540397069287,-0.5034984780374638,-0.6153371608110321,-0.1710436178312823,-0.5278824478442723,-0.8297053979418934,-0.18146369852955052,-0.3087219835206242,-0.6492030823363586,-0.0451939776593127,-0.3615036595304233,-0.7776919541889775,-0.16346454250093687,-0.30703015176817294,-0.5407038024326044,-0.22478815913838573,-0.2532184852782751,-0.35798928237423117,-0.24703136198469033,-0.14203974098340147,-0.6870544465434743,-0.04187995485110301,-0.2073068871358137,-0.8072070139200174,-0.18008390425447374,-0.17535848523681058,-0.500084204373715,-0.21411809892329597,-0.13958579900583626,-0.3049723217921107,-0.20077610276155985,0.020661691760938614,-0.676631770186466,-0.06027569082368176,-0.03542257219789983,-0.8030667831106568,-0.20880043180788047,-0.04068586491628362,-0.4787006919751169,-0.17460967031306732,-0.04110911240995309,-0.27320468529061886,-0.10834993805371422,0.17633701755798387,-0.6277606660645211,-0.08655850909404447,0.11787740527267204,-0.7050653812784818,-0.19410025462511785,0.07779414683486544,-0.46527764094005736,-0.16402561843957375,0.05291569886745053,-0.3128843032824495,-0.1108820600315761,A,left
0.0,0.0,0.0,-0.24650281626695164,-0.09165798826351901,-0.08066946998190959,-0.42688900189615847,-0.35812533924955925,-0.10696590097405836,-0.4790948634257984,-0.6315573984816157,-0.1321251665310885,-0.5129004188650326,-0.8469793289839624,-0.13985412615275603,-0.29326633121630574,-0.6578563060794423,-0.02781654479030544,-0.34503236550773386,-0.8269863749345614,-0.13072348616194138,-0.30734456817622063,-0.5947235258227415,-0.17800493668242445,-0.2664594617082248,-0.4094493946815532,-0.1920948618763756,-0.13322103471833854,-0.688199544368302,-0.034295275203843546,-0.19260434604235915,-0.8438595678623705,-0.15605160915948757,-0.1709866490173952,-0.5361176669670804,-0.18102150963622565,-0.1423930373858817,-0.3437681983886911,-0.16495419971344916,0.023822929476152797,-0.6771991119161423,-0.059635215308572125,-0.029740067139514242,-0.8463423594512486,-0.19115953420082257,-0.0421307158539954,-0.5232785845294979,-0.15351819844008047,-0.04324561425073433,-0.31696294259652696,-0.08933097249853762,0.18421069235201826,-0.6245905386143771,-0.09108647128880325,0.12987938765818682,-0.7472436167462579,-0.18590398644426673,0.07880922353043572,-0.518426768323876,-0.15363452046241632,0.04596203604401108,-0.3612483278029849,-0.10206944983443222,A,left
0.0,0.0,0.0,-0.2554671791200509,-0.06289316872827551,-0.07142940065543708,-0.43990323906956724,-0.35029093345728235,-0.08790050943938296,-0.4871084503309746,-0.6390369471999818,-0.10476605838381285,-0.5202713458483095,-0.8473129739638777,-0.10666982160704025,-0.31748907062682574,-0.6379957446769987,-0.016114939621055476,-0.35719085670302647,-0.8194665003307062,-0.11728561895274878,-0.32348791177193437,-0.5820756992278142,-0.16783769319851155,-0.2799926581545311,-0.40111275123181866,-0.18413042962206924,-0.15667900095374934,-0.6663932336700241,-0.024230326984853934,-0.20596539882266773,-0.8384405863112401,-0.14423621228022807,-0.18698831360901347,-0.527445886376648,-0.16794381450165743,-0.14819698223694971,-0.33307139885223186,-0.14917063027717858,-0.0022282427564497996,-0.6540510144750912,-0.0507533260314319,-0.050500712378574474,-0.8361871312513711,-0.17758274053166637,-0.06039968129273288,-0.5184633706328675,-0.13703809965408326,-0.042002197879612194,-0.3149937086705828,-0.07002242056505302,0.15235241972538072,-0.6082395093543589,-0.08294827178002519,0.0996101554933843,-0.7473744024438004,-0.17231951988812835,0.06756428686135978,-0.5240971488715922,-0.1368555682008913,0.06621463195714183,-0.37097495722063223,-0.08263411968428602,A,left
0.0,0.0,0.0,-0.2572684686090839,-0.0666102124112924,-0.07863135729697104,-0.4368301391561712,-0.3548791800268512,-0.0963681652567767,-0.49206507525320997,-0.6343450733449494,-0.11348455361480736,-0.5742345300819217,-0.8104233879938187,-0.11605445555520492,-0.34546666639181484,-0.6229730333190914,-0.01734249876637842,-0.3728023924191548,-0.7860962081243762,-0.1253088302694267,-0.3196877800135058,-0.5493032738671019,-0.18151462976878854,-0.2719107318259664,-0.3750553114693799,-0.20122290949104735,-0.18492651205310237,-0.6682005335086066,-0.02425803964210259,-0.2153990337241869,-0.8159927629264334,-0.14857373314754438,-0.1836018529801073,-0.5052760668108093,-0.17505759872013532,-0.14910486799106684,-0.3186739895572502,-0.15925801565665404,-0.03002480428790416,-0.6648359956271973,-0.05165244362341464,-0.0467362578395265,-0.8255937210114742,-0.18184126373328352,-0.05691188827823649,-0.5105683229913811,-0.1460173773857168,-0.058917092568126946,-0.30980896345336023,-0.08346111319129847,0.12162156721288919,-0.6237590815376821,-0.08584652935588973,0.10834705193735412,-0.7420890660561361,-0.17761836970398825,0.07138475491395696,-0.5132445485637457,-0.14540807674621514,0.04312049151323873,-0.3581126944609317,-0.09455518493940981,A,left
0.0,0.0,0.0,-0.25176324676291295,-0.07210467900021654,-0.08473507300397352,-0.43307464123550804,-0.3512904854479851,-0.10947147069875388,-0.49426973549833725,-0.6241234952365817,-0.13295540249871166,-0.5806040345601421,-0.8015122707953992,-0.1430979902615267,-0.33350562220789576,-0.6194836015968431,-0.026984456223940453,-0.35981394840030345,-0.7842741929967881,-0.13369081389842244,-0.30832399989340004,-0.5521588122425235,-0.19273678059044413,-0.2643605206746714,-0.37775391774864625,-0.21536513699353257,-0.1743467297032822,-0.6634894983310918,-0.03083696335374945,-0.1976905630942812,-0.8222375052883719,-0.15494798542682345,-0.17032088876675855,-0.5171322302153665,-0.18696523360411038,-0.1471265179519052,-0.3185918604153019,-0.17604752491122916,-0.024500029275409882,-0.6598155589289039,-0.053995550078927215,-0.03406836489007686,-0.8290773751783329,-0.18309298549001296,-0.045537842627386346,-0.5214345132004616,-0.1547542848409294,-0.0542718457372108,-0.31303088772074106,-0.09762591298813869,0.11912622442368988,-0.6192669627836722,-0.08376325336158101,0.11705814298030974,-0.7412438991195002,-0.17765041318882696,0.08446365021748689,-0.5229003751531109,-0.1515815843902447,0.05284166547143664,-0.3655569705176971,-0.10486525620223941,A,left
0.0,0.0,0.0,-0.24800027387177132,-0.08266133041568635,-0.08618610531331125,-0.43641811381486084,-0.35436450842152306,-0.11204554132411036,-0.49850069687803666,-0.6270110250790716,-0.13705669449121458,-0.5394663439518892,-0.8293335560654091,-0.14554008563651738,-0.3241146482310961,-0.6536433649591623,-0.01759052474500052,-0.36696314140255754,-0.8075222140221809,-0.12647000727122443,-0.31705335279411806,-0.5695425547387672,-0.18642478651501734,-0.26776086722256376,-0.38792290217333486,-0.20943122532205238,-0.16293275464419515,-0.6999710719110511,-0.02222446545452764,-0.20795804317939431,-0.8393043649781764,-0.14531989905483864,-0.17984408023063372,-0.5270376249487344,-0.17356080661376397,-0.14630781169240156,-0.3290615011789699,-0.15934929584735347,-0.005697003046381854,-0.6937907622511514,-0.04844763554674353,-0.03938230549080384,-0.8510890582838888,-0.17860698357238247,-0.0512908425244748,-0.5346508055833126,-0.14407506845055043,-0.05192107588098443,-0.322940000528325,-0.08189559778407761,0.15005377317767382,-0.6407297110800184,-0.08231071492035383,0.12213539328575101,-0.7565162216500252,-0.1770867012425392,0.07530407432952671,-0.5312500357419401,-0.14785213453803037,0.04163792791417796,-0.3675218269904786,-0.09817601955298898,A,left
0.0,0.0,0.0,-0.2473013526167442,-0.07215309277268538,-0.07045429108179214,-0.4298494938980209,-0.3602226282311906,-0.0906382131203151,-0.4729476061142319,-0.6443349341668861,-0.11072808420940328,-0.5012186024934344,-0.8576985007208148,-0.11460014998155543,-0.28570873343879843,-0.7129845347959113,-0.015939043174208956,-0.36553433221316856,-0.8340627253117242,-0.1157645490054919,-0.32784375991030285,-0.5871020779787919,-0.171082169861084,-0.2782799906035718,-0.3902900706523101,-0.19125264168363593,-0.1321524195504088,-0.7432031224477182,-0.023110041532030147,-0.22569452343143978,-0.8484223267259343,-0.13214360607053666,-0.1996132724935014,-0.5356166624889556,-0.15363649809924165,-0.15581997266601788,-0.3311282272286554,-0.13835134584209086,0.020092158882832785,-0.7205611043038663,-0.048708776971016395,-0.06782026282631086,-0.8474897113770349,-0.1668095893400825,-0.07263297636605907,-0.5269008219773689,-0.12579204955045487,-0.056107563352836155,-0.3124122642752692,-0.0635899796461271,0.17164225364133867,-0.6554169065033868,-0.08084515486784523,0.09296889841534992,-0.7432596384953871,-0.16940252700309483,0.04132972307340371,-0.5095201260719323,-0.13648171554093716,0.01874261197942226,-0.345244970537669,-0.08570870896693439,A,left
0.0,0.0,0.0,-0.23563828765891046,-0.056362117043882394,-0.05593115319189125,-0.3959940035178277,-0.4065394964694417,-0.055213816205501746,-0.3957666901787457,-0.718639101161177,-0.0553857199058477,-0.40858263340811213,-0.9117780584000029,-0.04148498400160088,-0.2270853817957744,-0.7865451511913665,0.014863239547428653,-0.32907533909649306,-0.8576646047557644,-0.08235922662228583,-0.2996487794885998,-0.6003438657490175,-0.14296060865062016,-0.2530330170002953,-0.4207447556451803,-0.16922389869197177,-0.07297423596572712,-0.8055003790928326,0.007922432701026856,-0.20347656258996685,-0.8643702409341606,-0.0952621899162152,-0.18308747906520734,-0.5420625715901851,-0.11430313657240654,-0.13922051225233623,-0.3565447287084,-0.10045882988986142,0.07079747999629324,-0.7700857550653261,-0.01892480252208867,-0.061232074585990275,-0.8391601398496451,-0.12874585125462243,-0.06374819069620663,-0.5098940850763113,-0.08351173100931698,-0.036809520849059175,-0.3111931417729976,-0.024114592172684326,0.2093021376822098,-0.7032860062151448,-0.05307625045631061,0.08001365140972519,-0.720563000555126,-0.13433595634405807,0.0314915907491948,-0.480171524434807,-0.10781092191518526,0.028341186709811988,-0.3419057711364242,-0.06652294325948564,A,left
0.0,0.0,0.0,-0.21800266208800495,-0.06361296223124883,-0.0450149371429162,-0.3757851128399764,-0.40282584043558356,-0.04257145304074133,-0.38511875810322244,-0.7098078715594852,-0.046291626079650205,-0.3820193054990196,-0.9234803739174844,-0.03528808885828162,-0.19745459627039566,-0.8028724504245345,0.044570233211736254,-0.3214450739601624,-0.8989298175543597,-0.060267715702259694,-0.3009872890227554,-0.6275385029180124,-0.12627756083260944,-0.24972791332537633,-0.4441591312358005,-0.1546751367330839,-0.04711378766535023,-0.8237191993064678,0.031119810601859036,-0.2127097736316798,-0.9108216884191748,-0.08410998103863887,-0.19168441067330577,-0.5706411549937889,-0.11090222139560557,-0.1356325867286415,-0.37902159073951164,-0.0970172611846311,0.10024248168935386,-0.7990082454404457,-0.003761654890635904,-0.07985802132469993,-0.8808095970823928,-0.12819336579266302,-0.0732682044878042,-0.5278830760892631,-0.09063891126985886,-0.0294581471035612,-0.32272493146363895,-0.030591689356760484,0.2483409332038933,-0.7389315898695054,-0.044881137699148796,0.06515690276628146,-0.7678094417215127,-0.1410959987074329,0.017949167992091314,-0.5064021842226604,-0.1234677832543982,0.03181049105319685,-0.35210551491758474,-0.08377459988492429,A,left
0.0,0.0,0.0,-0.23378339121231256,-0.016347017566960692,-0.07298882192128646,-0.45551566821103484,-0.33550572205236495,-0.08346730048843923,-0.5011321174460349,-0.6587155521727167,-0.09298751508425276,-0.47378174309043103,-0.876493744303084,-0.08537901446932207,-0.298768938120971,-0.7077203777712723,0.008423236668158413,-0.3713510799283113,-0.8600747076918585,-0.10004642172751337,-0.3397630049212731,-0.6158176586735699,-0.16990367077584567,-0.2897156438224302,-0.41634231247541076,-0.20189531624675255,-0.1350431057232335,-0.7382354560508415,0.0048464906764758,-0.23662890499145448,-0.8899875239940104,-0.11630659759948248,-0.20811349748625466,-0.5712191583769178,-0.14887843425686229,-0.1617752259571497,-0.3582307766406498,-0.1377022915965368,0.026474722864232383,-0.7270159333393066,-0.020262621971249714,-0.07872225488635735,-0.8866934686446206,-0.14958495794356572,-0.07419767474893142,-0.5574428508038829,-0.11070565504095932,-0.047279088288625516,-0.3368681004380583,-0.04793491132363979,0.19646664727340193,-0.6870476483643421,-0.0526755349950982,0.07671638307645451,-0.7840426143260173,-0.15453959893349856,0.036685761375864934,-0.5347550024287984,-0.12952133069140667,0.034593075068494766,-0.3681125075284307,-0.08326803102749979,A,left
0.0,0.0,0.0,-0.25735187932139586,-0.08222457335753722,-0.07331823875551602,-0.444866552684153,-0.34993588740333287,-0.09173123181299946,-0.5048433880300123,-0.6214777824743819,-0.11168893154736974,-0.5600863559310275,-0.8203508597465854,-0.1154458349744182,-0.3295581681270714,-0.6369442848049837,-0.003080218136224013,-0.37370399091963075,-0.8248622460737047,-0.10200593379545601,-0.3292363600760658,-0.596924407511902,-0.15424629428909237,-0.2853665596361982,-0.4196248972037559,-0.17244549032749804,-0.16982849906594255,-0.6758303587034946,-0.011520689710110986,-0.21942898701108618,-0.8518031116027477,-0.12699705273788603,-0.19239991393263878,-0.5515002293343813,-0.1565524918810982,-0.1655362300093249,-0.35755509480375214,-0.14341275566666825,-0.014913616663412486,-0.6752541129861452,-0.0393316141773966,-0.05705552091303771,-0.8499402877627805,-0.1606341934455727,-0.0635677422564701,-0.541123508172863,-0.12886138330108846,-0.06562006282333596,-0.3353456672743368,-0.07005617127100901,0.1452286843237444,-0.6370470690256881,-0.07351838766528777,0.101721058101559,-0.7565765212064993,-0.15833808739523603,0.058686986816219186,-0.5408868241446408,-0.1288688001170143,0.02585920176642953,-0.38860508659615745,-0.08107868685921579,A,left
0.0,0.0,0.0,-0.25671009721989824,-0.06822399897364052,-0.08301507049930586,-0.44208204564465087,-0.33296962200068275,-0.10809575062921704,-0.5076839426710843,-0.6029587311280119,-0.13232130242725715,-0.5759382684466053,-0.8052473823733359,-0.1409672448465123,-0.33441920724086477,-0.6129978895173857,-0.02348149054392469,-0.3649959809262236,-0.8017490332451671,-0.12507374633894414,-0.31876824463960796,-0.570421571956596,-0.17515769698834519,-0.2794377921226921,-0.3949578742172418,-0.1910230781540811,-0.17145284360425797,-0.6486874210475879,-0.0280586211581251,-0.20308172403177913,-0.8257556578343657,-0.1471705450659309,-0.1763512501778217,-0.5256835276570281,-0.17695560304435667,-0.157608030475944,-0.3344003651450218,-0.16452544998571583,-0.015820362015311208,-0.6463494758505451,-0.05136180189475468,-0.0381871859205802,-0.8311130937523693,-0.17826217902019756,-0.04309366767807659,-0.5226967862931274,-0.14737612579021706,-0.05067034358931251,-0.32220199229631535,-0.08878827745004332,0.13754586406506186,-0.6116794811539767,-0.08064357403457618,0.11579149799895369,-0.7513117035744453,-0.16886494167580568,0.08541014376476569,-0.5344462686394429,-0.13846914183480477,0.05774456361140389,-0.38318380742206476,-0.08986139649373044,A,left
0.0,0.0,0.0,-0.25590375564739776,-0.0577441583588206,-0.1004189125482609,-0.4528648645416143,-0.32713849438055204,-0.13311777190394544,-0.5178732989608451,-0.6011203926075435,-0.15974843090626964,-0.5663208681303016,-0.8068696084240337,-0.16805388814837988,-0.3258468201469895,-0.6311935636392497,-0.057876906163817715,-0.34029942311562794,-0.8086963381505093,-0.16565252363529356,-0.2950434240516332,-0.5763701259862064,-0.2149669994100042,-0.2663306944527465,-0.3955079929942747,-0.23069576808260775,-0.16144958355887168,-0.6577459617982943,-0.05913079659191387,-0.17692328068462304,-0.8415000876843033,-0.18814870066571274,-0.1557855363845647,-0.5375757299688407,-0.21686534667330384,-0.1538548478894996,-0.33681581684935313,-0.20319497059621316,-0.007759561489001016,-0.6451850852301027,-0.07939474410063065,-0.01619602204118397,-0.8423305009912573,-0.21731215391965086,-0.025056217815942358,-0.5322655735249134,-0.18559294660834166,-0.04838499640459733,-0.3260311270139275,-0.12592537148179253,0.1440796713120953,-0.595857906376156,-0.10677056438432869,0.14518263973255327,-0.7477084507531091,-0.210444950081582,0.11040313494908978,-0.5318415689791034,-0.18333899167904114,0.06582457359474632,-0.37114582115412276,-0.13517975547592082,A,left
0.0,0.0,0.0,-0.24120358271862602,-0.06283229054781865,-0.11707365910096403,-0.42397692707749834,-0.3468900489884797,-0.15502353658396714,-0.4931144139690342,-0.6151060918567617,-0.1809669391942373,-0.5542946887581847,-0.811026807077044,-0.18706393617392508,-0.2910774073388372,-0.6216715266625145,-0.07930108411042434,-0.28203128463077465,-0.7998709308134833,-0.17905582373166498,-0.24062861729226612,-0.5749860529222883,-0.22129133149829616,-0.20963566032319927,-0.3983013260021367,-0.2337012812685964,-0.12535827664428503,-0.6510428920524245,-0.06541406835664783,-0.1175205267156874,-0.8364478419950249,-0.1891538581491344,-0.10026142253171968,-0.547291627053923,-0.21177313982974955,-0.09466681126201497,-0.33829882792491983,-0.1943565217616023,0.02071955379935714,-0.6379586040942952,-0.07037026603466974,0.041097394215275265,-0.8035373022766393,-0.1979696938826183,0.0246377412115766,-0.5259910058035017,-0.16961025475150016,-0.002418292551108383,-0.32418071947147165,-0.11423614241247068,0.15592220111583488,-0.5963692663662421,-0.0835668774422629,0.17165115814719992,-0.7384054937994207,-0.1743630122150419,0.13812560309383207,-0.5484801467670966,-0.15124795177020622,0.09407568836179024,-0.3980253597862859,-0.10908523857997668,A,left
0.0,0.0,0.0,-0.22678570703530357,-0.05409212795049277,-0.13111731898173748,-0.394658783342582,-0.3421618246924266,-0.1736292836356781,-0.4619584089082825,-0.6232682873430717,-0.20148573400057848,-0.5504529882655527,-0.8079415165568433,-0.21031408305995902,-0.28784281052828636,-0.6519475837663398,-0.07405657130240896,-0.20712920099065946,-0.7928180494521552,-0.18492720744825758,-0.18681973367179736,-0.5565542869384744,-0.24007444751108364,-0.1809326334966283,-0.3780924409914174,-0.25991498763088755,-0.13046537768464395,-0.6765685525544856,-0.053439737846527724,-0.05555080064715189,-0.8242738825001839,-0.17996488005563363,-0.056990400306845025,-0.5294342527502991,-0.2088925405906978,-0.07222876172769128,-0.334140534607012,-0.19698242412041514,0.004627616325432933,-0.6597050025316424,-0.0545437297989768,0.08326160142378654,-0.7987214860981168,-0.1898343266914898,0.054243551278753126,-0.5177312860467166,-0.1675999753115219,0.01123998946279533,-0.32796808521358234,-0.11536635932664954,0.12632619695803546,-0.6159197779050701,-0.06497964044983214,0.18872255935102078,-0.7311678574357781,-0.16233088299717444,0.1525285692894041,-0.5287427307709108,-0.14243682435027522,0.09510098180479973,-0.38140310557747326,-0.10076789829601192,A,left
0.0,0.0,0.0,-0.22315775512874544,-0.05923647432353744,-0.13317187583930326,-0.37051134906643046,-0.35472118348720283,-0.17413894747633032,-0.4295507076170268,-0.6382095116311334,-0.1999103445800691,-0.5231230511577063,-0.8266991831590538,-0.20714906205823153,-0.28093064075543284,-0.6755551116994916,-0.06437910391104981,-0.17519591107223925,-0.7927892277247041,-0.17651050172298088,-0.14982921780016548,-0.5607166382196113,-0.23609445996190803,-0.1396283540675896,-0.3801896192004881,-0.25846003701161635,-0.1350755839614988,-0.6992596715349032,-0.04213445573452202,-0.027041932376323723,-0.8250271286095449,-0.16887281669444973,-0.025992989037797957,-0.5293624921030147,-0.19983462974972127,-0.03774889534696457,-0.3352646155381211,-0.18796863175005432,-0.007932644204507316,-0.6782368334123876,-0.042801397952545,0.1033639511614158,-0.8071278079287976,-0.18180229266710124,0.07354900650295484,-0.5263684390597542,-0.1639939869691272,0.03309928211464836,-0.3428247484931847,-0.11249986949741787,0.10730708317273521,-0.6266534973734,-0.0528932213059613,0.1907208604002189,-0.7328011576546727,-0.15398990218158712,0.1595532148740935,-0.5291372869241532,-0.13672279727217226,0.1062468714097414,-0.38836281977081333,-0.09470392436287754,A,left
0.0,0.0,0.0,-0.19340062393224935,-0.058563778948784236,-0.17032464433888733,-0.3074400261282603,-0.3524017378007782,-0.2301543120384191,-0.3575264173984119,-0.6411743768977056,-0.2643991054854484,-0.4583059537889561,-0.8446487671936284,-0.27662992029041045,-0.26367144729134345,-0.7204447540100152,-0.09755954445992002,-0.10175432126470202,-0.8111700566337309,-0.2141439597979985,-0.08860595570405749,-0.5568396025143695,-0.27268409507976016,-0.10639096669722908,-0.3886888106421326,-0.29434101223638515,-0.1259514787111881,-0.7459518789011551,-0.052252678364974804,0.031256967911810915,-0.8393885626581334,-0.18685026407759237,0.022836694027648333,-0.5294901967795541,-0.2201225387525619,-0.007170829414126225,-0.362803828266651,-0.20778281066888957,-0.0016115395096963539,-0.7211709895974237,-0.030136654939494256,0.14962578824706188,-0.8207995867701917,-0.17695543956365797,0.1144321397489962,-0.5290802930018265,-0.15916333948117978,0.06233024117567734,-0.36841999131754055,-0.10538256006325218,0.10806250777752041,-0.6670649743934302,-0.019406583796186854,0.21257818474564638,-0.7431364175033912,-0.12279996116652528,0.1777503212234003,-0.5340441395125044,-0.10702858242743986,0.11828716044371931,-0.4152119113252118,-0.0642315497435407,A,left
0.0,0.0,0.0,-0.18581064978900588,-0.06001258787866163,-0.17817214853906158,-0.2898026638707027,-0.3487874788165682,-0.24507310487861844,-0.32706829969806206,-0.6404349618753591,-0.28247717019891266,-0.42192588876591547,-0.8568648304059876,-0.2962451802180253,-0.24613052071791844,-0.7419701927266037,-0.12086192813948776,-0.06402920488360943,-0.8147722166062195,-0.23827136493788253,-0.06104348328122318,-0.5522662634883851,-0.2936984258234982,-0.08816765756371873,-0.3862742495539831,-0.3146660104567957,-0.10717068830292224,-0.7655776253882686,-0.07181259681708364,0.07243169095910103,-0.8436327242682857,-0.21587549057687483,0.05131146559226955,-0.5254481713062308,-0.2520514044719249,0.010275807808105386,-0.3620631794359953,-0.2418355640959816,0.017260692610083866,-0.7309615252518823,-0.043693115281019906,0.18865690107520214,-0.8163031875512166,-0.1964714626627933,0.1422619642869478,-0.5205012184378343,-0.17875593029020925,0.08047149016183681,-0.36785552097755486,-0.1252049733378317,0.12690357633396726,-0.6664077454476777,-0.0266309522009188,0.2428461629046317,-0.7292344792182807,-0.1347149153726338,0.2017488563584318,-0.5201496603675758,-0.1210934112345993,0.13179656651975064,-0.41184207281672147,-0.07974126812150042,A,left
0.0,0.0,0.0,-0.20876457385139935,-0.06559718177968221,-0.14794715794772015,-0.32780568078912375,-0.38396937553413807,-0.19347562121369782,-0.3716011914829257,-0.6718221147003021,-0.21999696081735182,-0.4678801854095551,-0.8545575904604071,-0.2254317118056446,-0.24356887360442236,-0.7250049535177228,-0.060862121567692946,-0.11472524875463215,-0.8046831675513323,-0.1713533420316721,-0.09943206426367546,-0.5473403466706566,-0.2295448434171631,-0.10500959934877688,-0.3810938997593736,-0.25185778855251106,-0.09621472405395344,-0.7516400075220342,-0.028685010630017955,0.03740025767754566,-0.8294625692218707,-0.1577534923843323,0.02329662679008386,-0.5180170970567226,-0.1892077450583671,-0.009834732985402125,-0.33896604000121766,-0.17598003159711118,0.031099245771348025,-0.7230170751366736,-0.02056921625920528,0.1653166974564361,-0.8105919088506108,-0.16030636665511747,0.12293271985155627,-0.5214920777161371,-0.14082074497565097,0.06699837719581725,-0.34714113575080874,-0.0869480167565672,0.1446426340743268,-0.6629586421348918,-0.023523286395100724,0.24086489100612504,-0.7347168364846557,-0.122350038346027,0.20164953031597097,-0.5340437754935692,-0.10592240445506523,0.14069428416566376,-0.4095042286881139,-0.06327670943070185,A,left
0.0,0.0,0.0,-0.22004925687375482,-0.054007687598807336,-0.1608238493163754,-0.36928160963135687,-0.33429997131252426,-0.2184685983012397,-0.42212193802895587,-0.6162835241549751,-0.25428805545314415,-0.4990304664279387,-0.824103583050367,-0.26799604097870683,-0.2591428754549658,-0.6937080089413241,-0.10031935968716532,-0.14419091076749424,-0.7928191990607527,-0.21249367843936154,-0.1359778174560246,-0.5455101676398928,-0.2655114849670012,-0.14780260547905788,-0.3715890025047113,-0.2849478896704444,-0.10252507004999958,-0.7174125510372047,-0.06552780900944283,0.004720622954373685,-0.8165498067189377,-0.19384152429479815,-0.008449809566112921,-0.510485690451291,-0.22178148402137157,-0.04335403867725615,-0.3271790329363999,-0.21000855150521874,0.031930550066618844,-0.6910834194366646,-0.05409008179009205,0.1378066592051384,-0.8008601494139223,-0.1975233637182126,0.0971262699881781,-0.5085953465748065,-0.17560384015264707,0.03723957749693888,-0.3265581055685149,-0.12220850624167677,0.14973822941090498,-0.6302104879656674,-0.053685027086148085,0.22722398008085765,-0.7347689081191748,-0.16075244463776667,0.18746572903484648,-0.5314003511534581,-0.1439227339736245,0.11874572459555392,-0.39139938109148814,-0.10165303450041847,A,left
0.0,0.0,0.0,-0.23039854115750644,-0.07437670260335023,-0.12723985887633754,-0.38466833205312007,-0.3597009405756953,-0.1709429250650245,-0.44419442035953216,-0.6343317199779558,-0.20130894794404783,-0.5291965923326287,-0.8213131809515742,-0.21306249190962798,-0.26737880909749434,-0.660856768571396,-0.08041470130162791,-0.22744469138262352,-0.8030096808982248,-0.18082967475600806,-0.2006529889871581,-0.5598786383544351,-0.22490056726747973,-0.18736003180623537,-0.3804694646748366,-0.2395210353510493,-0.10229422384120404,-0.6908487123373823,-0.06267435306403152,-0.06396050383394664,-0.8343601027084556,-0.18375799889979774,-0.06611842881418264,-0.5254626476118389,-0.20964383820111698,-0.0790878238868599,-0.33021119876098526,-0.19785190685234236,0.039977174903443595,-0.6729966004208539,-0.06444482765587298,0.09258324483316718,-0.8213959710604843,-0.19791049707999125,0.054363341438350345,-0.5241999797270932,-0.17255832155431905,0.008615711773716653,-0.32602958591782844,-0.11967363639311611,0.16666013010138192,-0.6190886045815095,-0.07487655946435269,0.21755768445659793,-0.7380049610921444,-0.17602862014434428,0.16830675096731612,-0.5332470548789747,-0.15593435855862756,0.09953571439977264,-0.3837861345828402,-0.11431218534874563,A,left
0.0,0.0,0.0,-0.23006029609842107,-0.0734333948554045,-0.12344040078445245,-0.38863685816329263,-0.36387709117239725,-0.1662479533431037,-0.43930649896265683,-0.6381959165371495,-0.19623505793812293,-0.5134901438536094,-0.8325957211011712,-0.2076348654952253,-0.2806871748795958,-0.6515493938553121,-0.08852102448880515,-0.26678249833816636,-0.8056648243285441,-0.2029756205049497,-0.2201090319625158,-0.5633946157789901,-0.2542353931113055,-0.19113122268860658,-0.37912007527936464,-0.2704263218080626,-0.10257140213775486,-0.6827374250544471,-0.07709166347067094,-0.09483307244315459,-0.8307206943614361,-0.21104890604538667,-0.08532267195000118,-0.5233847642713906,-0.24045038639689884,-0.08819857723301233,-0.32993856866897087,-0.22785342183523186,0.056873324632224505,-0.6626907345310165,-0.08533691953878243,0.0775171675924988,-0.8085294008679305,-0.2300102311276632,0.045794770725764745,-0.5004586581500228,-0.20126513977737093,0.0040657424831562,-0.3009086631303644,-0.14274230619443576,0.197495104529908,-0.6058305735797644,-0.1017919495712932,0.2259840226704869,-0.7137716406359156,-0.20997038172934399,0.17405752956784487,-0.5031213118012793,-0.18630457646217724,0.10882247522211616,-0.356040951339177,-0.1397991464686378,A,left
0.0,0.0,0.0,-0.23677355137333195,-0.07446863271072922,-0.10978093225674447,-0.4037307163586773,-0.3611887280340314,-0.14766646821207172,-0.4563108434813392,-0.6364456520587167,-0.17619906225080928,-0.526037288247757,-0.829757785286206,-0.18651216885199906,-0.28665542984892955,-0.6340097331412282,-0.06773053310087258,-0.29486627064916865,-0.7978545831312763,-0.17766473991239834,-0.24639220181046717,-0.5625465698824432,-0.23021640146865946,-0.2120448679835971,-0.37674838935899496,-0.24701377671756558,-0.11337284922612535,-0.6589493966113452,-0.059313576084538355,-0.13137680169398946,-0.8155165501249306,-0.18536445635123536,-0.11320652101460714,-0.5230840455352875,-0.21334776263440128,-0.10289975338408645,-0.3239432487114508,-0.1996614465469806,0.04504831367107531,-0.643101571261249,-0.07038101521188093,0.03168209566857307,-0.7849167838634277,-0.20106076435524461,0.01103140367379847,-0.4871648861889264,-0.1702241637839324,-0.012274639279738953,-0.2848224706320645,-0.11225779534327168,0.19280310192244027,-0.5967550045029544,-0.08974885801750082,0.18155210673640731,-0.7075707368818176,-0.18173114972887197,0.1290301865142288,-0.5021101856396101,-0.1539228428906867,0.07841219008621693,-0.3547017683138612,-0.10727578300864676,A,left
0.0,0.0,0.0,-0.24502157806633984,-0.07215784544465555,-0.09443872638186866,-0.41972205254293776,-0.35155483440644564,-0.12357446813800661,-0.47936552055860926,-0.6209475194786077,-0.14697304340339493,-0.5465264970335403,-0.8233977286236774,-0.15272514048975858,-0.3237149589755107,-0.6302478669375717,-0.05982047404358783,-0.3465212322505525,-0.7975984023210274,-0.1656223582014426,-0.2940419737350362,-0.5587557589006676,-0.2091469636220975,-0.2529873139433415,-0.3725989878497117,-0.220535221255558,-0.15304432138781796,-0.6642164062046516,-0.0629966461315707,-0.18319227910742478,-0.8175791093880923,-0.19234939350275249,-0.15870882633446676,-0.5071691580822902,-0.21708261130503528,-0.13889783484214915,-0.3126893074174254,-0.20044097149731363,0.010116071831363267,-0.6527811589841653,-0.08440723374348957,-0.005681674615689382,-0.8165249082182976,-0.2244473055825093,-0.021317299764685747,-0.4977813938948936,-0.19105642662286218,-0.03978525993349229,-0.29061274507660845,-0.12959401583827165,0.16669123660159438,-0.6022882991022674,-0.11208294485084531,0.1612050320642132,-0.7160702925439589,-0.21725893059864435,0.11662530714410937,-0.488781102911711,-0.19066901532851255,0.07000239160817609,-0.3308024827903837,-0.14234901627328123,A,left
0.0,0.0,0.0,-0.24082545948909054,-0.08485020951657464,-0.09857204310689884,-0.41892330916708787,-0.3560474392274293,-0.13298639066052942,-0.4795474681197459,-0.6186727323374499,-0.1624432901652582,-0.5301948393643265,-0.8296895139021685,-0.1746675208280556,-0.3049799701934733,-0.6493592056623008,-0.04702252296680295,-0.34139667280477626,-0.8069900819206764,-0.16194137985349544,-0.2963764398693489,-0.5708853335285284,-0.22059101337583253,-0.2535220224857266,-0.3777789020565515,-0.24033774863482127,-0.13374116720698676,-0.6804140255995749,-0.0478726892860256,-0.17977075378128143,-0.8295300643299379,-0.18215303238301153,-0.15812016759276953,-0.519342313138797,-0.2139465612904985,-0.12988360650337294,-0.31055914199044377,-0.19911254715899576,0.02970550467175212,-0.6655498369940703,-0.06930126580504953,-0.0060036301783624214,-0.8200154171003018,-0.21235334083566912,-0.019486251592486126,-0.5067789538869707,-0.18144982521383976,-0.02326351158273717,-0.29392545805472076,-0.11788582505759529,0.1875801627064535,-0.6104326121064847,-0.09757831149461935,0.15724393542339088,-0.7315387582569945,-0.2020884660908707,0.1145759539173096,-0.5057996307402933,-0.17334994326763567,0.08455253740494911,-0.34251454759213285,-0.12123339189915139,A,left
0.0,0.0,0.0,-0.2565389720205765,-0.04343197625480846,-0.10908927594107504,-0.458093774794325,-0.3068700409455455,-0.14674080692906624,-0.528992925237825,-0.5757318250336585,-0.17711287557500716,-0.6008538717880682,-0.7764391663739325,-0.19004432556075065,-0.344890795241415,-0.6193260146616938,-0.05894931016044961,-0.3814623533314966,-0.7853647017982301,-0.17297030194646296,-0.3250728977977134,-0.54465922429803,-0.23362783325660832,-0.2720976073374894,-0.35242700394541027,-0.25553843943291654,-0.1705552444992555,-0.6718644858716822,-0.053266675293359475,-0.21182009737535842,-0.8254026102115607,-0.18676957447948586,-0.17389915370268205,-0.5117976321385683,-0.22002743254587634,-0.13852971408280207,-0.29177355752434864,-0.20644681240915702,-0.007099896106669315,-0.6758295515422909,-0.06815663432227655,-0.04009532907641965,-0.829727906100902,-0.2077314941930871,-0.04095224803087351,-0.5158397090514376,-0.17933247975093314,-0.03835396302608979,-0.29208244691490753,-0.1185577110685578,0.14999797157612954,-0.6432977904269853,-0.09100345591102706,0.11764294788412634,-0.7607829159297681,-0.1938641929516801,0.084878379756855,-0.5352749146640804,-0.168448414172924,0.06274710512787371,-0.3658496750375586,-0.11941105178683753,A,left
0.0,0.0,0.0,-0.26025168845542157,-0.022790695216490124,-0.11564121865029073,-0.47438638347986006,-0.2736134250755161,-0.15363817825875,-0.5599899716557117,-0.5469186387071686,-0.18258128758049633,-0.651081093360974,-0.734049987377532,-0.19303892327435904,-0.38391057167655546,-0.589811826049629,-0.06356527265490013,-0.42678415334661446,-0.7622377218189428,-0.17828470233338975,-0.3545563425344111,-0.5291451121110373,-0.2324554427228936,-0.29085639991675233,-0.3471702265108011,-0.2487363483842532,-0.21418041305527824,-0.6596719736729306,-0.05403044663807325,-0.25208357150729777,-0.8277468656120807,-0.1957194852894998,-0.19880682623536441,-0.5044795495586673,-0.22619902865890593,-0.15235045775897155,-0.29468070463506923,-0.20776473097284714,-0.05622735616118707,-0.6762546054956892,-0.06529986097667718,-0.07395122646914037,-0.8423869091955992,-0.21475640055902928,-0.06665962862164851,-0.5216426462673688,-0.18558378072946707,-0.056492931688649495,-0.30160022277838583,-0.12080541911187319,0.09249082973185253,-0.6542652600332443,-0.08462841597406945,0.07904767392200408,-0.7784712185672359,-0.19454329477042803,0.054429627300562965,-0.5452658548394503,-0.17098545270873253,0.03486847433002306,-0.37289132764411387,-0.12121000014087532,A,left
0.0,0.0,0.0,-0.26150534890952165,-0.018700763080141965,-0.0876976427697437,-0.4832718156320895,-0.27684386703717123,-0.11231954385991419,-0.5781115987714363,-0.5487039451143703,-0.13522660558656538,-0.6847088380362996,-0.7146932147526012,-0.14278450861901232,-0.41960397477201017,-0.5909812443401936,-0.03361890260200397,-0.4834822768994049,-0.7577371570067595,-0.1494364947044464,-0.4043859191728819,-0.5245068180522462,-0.20656337911272243,-0.3337381277711053,-0.350457264849192,-0.2244435129771628,-0.2580827856533694,-0.674787303958543,-0.03781601315193298,-0.3156360216788026,-0.8287353690297982,-0.17903404657076186,-0.24596968654263746,-0.49835435088663127,-0.20832053050418783,-0.18782249365692288,-0.29766186350335416,-0.18789891146205545,-0.09720507881316645,-0.7067284134087228,-0.06259072550734135,-0.1382152584651363,-0.8580587685484186,-0.21175345144884736,-0.11012451091827798,-0.5195475742028542,-0.18058335875681336,-0.08723628234163314,-0.30170510471534856,-0.11340352165788259,0.06531210215075561,-0.7002243943019638,-0.09331803789561526,0.034994190456640685,-0.8064027129383784,-0.19978379326803097,0.02025511267142337,-0.5517760007098612,-0.17203405520739404,0.003861067749425645,-0.3733850963524822,-0.11929254212959871,A,left
0.0,0.0,0.0,-0.25954666422044687,-0.049150235692189494,-0.08874576353391543,-0.466150739416914,-0.31253658805106427,-0.11460274427148069,-0.5453384774336719,-0.5765820601898655,-0.13716086857848853,-0.622702259169662,-0.7693608913476603,-0.14256828290237894,-0.3731832649053651,-0.6625535546953891,-0.026087729919833744,-0.4519579545267025,-0.7725854880373357,-0.1324137487034392,-0.38353653568217305,-0.5394138824903838,-0.18669350250867556,-0.3187268321941036,-0.3540383369082295,-0.20453476554175212,-0.21600455896466864,-0.7312686407685987,-0.027983213204772282,-0.30002505892161024,-0.8145749420253904,-0.14946753762452814,-0.24045263854294918,-0.5002431118225846,-0.17621862086950196,-0.183791482797526,-0.30552799123076985,-0.1617400216298366,-0.05641247398555129,-0.7434457808136623,-0.050764758451703494,-0.126573795024062,-0.8510457144395769,-0.18440348545942836,-0.10886483451578781,-0.526036230814476,-0.15269467943018553,-0.088003758740502,-0.3100057421211714,-0.09276977136459617,0.10430172435091661,-0.7084401250799247,-0.08079711072320604,0.05154951870363372,-0.7659012738625285,-0.1839759929869824,0.01707550941944725,-0.5162666399695157,-0.1599033615222873,-0.00809094545956891,-0.34230174121244206,-0.11243785121477927,A,left
0.0,0.0,0.0,-0.24969484156281746,-0.04357138982273566,-0.08723712650102473,-0.4552720470791068,-0.3296117705154783,-0.11100549578295096,-0.5257508370552736,-0.6041790175198624,-0.13173697652670885,-0.5643737107768119,-0.814307858509543,-0.13559139409864404,-0.30932472826252577,-0.7168980232885852,-0.010951603987402758,-0.4120243719411015,-0.8006375158599153,-0.11539338899867532,-0.363632506417551,-0.5616707645407215,-0.177508307880234,-0.30582007958919666,-0.3648830194568276,-0.20186909823417432,-0.15036350806852233,-0.7672706336540123,-0.011636518355176647,-0.27299605299021196,-0.8260300240846387,-0.1275942003736333,-0.23088726821491276,-0.5100852948286737,-0.158931196099673,-0.17633135044074888,-0.30450924926026246,-0.14820038443987393,0.008798293881620473,-0.7563789015328265,-0.033547659120050845,-0.10146617295043016,-0.830973900394324,-0.16321818500335367,-0.0942232799464886,-0.5029379636845299,-0.13026270508042218,-0.0718892865958518,-0.28921078592367927,-0.06963932859985333,0.1659287594170525,-0.6970521181363235,-0.06309025730382117,0.07232935297542456,-0.7318852636868167,-0.16263463084059956,0.027622820313896373,-0.4843076839084442,-0.13571589888866764,0.00925370726388718,-0.321508285412798,-0.08631321128615604,A,left
0.0,0.0,0.0,-0.23950087611992762,-0.061063261660334635,-0.08228557396485152,-0.43623203934299,-0.3516947446823886,-0.10660167734299936,-0.49572042167745484,-0.6292922858279189,-0.1279931496211319,-0.5061003688948352,-0.8523542730524382,-0.13173689617476647,-0.2648053332215433,-0.7645881861920324,-0.0028070420897206407,-0.38303898651407964,-0.8149570593823137,-0.10395002161354801,-0.3413183615483482,-0.5628764838075476,-0.16609914808998127,-0.2874418957389897,-0.37125541417531727,-0.19207970066343766,-0.1122666649646808,-0.8013698826693361,-0.004819191630643739,-0.25627238309304295,-0.8281062102528034,-0.11265037228142476,-0.21733388158252837,-0.5182391912405137,-0.14004075370882685,-0.1629628992097426,-0.32516023331804966,-0.12993115335054714,0.039875855428938914,-0.7768497912087744,-0.027921675207704038,-0.10008534092517261,-0.823701716061211,-0.15042504465277787,-0.08988600363104757,-0.5063130555681506,-0.11550095955005121,-0.06097362496433322,-0.3075939357601107,-0.057269957973543055,0.190798211891104,-0.7023396886169753,-0.05906329890151517,0.06053203503850518,-0.7199795844958856,-0.1563361548365182,0.017796002729203078,-0.4750065930198638,-0.13134249693991235,0.010429577077890103,-0.3190263567877979,-0.08456915455624289,A,left
0.0,0.0,0.0,-0.23361178805327026,-0.049091337926956226,-0.08150360352330853,-0.43783860371472555,-0.3550272073628086,-0.10260573259287764,-0.4916805701237527,-0.6441478473895861,-0.11966473719638622,-0.4839929423525832,-0.8671510974760713,-0.1174725750928026,-0.23284339514037133,-0.8199664095929149,0.0024727652447516573,-0.37621201264335796,-0.8420626527726754,-0.10107493394410866,-0.33168526149681765,-0.5744374115035144,-0.16950235709095898,-0.27353160296643336,-0.38601988704422335,-0.2019710839586216,-0.07971258146744255,-0.8487150305976576,0.002688465794583166,-0.25949544082537024,-0.8348535368335459,-0.11083070372326302,-0.20937551050815076,-0.5122211644025972,-0.141678766495439,-0.14636636698989203,-0.3250734762697612,-0.1342207319375942,0.0654940762669045,-0.813370805925396,-0.018680261872875893,-0.11602843944039515,-0.8165278744242057,-0.14056032021671488,-0.09257497951267664,-0.48980304688712056,-0.10380044025005103,-0.04925537270764007,-0.29538429055863963,-0.04653436626638101,0.20474481049876694,-0.7314788920194317,-0.04972051244976692,0.03838358388369221,-0.7110367740886302,-0.15104687234110015,-0.0007275229168097379,-0.45932789971274496,-0.13444513549361004,0.004827097909142801,-0.3098349780220284,-0.09394940731824754,A,left
0.0,0.0,0.0,-0.21832059550435942,-0.0532740439490261,-0.06190343677386316,-0.40616720868537187,-0.3704439376448265,-0.07125642523911445,-0.4489856658123607,-0.6609319873151114,-0.0792928201763886,-0.462709888654821,-0.8838133469983653,-0.06909071289681536,-0.21513543452945946,-0.8514146190526118,0.02453222420116422,-0.3628914702466495,-0.8602878428869976,-0.08053471631049734,-0.3191580649301633,-0.5841121006466281,-0.15277531958170137,-0.26002997194568067,-0.392439804923163,-0.1870806715464454,-0.07042768384647345,-0.8736389342038,0.018038030127481324,-0.2657812676341077,-0.8569877832351189,-0.09806007800780488,-0.21418192973694916,-0.5158754921578732,-0.12963392357891165,-0.14759390520152055,-0.3245717011677044,-0.12057598951821698,0.06805587441213169,-0.8391320275968057,-0.009141176003493704,-0.13372451674871647,-0.8344046025013877,-0.1285994619690126,-0.10424471643405844,-0.4931892689025898,-0.09111491325389713,-0.05242676259781648,-0.2988854850234907,-0.033455727440465835,0.20084211622652798,-0.7612692812083297,-0.04508610082172707,0.014765443906825087,-0.7152126477772981,-0.14344091057952696,-0.012955211395366985,-0.4594439515966089,-0.128829729231569,0.011250045627119176,-0.3239938340800478,-0.08940940409090374,A,left
0.0,0.0,0.0,-0.2178384441034028,-0.061557653978059644,-0.04034384475843138,-0.37391706215023873,-0.40306235450883526,-0.037080079144010826,-0.3926893110811788,-0.7032629644176158,-0.03865124782624969,-0.4122907414023316,-0.9107725040266814,-0.022578539874939244,-0.1904920103263776,-0.873053322395214,0.04864558976225134,-0.3727629472732245,-0.8818170681960008,-0.0655220735127638,-0.32948787593459383,-0.5917962953572,-0.138982873397272,-0.262365169479731,-0.40463500105714506,-0.17116152281316357,-0.052931842343895655,-0.8951031826983269,0.031292369359320234,-0.290715566940961,-0.8742063535037763,-0.09843328266670388,-0.23411467576489783,-0.5178986567354422,-0.1261654271726988,-0.15405610906652623,-0.33690863557449785,-0.10814297359285978,0.07468741025007826,-0.8597235615815924,-0.00839007113856209,-0.16399899494312886,-0.8432066347993404,-0.13967738424176857,-0.12284988320977505,-0.4842404540181607,-0.10202410312151532,-0.0545856730017035,-0.3002062257998502,-0.03947881587933495,0.1942489429275648,-0.7806313222448183,-0.055608905059738034,-0.020660764720816176,-0.7005372867607438,-0.1637246544330861,-0.03323701088705828,-0.435211163345644,-0.15976543891343636,0.012626493612654709,-0.31123327422610836,-0.12543295980127975,A,left
0.0,0.0,0.0,-0.22318586274157914,-0.06887461707962265,-0.049818631317703706,-0.396077500277531,-0.38981077210123505,-0.057679930783838936,-0.43490597300522205,-0.6753197701510245,-0.0673883310895819,-0.44992767758244634,-0.8910372738506042,-0.060146999544031736,-0.20104424374457827,-0.8741566118411109,0.034823007231883814,-0.36574836067172223,-0.8793736102976402,-0.07094817229779123,-0.32267837813272726,-0.594474170544086,-0.14461352440118516,-0.2610308366028444,-0.40139745938217436,-0.1794121720656398,-0.05726976027254555,-0.8960516723221347,0.021415821654268172,-0.2730793815159312,-0.8744942133590259,-0.0961389076372495,-0.22157522216652664,-0.5275136055888919,-0.12771204314299248,-0.15051107950167672,-0.3335893739497147,-0.1170056132341947,0.07793652171240532,-0.8555387086873473,-0.011888348142751509,-0.1448167890843453,-0.84484545412714,-0.13182131104026942,-0.11137372482964342,-0.4989396812822427,-0.09626369491706473,-0.05293525374681595,-0.3060598066534904,-0.038920197261478495,0.2041524049416319,-0.7670954142717079,-0.05294066387342168,-0.0003665164627363533,-0.7088134355591639,-0.1531062271113114,-0.021636975061367622,-0.45323609430951317,-0.14219201987942187,0.013355773938763246,-0.3203062781155026,-0.10442924847108649,A,left
0.0,0.0,0.0,-0.219380725150048,-0.030845114420506952,-0.07392795606558679,-0.4170397125127206,-0.35839538628371453,-0.0841163558043663,-0.4646520495909907,-0.6584937170098261,-0.08965264303084916,-0.4824171415680026,-0.8726567454036424,-0.07578856261257652,-0.24139155461960254,-0.8328772174291958,0.008032870239253464,-0.3819047280874539,-0.8571818935391273,-0.0945090522976175,-0.3291000348567413,-0.5800171888767358,-0.16152943868775613,-0.2658675408038392,-0.3855960093727442,-0.1931482007928604,-0.08556715176263896,-0.8601073571016653,0.00701294207863274,-0.27084435946113106,-0.8596498975126621,-0.10857889462231311,-0.20964518786358236,-0.5228952919562774,-0.13745240092309932,-0.139321500729361,-0.32996996734487466,-0.12658009553968655,0.06409179677465199,-0.8265856295423478,-0.015176286694886,-0.12573646947402242,-0.832779176816034,-0.13698299471049333,-0.08965486638885584,-0.49531199727744263,-0.09901651219661758,-0.03871607679295688,-0.29485776099042965,-0.040899465682293634,0.20772025106188904,-0.7513502310699334,-0.046987892752316386,0.030465100272297704,-0.7182305364606195,-0.15199090798674136,0.00028776296138123027,-0.45758107204752574,-0.14000231104296393,0.016756877617264927,-0.30643879655659784,-0.10229907540538968,A,left
0.0,0.0,0.0,-0.23751260593455376,-0.057573762480948004,-0.0757666876013524,-0.42894192677698845,-0.3477549477999029,-0.09607624890056728,-0.48991974892394113,-0.6211844897064838,-0.1159362669631648,-0.5287014421232862,-0.8400479739937853,-0.12163135486252791,-0.27167206571843644,-0.7255579215149726,-0.007078955691772912,-0.37410149633468565,-0.8290757467556751,-0.10994734586964733,-0.33628474298467276,-0.5813198598832697,-0.17325452137707717,-0.2841076435576483,-0.38429825431517584,-0.1977664778067298,-0.11411951488358969,-0.7515707522997439,-0.012348592310222796,-0.23072770476376012,-0.8423674509722527,-0.128291826615239,-0.204958837941614,-0.5297835990327859,-0.16040622556114262,-0.15948295034309057,-0.3163862590131954,-0.1478767571166413,0.038846756031707126,-0.7255113985576112,-0.03701102278376201,-0.07065598343700448,-0.8169242448516365,-0.16647500240130417,-0.07462265033784156,-0.4987978366362785,-0.1386213851139142,-0.05340696889201994,-0.28364561947644085,-0.0790141167287638,0.1873170206244197,-0.6584124720728316,-0.0675972411275761,0.08438658020850379,-0.7273185165605938,-0.16584918415573655,0.0335840305794237,-0.48997389575513456,-0.14036092787156734,0.021541775322001036,-0.3203875798859963,-0.09056553637610099,A,left
0.0,0.0,0.0,-0.24908331743701814,-0.06277350092869641,-0.0958099946105506,-0.4416800962274636,-0.33137202300960705,-0.13039442805532356,-0.5070556135066435,-0.598793626013753,-0.15999902778248995,-0.5556091434689552,-0.8133522068682282,-0.17250120949221487,-0.3233310822344038,-0.6639194888211787,-0.04452183986345272,-0.37907308629011444,-0.8131700509609463,-0.15841359066242452,-0.33231503454581895,-0.5763992754332873,-0.22008382222382902,-0.28406774958926606,-0.38304926843371234,-0.24200164360110504,-0.15464405010675028,-0.6992998906809264,-0.04593956601507917,-0.2216273946737974,-0.8299933095144478,-0.1773350047756009,-0.19245735283710055,-0.5198359704971083,-0.2108377491201254,-0.15614410933420858,-0.30734483048493866,-0.19760464735380626,0.008456922207771224,-0.6852833175758919,-0.06712827679758193,-0.0525206084113089,-0.8120188026626504,-0.20887602595656196,-0.0557287175825095,-0.4935827196043877,-0.17899778229213942,-0.04705658731498701,-0.27563625211416365,-0.11645482627806222,0.16784604758318347,-0.6327681221721835,-0.09494565621889527,0.10944707694831819,-0.7235446697080795,-0.20011367889569862,0.07067846039175499,-0.4849979355958725,-0.17175415293190263,0.050605551934482684,-0.31451903392193636,-0.11932605774140143,A,left
0.0,0.0,0.0,-0.2490545737571608,-0.0723781866802114,-0.09421935904566807,-0.43026199457947717,-0.34461215598987077,-0.12676461997679803,-0.4937048297944227,-0.6073611400870894,-0.15502908343692776,-0.5623469246841363,-0.8100542944370278,-0.16606618067030848,-0.3330310599299952,-0.6511836195446755,-0.05287140124397283,-0.37027649182810407,-0.8063249725158982,-0.16745395411233568,-0.3182377006776756,-0.5615733277291574,-0.2224187226264559,-0.2729880531117535,-0.37355071923664757,-0.24001140295114062,-0.16288656140156113,-0.689846502797439,-0.05828330948457887,-0.20567914461444098,-0.8299598608085927,-0.19195956707406223,-0.1748195313775385,-0.5099213748789794,-0.2207837195285166,-0.14788246009808592,-0.31019485693170273,-0.2050176694276519,0.0019423949900159952,-0.6798486800689776,-0.08313370293310597,-0.030107122345247928,-0.826836004145545,-0.22504322177807778,-0.035739494368536066,-0.49741615182758514,-0.18902453003224548,-0.04265352213150509,-0.2880681362431964,-0.12427631466775967,0.16221594610650064,-0.6289234926068549,-0.1147910706073725,0.14479651470350005,-0.7361278784550729,-0.21884009003290994,0.0998523873598882,-0.49852569359427007,-0.1872456273874712,0.05664915183568627,-0.3349162694352305,-0.1341540419047675,A,left
0.0,0.0,0.0,-0.24256767096265425,-0.07224663692206854,-0.09693078895970715,-0.42922199119870824,-0.33901873768022855,-0.12989485435818474,-0.4988488494914826,-0.60267022879743,-0.15804859008643496,-0.5606432076058177,-0.8107206601724937,-0.16855623671325884,-0.3222962570243793,-0.6359455117519923,-0.04875025333514697,-0.3485941788502716,-0.800169012566365,-0.16325198622654866,-0.29942809221223043,-0.5587611042923875,-0.2171468698990198,-0.25929061165923684,-0.37968986548386274,-0.2338744110029355,-0.15592344590397836,-0.6729698966626715,-0.05146171424891721,-0.18471739540190424,-0.8239972057154781,-0.18431251681897198,-0.16019753101025833,-0.5118955280147227,-0.21397218630353332,-0.14545598575204557,-0.32396635823320874,-0.19901465192103113,0.003607026042979242,-0.6663893973399376,-0.07426132819971178,-0.02084229876955899,-0.8114097628542656,-0.21608823949821598,-0.03004449355797585,-0.486180861165213,-0.1818703330810997,-0.04498370298460117,-0.28911589580779007,-0.11811711194014517,0.15804684058203014,-0.6215904773832163,-0.10390632909380786,0.1431749504493793,-0.7290858186588396,-0.20438658590062964,0.10007818120590811,-0.49493129595351854,-0.1722124104412468,0.056452058425307254,-0.34009247275177606,-0.11950687582711335,A,left
0.0,0.0,0.0,-0.24095190538610028,-0.0664970789805742,-0.1121468201468266,-0.41863338735845695,-0.34330880388105517,-0.15241603940660825,-0.4829875193355092,-0.6127966431174485,-0.1824665703774952,-0.5590396269258464,-0.8059958425615601,-0.19453893517774615,-0.30951970384673966,-0.6249030701811925,-0.0805076163352806,-0.31235084533936996,-0.7891283501427495,-0.19199949455582155,-0.2621513119075042,-0.5532935836702926,-0.2410090296374289,-0.22739501362407433,-0.3758659699840674,-0.25537216020594256,-0.13609676257162232,-0.6588474187306147,-0.07227852555681631,-0.14276239453165782,-0.817069866999845,-0.20556241143879095,-0.12282759805759397,-0.5154000825358793,-0.23378522381968678,-0.11720420112897434,-0.32063838071508377,-0.2193135117004289,0.022795804823886105,-0.6485111204505437,-0.08253257446732146,0.01854096051986362,-0.7883037957078725,-0.22136196041136266,0.001040904329857813,-0.4811407273565193,-0.18890814546269286,-0.025090821444348176,-0.2815689829705343,-0.12835820276965085,0.16859456459957234,-0.6049528227834824,-0.10020491954516346,0.1665560776683579,-0.7202132385754573,-0.1961707818911777,0.12316012559137951,-0.5022540818438355,-0.16576791071886304,0.07595333996358362,-0.35047374463681935,-0.1165645552589315,A,left
0.0,0.0,0.0,-0.23505413937010458,-0.0723164661143908,-0.12317598934512612,-0.4083676628606313,-0.3504038153324649,-0.16656263242578143,-0.4716028357604656,-0.6195801455837554,-0.19662509815428664,-0.544186202590182,-0.8127494295687337,-0.20808589968129793,-0.30418722367725987,-0.631945506399569,-0.09268239233824269,-0.29063835173186403,-0.7893885131564191,-0.21075305839125164,-0.24458500299108413,-0.5473644377513588,-0.2608934783723974,-0.21816777618760297,-0.3760660799007161,-0.2760016934636125,-0.1258871075716647,-0.6626773623115817,-0.08183373361833247,-0.11660038344259627,-0.8154343840759749,-0.22422440444989006,-0.10427960272996718,-0.5004289103833347,-0.25371812954492295,-0.10895507696638876,-0.323246196376258,-0.2400799161732265,0.03491093251167437,-0.6464396215084212,-0.0902319726665355,0.05242214201848533,-0.7899448583465669,-0.24057448348867683,0.025875451695837517,-0.4743534643709346,-0.2051796937595123,-0.01278049943522421,-0.29114228811778037,-0.14152116391636732,0.17668058982047685,-0.5941222246104263,-0.10630623496935973,0.19463948504642176,-0.7104733219150526,-0.21060813681191573,0.15197291936415486,-0.48494120263326346,-0.1774866605152625,0.09672055694122234,-0.3447844027160948,-0.12531152126360826,A,left
0.0,0.0,0.0,-0.2255120773787157,-0.07994972895019824,-0.13566254008154438,-0.3885640424275687,-0.35628079311813193,-0.1882180344553043,-0.4491653706116848,-0.6221597416295426,-0.22415705976967937,-0.5278215208915213,-0.8145916747215568,-0.24050955398505589,-0.2786048759808073,-0.6625282004180673,-0.10652017014576572,-0.2657816685087525,-0.7927034937080338,-0.22376047056002954,-0.21889241856281927,-0.5488041968357911,-0.2761857861765231,-0.1911482772705883,-0.37241180934526075,-0.2943838400862463,-0.1000676376304822,-0.6954334499818888,-0.08979232161746205,-0.09276470947840805,-0.8144948637990302,-0.22674465010744735,-0.08140791866363366,-0.5024385846489733,-0.2574249804413338,-0.08843286271315642,-0.31959952066181335,-0.24780427323482856,0.05992289398160168,-0.673069802130448,-0.09285153594437826,0.08303151324805759,-0.7952984449955579,-0.2415141792944063,0.050006684333787486,-0.487007147313364,-0.21204624068504305,0.0020809837957351104,-0.296351259848515,-0.15490874452435927,0.1967988887009552,-0.6121948919803993,-0.10475755644775081,0.2190006678239374,-0.6977382932496163,-0.21573680078588728,0.1668291426001353,-0.4782796588849751,-0.19169382802209017,0.1024173682584866,-0.33770175593390345,-0.145960066772419,A,left
0.0,0.0,0.0,-0.2281840793802417,-0.0839223969543304,-0.13978462459295454,-0.3826884111615313,-0.3559022076859609,-0.19208664989781063,-0.432309875740718,-0.6257332751806687,-0.2275102068676285,-0.49912312577156487,-0.8314471746262937,-0.2440731470809031,-0.2526012173785278,-0.6799428053734455,-0.09580805955303526,-0.2067958415456917,-0.7909727621346634,-0.2049682665501324,-0.18378299250909289,-0.5498781815309286,-0.2567592755026151,-0.17611855202936383,-0.3764150289887215,-0.2764434474543438,-0.08224458012455145,-0.7036423749190194,-0.07437529207493113,-0.039994783568248676,-0.8113543381722119,-0.20269530020032758,-0.04886583146195472,-0.5049381754225181,-0.2357940294837366,-0.0726101163755146,-0.3187044694382677,-0.22966480484616653,0.06485468861219373,-0.6756348475792487,-0.07317657794931005,0.12081965075924422,-0.788230620493787,-0.2163447547182636,0.07480626356267571,-0.49012253066459555,-0.19556528619541236,0.01705438474813355,-0.3013662270060204,-0.14507624088665844,0.190953865889027,-0.6076536208162608,-0.08106689029230628,0.2388915704566138,-0.6943192206939357,-0.19058948103213025,0.18557429581078572,-0.4798002851241156,-0.17298333552887182,0.11333987342895108,-0.33523479290369174,-0.13205634797277394,A,left
0.0,0.0,0.0,-0.21668414935132121,-0.09535258940768886,-0.14445498314149455,-0.3650403120805345,-0.3589602734405891,-0.20282784271584514,-0.41695905419273505,-0.6222988146163562,-0.24421646679015474,-0.47994814250554163,-0.8361399894182716,-0.26555545296810007,-0.23940582633360116,-0.7105736818619359,-0.09286502230366454,-0.17661847266689543,-0.8037065251801632,-0.2049592161506563,-0.1608102322067528,-0.5616849032679823,-0.2601270795334072,-0.16189184350153105,-0.3862076103149601,-0.2808549469300258,-0.07248419631915375,-0.7292916051010936,-0.06873601954584528,-0.007496241054904813,-0.8167679685384166,-0.1974936517816133,-0.026706811219551065,-0.5082024726550018,-0.2325819705617034,-0.061962775550443265,-0.3241015485672342,-0.22699174392248353,0.06969071045635221,-0.6946597442069243,-0.06572525944935285,0.1451718072398235,-0.7872350523217535,-0.2102656178223961,0.09087844814832863,-0.492221126788958,-0.193276701196589,0.024489410067856498,-0.3083899055434619,-0.14397497963045844,0.19114910703382734,-0.619548027620356,-0.07215170577087603,0.25527202525556597,-0.6983803554644539,-0.18217690327761132,0.19751767801632228,-0.48875362881397555,-0.16682837561700636,0.11639529094882521,-0.3481357607157312,-0.12613290814679598,A,left
0.0,0.0,0.0,-0.21095823675180655,-0.10008271502397359,-0.1460664362563025,-0.34802470969136673,-0.36929934112664925,-0.20523902255609336,-0.3907663084502776,-0.6367328389435171,-0.246170340536024,-0.4558225822437106,-0.8491930553809405,-0.2666400723999652,-0.22002345748500585,-0.7242613409723615,-0.09610043550543047,-0.14619026056942516,-0.7964908910190289,-0.2055995320508859,-0.13538879256394623,-0.5551338914996296,-0.2573370783151618,-0.14183871265096806,-0.38017408649344936,-0.27592027901265037,-0.053059821126408786,-0.7430279412946201,-0.07021521621128869,0.02182125580416242,-0.8033607811238666,-0.19527209845785612,-0.0041545376768562904,-0.4980442966839798,-0.22818810356400476,-0.04406471569203461,-0.318623440160295,-0.22186365205461092,0.0879933252157616,-0.7032038607419697,-0.06513994694277091,0.17207339187121223,-0.7606681943336442,-0.20710056655477838,0.10959021206368359,-0.4709619188103268,-0.19013831814431997,0.03742658414600962,-0.2972265193950027,-0.14158698806541745,0.20512203175097177,-0.6206262549555592,-0.06956454451967922,0.27797388944495677,-0.680550913760861,-0.17677795106392435,0.21439622357086557,-0.47651044486451144,-0.16122857748015917,0.12655467735491369,-0.34465745683553417,-0.12095735723139821,A,left
0.0,0.0,0.0,-0.20693744163678998,-0.0983557454979533,-0.15201900697745213,-0.33171990209279534,-0.37930034863550127,-0.21227781172131174,-0.36571974170783494,-0.6506012507676585,-0.2523933993706374,-0.4314075734080005,-0.8604422158205286,-0.2711580698413371,-0.19387640147912366,-0.7274332928494515,-0.10278061225438292,-0.11059544274490961,-0.7965003163119809,-0.21219420053753585,-0.11182296517924553,-0.5526180633649345,-0.26081112629694736,-0.12740343456036757,-0.3851345512367512,-0.2773815902073359,-0.028110372641607304,-0.7380047138760462,-0.07283557475461501,0.05711205343358405,-0.7935423792683641,-0.19881086427830613,0.019104866239607925,-0.48924296396911404,-0.228105269287963,-0.02993559423420105,-0.3201346656868556,-0.21912351567647056,0.10853704905983222,-0.6940305398565249,-0.0642349207145943,0.20202422115915022,-0.7518557214818904,-0.20610707155312996,0.12999813767007165,-0.46731042670603334,-0.18637995366479035,0.05034489022411294,-0.3038216030764592,-0.13644760653425286,0.2206322525256903,-0.6108377863271732,-0.06571374460981297,0.2977233293371951,-0.6646023977885696,-0.17263583361622734,0.2286006671748392,-0.46352597422426084,-0.15749531832116406,0.13626342959817253,-0.342340189891837,-0.11798993577638751,A,left
0.0,0.0,0.0,-0.21590711067776502,-0.09763937248008,-0.1439429248414751,-0.3658161544515906,-0.3583752338985532,-0.20359402234983734,-0.4084408243607313,-0.6246379160245792,-0.24373124972561416,-0.45310944475604065,-0.8516620090346383,-0.2633698035841546,-0.23521542210563956,-0.7292690835770661,-0.1095859082487237,-0.1667914579286171,-0.800585111643944,-0.21807143574869492,-0.15384568705842455,-0.5542174630380807,-0.26668291380986153,-0.15947024783608016,-0.37126917718114083,-0.2837519354471979,-0.05997733491994523,-0.7490675741317311,-0.0862754384658454,0.008473388065894998,-0.8079390308593648,-0.21189786167380878,-0.017264924285049478,-0.4982712018306939,-0.2431233318400256,-0.058927967106781706,-0.31251373397331567,-0.23645609295141093,0.09137921957508485,-0.7114615188163598,-0.08210976090314186,0.17309780498778182,-0.7728159817485271,-0.22647595509084317,0.10866977598226503,-0.47577464875010217,-0.20813905884097095,0.02986099977474476,-0.29423627044618605,-0.15946633479567476,0.22022710910763726,-0.6271078244963757,-0.08672728383855648,0.28783788716827186,-0.6804051748845589,-0.2018118328691366,0.21852651638935117,-0.4638214184332944,-0.18710133616189278,0.12084052724759393,-0.3264417643808735,-0.14653484115834486,A,left
0.0,0.0,0.0,-0.21714814561514223,-0.0915461156157746,-0.12702477403992984,-0.3667585265259626,-0.37938505116494,-0.17460815468377297,-0.4187341961143012,-0.6465850168349409,-0.20542314500008996,-0.4880208025473438,-0.8452545567730362,-0.21767046316729502,-0.26050914530390246,-0.6852795309416174,-0.10121095971253177,-0.23126622028871624,-0.7853393504157632,-0.20317148208349978,-0.19874430288765593,-0.538562823034921,-0.2476737071176201,-0.1871044980772388,-0.3626848558429673,-0.26345358323711215,-0.08253843368368732,-0.7174399624414031,-0.08328585571155554,-0.056875888121598016,-0.7999720771619672,-0.2012369864708449,-0.06119641047268778,-0.4940142017009126,-0.22816895677687482,-0.08384302483109606,-0.3122867978195876,-0.22085865480046438,0.07448271728298288,-0.6858731700532871,-0.0820913312859391,0.11760304689800821,-0.7680887184582565,-0.2159144095784881,0.06702991238548753,-0.4707420099933099,-0.1908945266055594,0.0009971598545898686,-0.2857292260786059,-0.1413561738177451,0.20359850288512696,-0.6125501198721706,-0.08874050316003955,0.24580574232885338,-0.65642845032445,-0.19499786894148086,0.18097427963517687,-0.44274948414831305,-0.17653500915895554,0.09684621461972016,-0.30679678650003794,-0.13660124850858016,A,left
0.0,0.0,0.0,-0.2272785605299081,-0.1032826451037433,-0.10566416622529867,-0.38267681454088104,-0.3960637898445577,-0.1412385065397157,-0.43127616498344384,-0.6587480714988022,-0.16547530530608087,-0.47080584391336333,-0.8653319090192731,-0.17187944778270117,-0.2483352575807046,-0.7100434848903507,-0.0652952612790667,-0.26669277091092336,-0.7895048903358555,-0.16606917395471438,-0.23365614098468282,-0.5392963541437351,-0.21631898700968635,-0.21226892585164198,-0.36437377286026823,-0.23473008540667242,-0.07348182975865152,-0.7357011922405449,-0.055640046130644674,-0.10153671525126956,-0.7789540935329828,-0.16709528720049766,-0.10270274900064673,-0.4810941767326854,-0.19341699190186157,-0.10930488315679177,-0.3075872199993292,-0.18481486871500255,0.08411046853475652,-0.6983657703729417,-0.06377456336383483,0.06648846432747214,-0.7202226261672661,-0.1889536324539909,0.022065841101048193,-0.428646205650907,-0.1627309058607326,-0.02312080375240075,-0.251190763587391,-0.11236651970552339,0.22062138731114042,-0.6191432812707933,-0.07938897165964974,0.20542053444623676,-0.62288458992322,-0.17345924974287089,0.13657305050171567,-0.4073532520052702,-0.1505333346300596,0.06919417329774223,-0.27182303570167454,-0.10785251864590974,A,left
0.0,0.0,0.0,-0.2236960832321189,-0.12295299431543902,-0.10436424050259978,-0.37244011509104713,-0.40859933560862977,-0.13963392838185573,-0.4177136443302458,-0.6624397232010679,-0.16261420739337143,-0.45186295703724766,-0.8765339358533644,-0.16585574260472452,-0.22456813106696497,-0.7825459830579475,-0.05242293177206607,-0.2867477581225137,-0.7821008663239148,-0.15378112906689512,-0.25704551559736616,-0.5381897985292057,-0.20882302087383767,-0.22843340474574936,-0.36587416705924297,-0.23157292457125167,-0.05678072226859788,-0.8002287080447225,-0.04717039258054097,-0.13089055599581992,-0.7750571321102592,-0.1524582141001605,-0.1313718642963581,-0.47870552670866,-0.17808944449323583,-0.11894956732816682,-0.31138138433755824,-0.1715356980868821,0.09770242229043045,-0.7395530975483823,-0.061238687025001515,0.04337553854688821,-0.7197859970987929,-0.18217118471130794,0.0019902126979243154,-0.4311268067289805,-0.15256206269143924,-0.02392409899960061,-0.2689537269972407,-0.10275540497247422,0.23589181452478802,-0.6285782179067535,-0.08429953000897793,0.1935683112656353,-0.5941295251113793,-0.17952645094743,0.1179523045800087,-0.387427305142886,-0.15729909668517691,0.060389815722902265,-0.2732382765596928,-0.11537299084284959,A,left
0.0,0.0,0.0,-0.22123821287656023,-0.11766971760511152,-0.08475395508873679,-0.36076085900982724,-0.4192114659412859,-0.11127115414491523,-0.3965809323845614,-0.6722967817102358,-0.13197146579890104,-0.4335887606283212,-0.8905800732799741,-0.13736054649509877,-0.19782985230867212,-0.7854122304121789,-0.015860420948170133,-0.2988593846583119,-0.7964598601757601,-0.1220415738943271,-0.27575299441315576,-0.5559665810745967,-0.19510453658185778,-0.246112398510197,-0.3746804995811807,-0.22755681952253073,-0.03641964836250608,-0.7991946857401251,-0.017293698972158125,-0.15080698333679418,-0.7825381107697587,-0.11688160698348818,-0.14631938320617696,-0.4870039883801098,-0.14793507585413018,-0.12652874697521896,-0.30574336089086435,-0.14420981019943468,0.11118900975258583,-0.7313391202444604,-0.03849542768540591,0.009128960205031787,-0.7274356303141976,-0.1468769495710237,-0.020595693107048143,-0.43917051296727894,-0.11558732821692197,-0.026449226135884484,-0.26738284471035784,-0.06503788188634727,0.24496415654299417,-0.6148561955837982,-0.06819485360054724,0.15289820736547613,-0.588727734296981,-0.14902474216420666,0.08719935076387383,-0.381217591012712,-0.12052419337100342,0.057656575190895884,-0.2616220264118286,-0.0746106361688161,A,left
0.0,0.0,0.0,-0.22620011090657932,-0.0840067969402604,-0.07237344562106333,-0.38453819101988584,-0.4052587191569046,-0.08933948266252575,-0.4193817540467546,-0.6806700843889034,-0.10377804601676482,-0.4415528821511026,-0.8912862931788266,-0.10314938611354549,-0.21003057549548418,-0.7886360706490931,-0.003031535255683116,-0.34175919497978235,-0.8351353302572948,-0.10904862581543795,-0.31058252175190254,-0.5843395398440747,-0.1802917710230591,-0.2641830583077987,-0.40191646651942814,-0.21089789224230732,-0.05618595949469022,-0.8018559462588161,-0.006993673996185775,-0.19871134140175387,-0.8036416503992646,-0.11499482724306974,-0.17681339431025622,-0.4900683598576566,-0.1441470425972388,-0.1312197309581665,-0.3056906719915186,-0.13491339052896845,0.08334729530818462,-0.7425861734323133,-0.030608686026720667,-0.043681316361285014,-0.7603151737215329,-0.14785937600577984,-0.058055160025436675,-0.44685765951441453,-0.11287146210223932,-0.035492437845633884,-0.2589682493037935,-0.054912962132460955,0.21029233068650433,-0.641412718398926,-0.062066175792616265,0.09143374093162333,-0.6382525598030658,-0.15391566083219918,0.03534366245928482,-0.4052018297503093,-0.12967818683250049,0.03187884191490211,-0.2630199416058206,-0.08290525681873029,A,left
0.0,0.0,0.0,-0.2187137549167914,-0.06839625351805471,-0.06770174871091138,-0.38366338207486833,-0.41122852117417036,-0.07996911154950018,-0.4070769534493636,-0.7075792964936425,-0.09270353450777308,-0.41079177656454385,-0.9072961047478337,-0.08979919051056975,-0.2197822084698949,-0.8615065695341358,0.019108478140576982,-0.3660499121259919,-0.8862830973636979,-0.09849533376051316,-0.3275745584036438,-0.6084600592103687,-0.1788770043884016,-0.27153858861825664,-0.4190231567386827,-0.21401841768570687,-0.06378588956237809,-0.8835340827551191,0.01201868638863202,-0.23042377834207878,-0.8640421121981777,-0.1051220865868512,-0.19479317126656456,-0.5317313555874763,-0.13552717041744852,-0.1406172382317727,-0.3418913984830633,-0.12448752284094346,0.08355604307143379,-0.8311524691393598,-0.01809506528092873,-0.08506832925527777,-0.8224087387970456,-0.14047988141760748,-0.08004983529373097,-0.4863516567551019,-0.10364761412058583,-0.049966698570304974,-0.2889158787031014,-0.043878089374096194,0.22051376225400182,-0.7336803654539622,-0.0574630147053706,0.05645547562761304,-0.6918752169238586,-0.15085464417403274,0.004154980475713426,-0.4382209306661782,-0.1311987084373102,0.003338020412505041,-0.29060510289549374,-0.0878298418170697,A,left
0.0,0.0,0.0,-0.23439598160234937,-0.08673805519168536,-0.054075504692248505,-0.392714579459887,-0.40841209331717937,-0.07040536622900864,-0.4079638969200135,-0.6974096010042594,-0.09161487776593678,-0.39163099875850366,-0.9013858528503946,-0.09883141059868059,-0.2472202364135249,-0.8726733182364103,0.0334395821668579,-0.40058174445484535,-0.9121098932416574,-0.08711950791989868,-0.3665817164200945,-0.63147313153986,-0.16465054629513493,-0.3066690630289485,-0.4410147090136238,-0.1959611252400331,-0.09375666011705154,-0.912822064134507,0.01680352910573536,-0.2728497259366685,-0.9232319433326723,-0.10513038253782002,-0.24736928996325463,-0.5739378022318323,-0.13367556146453274,-0.19120472602286154,-0.38039840611070874,-0.11752244796601419,0.05505527785740758,-0.880126654835246,-0.022257240047008936,-0.1348138982290253,-0.8787993908826305,-0.1550700305194037,-0.12844461312610778,-0.5197635692669208,-0.12128636788300108,-0.08663485702964885,-0.3234125881837441,-0.058553878855578945,0.19292764570255502,-0.7928235520428479,-0.06818197430398724,0.002552459650078167,-0.7420013761659835,-0.16546463243491358,-0.03384052284634769,-0.474612396038902,-0.14528759096768043,-0.01099776033381769,-0.3321752985428715,-0.0991693704555141,A,left
0.0,0.0,0.0,-0.26977218166598677,-0.05626126531198641,-0.056553162976859736,-0.46773414845675015,-0.3326511701951358,-0.07499209538586069,-0.5160096920233845,-0.6115141510692226,-0.10156734769279399,-0.5461726033917538,-0.822343474802693,-0.11661158993387,-0.4095882447229817,-0.773648066519246,0.041079269200870065,-0.5360273895877466,-0.8296514669401263,-0.08517428246469556,-0.4731807605743443,-0.5732845180426479,-0.17423627793627233,-0.3984787173497245,-0.3844876762227151,-0.2122672791540803,-0.25496133243223346,-0.8556818659006754,0.02154885253781101,-0.39736919045356134,-0.9113653116096108,-0.10728930642425889,-0.3389458038722654,-0.5779554118937028,-0.14771144832789893,-0.26839609325886066,-0.36542053943341074,-0.13778021182176645,-0.08777356848699086,-0.8777548983323832,-0.021450283959849544,-0.23278525516757,-0.9243719155935152,-0.15704826833872434,-0.19660812555071305,-0.5670772550580342,-0.12943433877850288,-0.1460455732086845,-0.3464434025472767,-0.06896151409318006,0.08729565888880757,-0.8468299203681803,-0.07106511646477509,-0.073485628803006,-0.8391655690635872,-0.16312102444558024,-0.0892732297948745,-0.5665308848593493,-0.13431232088990058,-0.06133361940527322,-0.4062488438214145,-0.08275688759362686,A,left
0.0,0.0,0.0,-0.2754364140602881,0.010096820043268909,-0.053452163009368794,-0.5487371292023611,-0.21994061305940535,-0.06809466076748964,-0.6787562411922399,-0.48122661738009864,-0.09193473783390814,-0.7198201949691232,-0.6866618535011996,-0.1017565027942221,-0.48634110402850633,-0.7026721979203381,0.04633478214586126,-0.6213645749555042,-0.7679922806890781,-0.07493838191586284,-0.5250863689022552,-0.5157473165047429,-0.1582009038537058,-0.4190615266796131,-0.3241025171194687,-0.19307278801323766,-0.3353906075265673,-0.8046166415795627,0.02602251664632238,-0.4883193981876573,-0.8629158046533628,-0.10286475327165666,-0.3808034934982327,-0.5390122960950008,-0.1434263258433622,-0.27384712657424504,-0.33038291138607595,-0.13154424104600684,-0.16629417892738702,-0.8655039171087613,-0.01654029509584604,-0.31862694506616873,-0.9060464884787653,-0.14905349035985288,-0.2331586081767553,-0.5582552781808581,-0.11773326660442592,-0.14903371812495245,-0.3383539328811344,-0.05447415720838769,0.017328762231456095,-0.8846809338079576,-0.06568113271601622,-0.14301229084004238,-0.8804723866350406,-0.15924526774408024,-0.1240438493516202,-0.6018152376000618,-0.1281771140833809,-0.07568799496595918,-0.4317931800254939,-0.07388255334140287,A,left
0.0,0.0,0.0,-0.2659727298999636,-0.010074625795503092,-0.05522641265572295,-0.510699508463798,-0.2833839209398232,-0.06311626957739327,-0.5983510196327101,-0.5670662613969163,-0.0760481606747834,-0.6383458641156731,-0.7660589391436773,-0.07528784446694134,-0.40476806437834467,-0.7129779016407658,0.015371670414064238,-0.5298172827767305,-0.7942702222723674,-0.08991998370433446,-0.45423085879117475,-0.5433142704170126,-0.15131576975685654,-0.36977150623498073,-0.349919391096319,-0.17396476595434612,-0.24462851717495185,-0.7811630725253015,-0.0027110359602590087,-0.3862300215676114,-0.8586829684316001,-0.12228221575925735,-0.31138264297917867,-0.5349123335961322,-0.1491735725762961,-0.22870119072150336,-0.3272716913290146,-0.13184233251961058,-0.07478857144601118,-0.8015035007902162,-0.040316249287272385,-0.2177905412049203,-0.8922854765333422,-0.17182707286628476,-0.16624907469060463,-0.5450099476382183,-0.1302885408947565,-0.10689021435107864,-0.32469861154287966,-0.062168191519481,0.10099624177136102,-0.7779372334582875,-0.0830029806906364,-0.034614953250086726,-0.840888996355615,-0.18106941721340744,-0.04650361900617847,-0.568378836815765,-0.14434236534747238,-0.027084217513662096,-0.3887322120166091,-0.08709989387213958,A,left
0.0,0.0,0.0,-0.25751336914966166,-0.0514961385105224,-0.07059537458933657,-0.4704665540825683,-0.3339239276107137,-0.08728123328280563,-0.5433585361813051,-0.6069003575842483,-0.10447298511059865,-0.5755366665960097,-0.8109379805621222,-0.10553263516742509,-0.33785036731620377,-0.7280201253486002,0.006023519612124018,-0.4454717298992982,-0.7960502258863061,-0.09840149390503077,-0.3849938840797152,-0.5457126374487583,-0.1579289396616734,-0.317694749116012,-0.35718718921032294,-0.179575081032289,-0.17848709860477677,-0.7696524864697022,-0.003680690929672054,-0.3041987204145399,-0.8334090822332538,-0.12057644534915123,-0.24793764091423395,-0.5254355217195363,-0.14767364960510188,-0.1838611115595685,-0.3230253913147195,-0.1322299719444789,-0.014379881141670898,-0.7631802427940675,-0.033836536066964476,-0.14329341338234028,-0.8382978972318531,-0.16267963415024322,-0.1140740003004994,-0.5128671122943115,-0.12425023554745247,-0.07586555243025947,-0.3034128977654902,-0.059351116183306914,0.15272566165072252,-0.7120247330527905,-0.07053996052683979,0.030870868492734474,-0.7681671866038068,-0.16707275507359762,0.002504413613881783,-0.5132685393380675,-0.13410758901495284,0.002084964931752919,-0.3417873031407461,-0.07995017065846179,A,left
0.0,0.0,0.0,-0.24433829049790398,-0.06837477660926201,-0.09527105808254707,-0.42161028690689734,-0.3669072394297873,-0.12209606344168926,-0.4583934449361761,-0.645553150069413,-0.1416643459126456,-0.5038745604530889,-0.8515090678063129,-0.14506114149499377,-0.27062038862152443,-0.7335631361736126,-0.03579764013968691,-0.3546325254655793,-0.8058405706899404,-0.13895202539584137,-0.3175934293057071,-0.5686221244794157,-0.1943009086897579,-0.27780241208830403,-0.3771335105034051,-0.21454343198349493,-0.10120013139589824,-0.7600521230902301,-0.032407400685935936,-0.20440837831113162,-0.8097502624408298,-0.1477672605061602,-0.17826986438609618,-0.5034066691619454,-0.17517516050296109,-0.14622817358598922,-0.29991184648661817,-0.1645582883587478,0.062182180506996955,-0.7305924156808767,-0.04929029346962751,-0.03516415475026315,-0.7897795854878005,-0.17836636855341956,-0.04225614501610117,-0.47362556198214734,-0.1457023818671689,-0.040669497418673935,-0.2655242280944764,-0.08843534591642059,0.21990271705484532,-0.6570788065587038,-0.07367934975886632,0.12837365199342496,-0.6939205799531789,-0.1737153331096727,0.07592049669401202,-0.4545139518214359,-0.14796828776263765,0.04597639190667591,-0.2982691157077711,-0.10113545503200468,A,left
0.0,0.0,0.0,-0.2464794963841756,-0.09968920711072883,-0.09771208172061271,-0.4025225975115407,-0.4071521636717617,-0.12171045419046515,-0.4247582620952912,-0.6813019602233871,-0.13732381705473323,-0.4599548333445551,-0.877815886345672,-0.13371918696337012,-0.23983440367689782,-0.7517629599527892,-0.02234951630981988,-0.30703000460414775,-0.8054806049391702,-0.12279165996823702,-0.2820835621557146,-0.5649896628021053,-0.1792350280891018,-0.2522398115623687,-0.3883996028482078,-0.20169746135546057,-0.08020970485267245,-0.7692142069464839,-0.017544238985628756,-0.16345955410332694,-0.7995451601677115,-0.12594359761786003,-0.15794670274639486,-0.5013176341776563,-0.15156893059296914,-0.13864312013991956,-0.3223044653701697,-0.14203917038037728,0.06761178609099536,-0.7237194889076592,-0.03477507616885165,0.0007491508515932849,-0.7681297202320962,-0.15504708551566188,-0.03296895793662841,-0.46772962165871756,-0.12109225550466332,-0.04984776378862635,-0.28363760686227146,-0.06604248990063526,0.20647366460004668,-0.6315419806920367,-0.06136315555305477,0.1527737520336354,-0.6553684715861428,-0.15241013421134847,0.08434012972602226,-0.4372483817890334,-0.12661961321011025,0.036253493706866785,-0.30463779580911976,-0.08211467364510454,A,left
0.0,0.0,0.0,-0.24800279430048072,-0.1148336560382529,-0.1008270450142993,-0.41243283249143525,-0.40626534490016825,-0.13165343794871678,-0.4435845764538016,-0.6678133065761428,-0.15251508230575545,-0.4534208978597462,-0.8780459428671012,-0.15311698664317075,-0.24399192675841358,-0.7804793743209876,-0.0314619491986885,-0.3167035764691314,-0.7913503960125602,-0.12819142134682968,-0.28254407670700615,-0.5465974485980024,-0.18044735045041138,-0.24872239886649458,-0.36867936564739057,-0.20049515108719906,-0.07757303878166831,-0.7969764033237551,-0.026091639080598045,-0.16119738951195003,-0.7861873363529064,-0.12939775271782814,-0.1522093959860471,-0.4910733885454026,-0.1544531929938389,-0.1366883652259051,-0.31301842190707196,-0.146465613022169,0.07687949476389323,-0.7442126554815763,-0.041173835874090695,0.001484486044119277,-0.7485043100753743,-0.16101246626822407,-0.02687570814832092,-0.4505955658976587,-0.12850221751471422,-0.04531060653779931,-0.2684557618783206,-0.07526903978866724,0.2162207711529324,-0.6400559270853872,-0.06515174487084029,0.14908792143033725,-0.6426922542632784,-0.15958409376147412,0.08500319064618729,-0.4209726196860129,-0.13298156070340347,0.03854697293732631,-0.2829245431621014,-0.08659801309654416,A,left
0.0,0.0,0.0,-0.24858394086048397,-0.11051300586273899,-0.09732620344380949,-0.4134460876274739,-0.3914440660103559,-0.1306335373546367,-0.46123654054055147,-0.6459618636615562,-0.15648426554505002,-0.4934657169527756,-0.8541127700319437,-0.1642649148803334,-0.25456630498396354,-0.7964099722530282,-0.014838994960559076,-0.3409340100238156,-0.7696817224696368,-0.12496650414868841,-0.30763385910010693,-0.5290562652999027,-0.19588413596974397,-0.2731594228008017,-0.35970945156306927,-0.22688060981175034,-0.09677611941113393,-0.8338563029634772,-0.012970789244130606,-0.200327657930943,-0.7747488321480529,-0.12040801203346026,-0.17392140106393822,-0.48290051836883285,-0.1541894785183925,-0.1416130344357039,-0.31605586715713396,-0.15158908199349835,0.056898480579349035,-0.7893563675815041,-0.032902604416218256,-0.03864642163236018,-0.7274098432772017,-0.15573566083507856,-0.04570969229889565,-0.430806480704381,-0.12772617897899288,-0.048047089514571,-0.2644905328161458,-0.07596416602620881,0.19975177745751574,-0.689937707020438,-0.06239878447691486,0.11879827112795441,-0.6377396490610477,-0.15357358171240687,0.07038139079506009,-0.41382004635190306,-0.1274942837775743,0.03537807381458453,-0.2887294785081333,-0.08100279316542575,A,left
0.0,0.0,0.0,-0.25272975755925803,-0.0933307359421145,-0.09485776416280045,-0.42228235924056373,-0.3733778265541672,-0.12324462770800187,-0.4705014747575252,-0.63132480172341,-0.14230463829627882,-0.5152612982910024,-0.8451909293013491,-0.14197917984758396,-0.2887182178101386,-0.7949686803419936,-0.024104828496366904,-0.3872038767533784,-0.7435671573778105,-0.13065047287011877,-0.33610217968282824,-0.5141978781408952,-0.19471409200242948,-0.2907282336597438,-0.3549234457414709,-0.22113214590530253,-0.13400540961584545,-0.8483078656440752,-0.021241041208623915,-0.23668298396659362,-0.7457381156729679,-0.122111445978391,-0.1975021456016342,-0.46505643182165446,-0.15089626486747743,-0.165128537384407,-0.3181165084484069,-0.14800986710732614,0.018580911222192936,-0.8119305493857667,-0.03922581905364768,-0.07475547182327427,-0.7089297666040657,-0.15388118913983528,-0.06873565964928556,-0.41996819393382123,-0.12582567379565363,-0.06695329265358652,-0.2657724486402605,-0.07833746110091362,0.16205263077697785,-0.7163624134481106,-0.06726644733191077,0.08706015708486951,-0.6247607499638039,-0.15645212117714635,0.04417958366398628,-0.3998165056196761,-0.13527294681977514,0.008593303055006458,-0.2796883230771758,-0.09412126938471997,A,left
0.0,0.0,0.0,-0.25157648676701405,-0.09235101614221684,-0.09586711264754835,-0.419211550317907,-0.3723781539445836,-0.12241674875180762,-0.47480167883104946,-0.6272281886834904,-0.13865165162668552,-0.5332575079936818,-0.8351026536958426,-0.13505549954937,-0.28560976515260805,-0.7877536292234762,-0.025468925368048533,-0.39302803013945464,-0.7222771113894045,-0.12843404919994306,-0.33974298590737995,-0.4930293970245378,-0.1876844684717457,-0.29103415191055415,-0.3422347975613536,-0.21152870720490627,-0.13230494184798225,-0.8430053035169841,-0.021844408642851608,-0.24682162620336168,-0.7285690422068656,-0.12095000523763173,-0.20176179247288084,-0.4515286738715844,-0.14696253959496386,-0.1620237757201592,-0.3133241892390662,-0.14268645018669077,0.018109428574000982,-0.8073575715802516,-0.03879010229018697,-0.08432712380359784,-0.6917507467668652,-0.15314127237072203,-0.0736188734920599,-0.40649593732266015,-0.12421010232492968,-0.06700907189095436,-0.2594002768418306,-0.07659983865849812,0.1574083961615705,-0.7121611776747122,-0.06596196393968473,0.07964903858768914,-0.6065645033480184,-0.15691833287490406,0.04175189318199707,-0.38327504232772697,-0.13769081987441592,0.011318805395969824,-0.2695299328471829,-0.09812312671201524,A,left
0.0,0.0,0.0,-0.24307322305148177,-0.09146446439187553,-0.10124966198430026,-0.40919334679532277,-0.3727767733717734,-0.12881811032936524,-0.46556948031789225,-0.628903420583953,-0.14564527563277135,-0.5243437384157085,-0.8394720907994189,-0.14265431207324702,-0.2799939103764531,-0.8002515457062954,-0.021892088645209577,-0.38208966892990254,-0.7259176281146413,-0.12972136837177475,-0.3289751644385955,-0.49094753087841075,-0.19646635546412353,-0.2802149675171931,-0.3474981985245879,-0.225707660198022,-0.1282053700891044,-0.8547331504523664,-0.01611029352532541,-0.2374531906499493,-0.7359631208532542,-0.11958847818840741,-0.1925065748080946,-0.44982209495531666,-0.147943244484926,-0.15161998421753445,-0.31320221934412185,-0.14396119368600965,0.019917766483348937,-0.8190800876688261,-0.03263113467063709,-0.07608734974003946,-0.6918729287308759,-0.15103516250916424,-0.06837556414425461,-0.40262259598771705,-0.12484852637603265,-0.0636017661096175,-0.2593981201942407,-0.07732801423000635,0.15734380985468,-0.7246000930156526,-0.06023903437553629,0.08611384538061996,-0.6027806837805666,-0.15169783741632206,0.04737185445702034,-0.38171646230401257,-0.1349112676161544,0.015254497019081844,-0.2749056240189351,-0.09663691832451578,A,left
0.0,0.0,0.0,-0.23670625835312126,-0.09430080659589371,-0.10581415853326841,-0.40370126368665143,-0.37121693814649165,-0.13511151632850507,-0.46727100535652066,-0.6267693220540408,-0.15318701444204083,-0.5220326132282539,-0.8394967208809176,-0.1507554521609979,-0.2877736252857535,-0.804085108689828,-0.026977481542473244,-0.3880086045636519,-0.703720229446286,-0.1384571426642001,-0.32802152641728416,-0.4733257438749011,-0.20819156895610538,-0.27481405106863993,-0.34021604774292946,-0.23917331575195627,-0.13384156100826558,-0.8570644164341482,-0.02112423165593208,-0.23814181286365996,-0.7010646696695966,-0.12335219877997103,-0.19030647461712677,-0.42279370654120185,-0.15273091690798063,-0.1479288363243261,-0.3058730204987573,-0.1510074088308864,0.018515801090895154,-0.813787590355216,-0.038250192782581016,-0.06863022256698317,-0.6564983509177422,-0.15910738039117023,-0.06472700084483093,-0.37551910746771955,-0.1361234590997848,-0.061541124242333795,-0.2500267522352565,-0.09077102084526745,0.16001290378696909,-0.712170036393086,-0.06687833456219967,0.09571250722052581,-0.5658179764980354,-0.15853221869199374,0.05595533929253752,-0.35043622787418904,-0.14214014807733052,0.025605245124035933,-0.2522901057284526,-0.10409189284606515,A,left
0.0,0.0,0.0,-0.24896572860613644,-0.07728034178050903,-0.12232546063122564,-0.43847001837612953,-0.317470282678332,-0.16991736509700683,-0.5234911912395505,-0.563954782176992,-0.20261815631421207,-0.5814696891831638,-0.7848641765470221,-0.21419903112385924,-0.31405900934203435,-0.7665249710815746,-0.07913979579945338,-0.4311520777744032,-0.6339718155834733,-0.20244710651316766,-0.3722993715906165,-0.399023975828823,-0.27368401274626086,-0.3185629272323035,-0.25428172215219635,-0.3056574545591062,-0.15154998482984597,-0.8266526453046522,-0.07240522206046474,-0.27533216766343094,-0.6389577934354352,-0.19328081412305445,-0.22570999303580133,-0.3422777587092989,-0.2259536410474377,-0.17977466040486084,-0.1981912769590474,-0.2255733220352089,0.007737219800063953,-0.7809993631238302,-0.08746691055048007,-0.0848877405920418,-0.5859952747705202,-0.22391875261040886,-0.08494681747555313,-0.28925190369905185,-0.1997411676454073,-0.0848349603042652,-0.13888216018148736,-0.15212962104182856,0.15095643808484954,-0.6702159466026627,-0.11442789755779127,0.09286126792615113,-0.48922919151886224,-0.2188806195003939,0.042683140933941446,-0.26773884359530525,-0.20345328862203152,-0.0013856214496296823,-0.15381787045830964,-0.16524132096561361,A,left
0.0,0.0,0.0,-0.3091842387610055,0.027674362103597774,-0.06916282782844424,-0.593654378337726,-0.04102519677945419,-0.12831585690117292,-0.8022856632362115,-0.04599137102430738,-0.1809650683202176,-0.9737669323783873,-0.02559019517011205,-0.22610418686424366,-0.5978615343227017,-0.5278539451802797,-0.15698540833340266,-0.8356191896753361,-0.20466592651462265,-0.26324763037222987,-0.7999028411114651,-0.04949178105002534,-0.3099321825409411,-0.7304274512402661,-0.023469345920401875,-0.33026771233339314,-0.4122539052024911,-0.5506425284487495,-0.18377254557138115,-0.6294477597656684,-0.17702243869384712,-0.27610363588651693,-0.6057528176004862,0.0017916254615957512,-0.2829767747299695,-0.5580817021790676,0.029258732478525392,-0.2828624863884827,-0.2100747340419175,-0.473468743145913,-0.21811670803323524,-0.4183000679741858,-0.15456032803977487,-0.32389083555448744,-0.4145957654074536,0.01132688787817249,-0.2954740768655513,-0.37137299220018644,0.041123933347291655,-0.2631809144095967,-0.016482893109487202,-0.3387342899675467,-0.25529261157000555,-0.19460732971991043,-0.10537942961975173,-0.3458560154559566,-0.22896490415363413,0.025820376704420462,-0.32682821023690617,-0.21420118893119938,0.05487154841030918,-0.2946551250504675,A,left
0.0,0.0,0.0,-0.24865590789899067,-0.08620382627154728,-0.10030911810097509,-0.42727878129893365,-0.35569114867886886,-0.1287028603958879,-0.4893178128539904,-0.6126318476595947,-0.14709175679041342,-0.5534087202926016,-0.819905865942511,-0.1466054545273346,-0.3132766440110807,-0.7587578947085097,-0.026041350933723978,-0.39720357579420607,-0.7199622166986759,-0.1254929023917149,-0.3348370319967531,-0.49965815222974513,-0.18355355535170909,-0.29149891609696793,-0.3424632931109791,-0.2080198424478111,-0.15592420509780802,-0.8167960019894832,-0.01931605234675448,-0.24712785128997206,-0.7394485274102544,-0.12380140265102647,-0.20204600813021217,-0.45733612553458053,-0.1563039149784849,-0.17396492150808635,-0.29748928527669727,-0.15462511217966052,-0.00017076708663164218,-0.7929183230002717,-0.033362001247795474,-0.06869844715044557,-0.7193293936044232,-0.15512238994219782,-0.0671163059509395,-0.4287781263352244,-0.13263262128422373,-0.07617847955705738,-0.26217104612190784,-0.08622683241982339,0.14740788522901707,-0.7128868171542294,-0.0567769226111933,0.09364162595780934,-0.6379968528872108,-0.15199307890647926,0.04851137375100824,-0.4202319263994666,-0.13597524511645198,0.0052583910029162855,-0.30245939205809563,-0.09824608935722952,A,left
0.0,0.0,0.0,-0.25947591384967605,-0.07696933049080228,-0.08842932120978189,-0.4390937337966261,-0.3589082998229872,-0.11167530811448917,-0.49620194704854476,-0.6248172682304414,-0.12963617682869114,-0.5580721022642186,-0.8196200397735358,-0.1295319229997883,-0.329758081669651,-0.6808593801328156,-0.026660916777576114,-0.38820667707626016,-0.7658304886491467,-0.12444682595113835,-0.3373067369558998,-0.5452427786460152,-0.1700216415336421,-0.30041986758744765,-0.370920714170487,-0.1837594567494837,-0.1700222297273651,-0.7226934750991542,-0.026778400989491382,-0.24156476700732787,-0.7885839291867947,-0.1411399511540398,-0.20625933498820012,-0.4969856307087363,-0.16706789959197632,-0.17850459247637296,-0.318989593495304,-0.15453605961279054,-0.011317558339901888,-0.7097778666046718,-0.04659950658357299,-0.07251845482954583,-0.7817636945554978,-0.17190360325866047,-0.07289614187148975,-0.4784384507508703,-0.14155305695106726,-0.07439061627085129,-0.2919005498226661,-0.08606878779253375,0.14447885501722482,-0.6508125790509149,-0.07353647104278897,0.08856456000426975,-0.6926293831383136,-0.16803013912396655,0.043192615592074074,-0.4732711902425515,-0.14472454530448212,0.008081112646547683,-0.33729673536906196,-0.10091018911875918,A,left
0.0,0.0,0.0,-0.2515581909172971,-0.08098838677694119,-0.08491354121478101,-0.4367789408923903,-0.3577872502534323,-0.11052016511127187,-0.499253398884397,-0.626182054297815,-0.13298866710929919,-0.5390268447525642,-0.8311875247383775,-0.13629878706497797,-0.32298893764450165,-0.6721118342485732,-0.02802091320226626,-0.3830641087783558,-0.8019223434689184,-0.12423761791704487,-0.3372551235247913,-0.5780234286318332,-0.1645595564940144,-0.29836237763413753,-0.3971914943843013,-0.17462956884110953,-0.16476571508648466,-0.7098686554758918,-0.02956055120291422,-0.23562395438487685,-0.8108711153126845,-0.14168483643867327,-0.20149936502194407,-0.5126011255185858,-0.16106727210397323,-0.1691818013969146,-0.3346670403237021,-0.14473128613138395,-0.008471536643565255,-0.6990854124999251,-0.05071981393181912,-0.07142375427005876,-0.8224778949289978,-0.17291765144610335,-0.07206706032747236,-0.5123324403527585,-0.13702648333956993,-0.06917480524054086,-0.31290808698883055,-0.07888583556652996,0.15096959713782143,-0.6453891103973269,-0.07908593456089988,0.09738534916098472,-0.7257417080082863,-0.17434499768670403,0.05059322443272078,-0.503582778726219,-0.15089495136826364,0.01499147849773775,-0.35175206049089236,-0.10717628469843603,A,left
0.0,0.0,0.0,-0.26385297095104315,-0.07123005098898867,-0.07939754811236174,-0.45660869551094835,-0.3427716708579603,-0.1042368834048138,-0.5175556291429818,-0.6164909584438486,-0.1270761338933851,-0.5454110066884829,-0.8278627199733515,-0.13103492153384166,-0.33600710163666025,-0.6704948240085331,-0.02531632603125863,-0.4105640033774291,-0.7904749943122064,-0.11829973203173405,-0.355609570016065,-0.5643742107151077,-0.15555648496105426,-0.31020077433257,-0.3852569449007627,-0.16295658653478334,-0.17900512375502217,-0.7096372270053664,-0.03016391288027082,-0.26875536302167097,-0.8213458281411891,-0.14245553666846428,-0.2253170635234214,-0.5211758515320978,-0.16172510606535387,-0.18490568938290247,-0.33770579896708575,-0.14308656331315267,-0.021349590689992454,-0.701774630461329,-0.05318070076967867,-0.10151805559244821,-0.8353000505261902,-0.175444724440495,-0.0923715599033219,-0.5217238184128802,-0.13783445550233114,-0.0781997892051863,-0.31990597778153723,-0.07639525623255662,0.14070405927630716,-0.6522355116578368,-0.08251092389285371,0.06924826777829186,-0.7451634126866308,-0.17322972534202,0.02626381593246441,-0.5248643422203146,-0.14491560758266128,0.0005199313659516896,-0.37341903978788643,-0.09727748783592993,A,left
0.0,0.0,0.0,-0.25644782052887244,-0.06358457643688507,-0.09526292703924495,-0.4506704663533705,-0.3384252753488302,-0.1264301527247324,-0.5265117037625487,-0.6111871519692798,-0.1537682052335515,-0.5588423933661727,-0.813390510313586,-0.16152726428863884,-0.3345377816903131,-0.6687674031808127,-0.03370941483328661,-0.41072699401522283,-0.802601957601274,-0.13877680065639145,-0.35508930184309406,-0.5730122512126705,-0.18620758948674737,-0.3055672070498732,-0.3893514327730855,-0.19967672258656777,-0.17163373349034133,-0.7111085006073645,-0.031618067297776796,-0.25881161736222463,-0.8286320396782759,-0.15321709449692847,-0.21478661401495264,-0.5249060019258392,-0.17646930431945196,-0.1707384250097237,-0.3381687127402898,-0.15985422664508603,-0.009279394434964424,-0.7058683518627095,-0.05045372701328085,-0.09307939400744251,-0.8444609073701466,-0.18176728655211552,-0.08347045915528621,-0.5268005742551276,-0.14462739024089452,-0.06518476692867035,-0.3195971907631223,-0.08149971498833442,0.1580222318985781,-0.660354145107643,-0.07704868631131775,0.08053196207880352,-0.763191470326572,-0.1763650401260368,0.03674584702703917,-0.5378905405208805,-0.1506849165738231,0.01297294576606266,-0.3750971943353344,-0.10320449000545373,A,left
0.0,0.0,0.0,-0.26890874907027495,-0.08620167464814231,-0.06034212177589819,-0.44981347417455825,-0.36937804514372874,-0.0735801310267897,-0.5047069079590635,-0.6307572597884872,-0.09130644628202511,-0.5539716527301991,-0.8272469294601783,-0.09369058474616676,-0.3286006621046121,-0.7100026850483555,0.014576800733422081,-0.41523190296824714,-0.8166232659614309,-0.07609536570523835,-0.3633892639511063,-0.580894779890102,-0.1225397963211888,-0.31547633086366267,-0.3991029935934835,-0.13685739879939612,-0.17288191508240155,-0.7502704924311021,0.0020915883848718108,-0.2775038502233013,-0.8577213824983252,-0.10218076668673833,-0.23426217640516417,-0.5551384984890803,-0.12655896622351914,-0.18970526664773613,-0.3665869580397337,-0.11283214152987656,-0.012721998052537887,-0.7448141467351004,-0.02900783436058426,-0.11526845847989782,-0.8754708557656405,-0.14324981768218348,-0.10235920851852413,-0.5566263759175685,-0.10898678095640853,-0.0800692740243799,-0.35128338828862843,-0.051290631366563276,0.1521525125524987,-0.6959345405768834,-0.06554809631393728,0.04945318936728876,-0.7864224352720234,-0.14875541142533394,0.00785901429695528,-0.5641470645788141,-0.11915571999156127,-0.006460985979713109,-0.41329199704645464,-0.07155190412437665,A,left
0.0,0.0,0.0,-0.26907693434993296,-0.09115738939908227,-0.05819855306780564,-0.4594420535595658,-0.3878194286996939,-0.07024733092880589,-0.5139080470466649,-0.6566316272690657,-0.08742122303172017,-0.5360189889192002,-0.8393393949510103,-0.09051532246702854,-0.3263090266407071,-0.7398731282598875,0.008931631945289896,-0.41919932921944963,-0.8491328019128104,-0.08776718577765333,-0.36553887209815156,-0.609581335087673,-0.13868998021300574,-0.3142836950501391,-0.4137752917291476,-0.1548675327396842,-0.16177547182799165,-0.7774100327548417,-0.006404608196140387,-0.27181663438986203,-0.8949608420205264,-0.12101492574956511,-0.23049305702236805,-0.5807355021323519,-0.14826260480149364,-0.18410925346736987,-0.37139961140491407,-0.13244768792416678,0.00841115914185765,-0.7693699525916309,-0.03972284854819956,-0.10118838523459542,-0.9044443039828806,-0.16347373011632246,-0.09111143203709547,-0.5737087283621569,-0.12984099704003435,-0.06872805919780593,-0.353659000902151,-0.06894183457532112,0.18149513459100935,-0.7168631321337874,-0.07785683469720463,0.07128831177081449,-0.8267887600251747,-0.1688336544147132,0.024590501868101883,-0.5942975196546552,-0.13800114081143564,0.009949448237383097,-0.42854374344239726,-0.08699762707924479,A,left
0.0,0.0,0.0,-0.26843478024184486,-0.08441028855863361,-0.05560002149189901,-0.45363072181005326,-0.38712188834501676,-0.06093537310148809,-0.5090651017347658,-0.6525756158150914,-0.07359036983488772,-0.5292207407528287,-0.8454046820900459,-0.07222417225040172,-0.3184330048992059,-0.7415676269807536,0.04427410612003086,-0.41615668114742543,-0.8542503308938345,-0.04972549432205974,-0.36606896145894147,-0.6133553089232888,-0.10674036178373407,-0.31157739610339713,-0.4266757979834306,-0.12805606205449097,-0.15593017589318767,-0.782999485213788,0.030517139202802024,-0.2740320043027721,-0.9012180801502978,-0.07916122681186313,-0.23440195710056708,-0.5904820931765751,-0.11265835290000838,-0.18599616517360984,-0.3917588218170167,-0.10142684476332248,0.013509519834907596,-0.7840946862227663,-0.0034288990992108553,-0.10292963782855337,-0.9371387586744673,-0.12605038267851018,-0.09605210052387496,-0.6028883975221053,-0.0980090097668173,-0.07604406151982823,-0.3836548463868253,-0.040191970735755644,0.1884491527368636,-0.7411333979802429,-0.0424762020047037,0.07241628470474432,-0.8555348740022408,-0.13619684008998714,0.024336081043999248,-0.6155608494042213,-0.10982444097931485,0.008150170004713833,-0.44744933117781616,-0.060840994246371974,A,left
0.0,0.0,0.0,-0.2727400243176138,-0.08917285148960721,-0.051153580294717844,-0.4567371079117144,-0.37340550866785854,-0.059472190518006035,-0.5071264291332379,-0.6373193142300829,-0.07971687352822619,-0.5324708048747352,-0.8419730364707129,-0.08692668067020312,-0.31225109588216426,-0.7128413178226723,0.052550293051944544,-0.39260447760800055,-0.8678158252432312,-0.048501613249652915,-0.35191491962367855,-0.627057135024679,-0.11579668745197072,-0.29888010617092403,-0.4311258095517082,-0.14244959424548717,-0.15539575698074254,-0.7510262125342013,0.03460830622523614,-0.24547466059512402,-0.9127699585480457,-0.07975397189152876,-0.21555998021281947,-0.6062826139912144,-0.12167480606443773,-0.1710084242580444,-0.38913853296235573,-0.11394799804369064,0.010103577902370925,-0.7514304771321453,-0.003948219337069276,-0.08368637123659803,-0.9413408022159271,-0.12431415390121611,-0.08756006745918968,-0.6156713611979999,-0.10245625801840266,-0.07021830852924602,-0.37917837113187647,-0.04696688201032249,0.1914261486012813,-0.7100886291079019,-0.04781214399913365,0.08791191488889717,-0.8485067352565151,-0.13530650369773828,0.03574997101879295,-0.626630936203975,-0.11051325342388185,0.016980350428776735,-0.4464983252105876,-0.06218309875653859,A,left
0.0,0.0,0.0,-0.26510853501324094,-0.10042764776012432,-0.043239923239060986,-0.42937895967714546,-0.3880024166103122,-0.0489493010072507,-0.47016065100199617,-0.6554259180917262,-0.06791320431614299,-0.5275716067377721,-0.8462626299739902,-0.07421429022520294,-0.2936188836450657,-0.6988007546757808,0.05201729822222238,-0.3568646820576964,-0.879343149890571,-0.048870189261287514,-0.327141661050904,-0.6457916380282007,-0.114821694455826,-0.28516058953337875,-0.4523891096135276,-0.14093112936877022,-0.14184438638621202,-0.736084156295994,0.028966683559894336,-0.21892160434324984,-0.9091288036603288,-0.07919822720647116,-0.1937789630172148,-0.598158198912341,-0.11412780266357726,-0.15181362944352467,-0.3960842761194574,-0.10444224136076481,0.01741616160267918,-0.732506219835056,-0.01452691867294947,-0.05821390988373999,-0.9326521381706845,-0.12882637759642418,-0.06501961355528553,-0.6104402816886598,-0.09933879436849899,-0.048318358685060535,-0.3898511996611003,-0.04163531093090668,0.19044507102317884,-0.6872036978061212,-0.06310162041657877,0.11345419908231727,-0.8356128271832688,-0.13964097686321586,0.05443393225194629,-0.6217932940914174,-0.10715788072589115,0.027446974048373624,-0.4550408468122797,-0.05708376432782102,A,left
0.0,0.0,0.0,-0.2623622171981536,-0.08072079911491636,-0.04809830742992531,-0.45498594405228127,-0.3608447896299501,-0.05694856575036313,-0.4962017788655879,-0.65251031710148,-0.07767105738595141,-0.5088019029368576,-0.8566686297999332,-0.0850851472616568,-0.29961659076242353,-0.7056647991827135,0.04273133925642492,-0.3670673803992951,-0.9195294431098798,-0.053716070857967965,-0.3473040231213845,-0.6792635782406135,-0.1153726074879219,-0.3147478165815353,-0.46330037112616373,-0.14000725092058586,-0.14080867924230728,-0.7489585680762162,0.023572271519555408,-0.22304112102493073,-0.9454010341504558,-0.08414645281748925,-0.20737936838659554,-0.633345428158526,-0.12150502999979428,-0.17861768428897334,-0.40832794898286173,-0.11448813452155379,0.02333667739251128,-0.7543827899783401,-0.014811226831530884,-0.06429173338470345,-0.9728480611301122,-0.12881388620354411,-0.07323557245417352,-0.6457171745605738,-0.10103589659279145,-0.06101327496379634,-0.40721027741463717,-0.04615602164101649,0.2048640748132062,-0.7181173802924239,-0.05828156413456572,0.11078480771213697,-0.8821500616412493,-0.143434513593567,0.05401911074350125,-0.6553214814009748,-0.11474133859240966,0.03046829425024677,-0.46893458388467085,-0.06652094091922993,A,left
0.0,0.0,0.0,-0.24714475026496127,-0.09666098765868127,-0.025775759911630114,-0.42678992356691,-0.38821935878260777,-0.028565420763164685,-0.44288103265946277,-0.6901070228770867,-0.05049014629575829,-0.4052694227834666,-0.896878626927226,-0.06434095949997741,-0.23708754271014115,-0.7452144590056881,0.07202538242917751,-0.33840396532845046,-0.9375018379274261,-0.041984152965322596,-0.32712803407334934,-0.6908215114653589,-0.12835289083247942,-0.2826262062826263,-0.4681597210233563,-0.16732610968537695,-0.09329830055221988,-0.7705335807304015,0.04099389769300508,-0.22169400239948667,-0.9691187355230997,-0.08265922752642059,-0.20531724716403418,-0.6478272881866821,-0.13502256031522653,-0.15400532171817818,-0.41152141564894457,-0.13380184604948975,0.06635549946732201,-0.7705191491308473,-0.009700693921329539,-0.06930253162455526,-0.9875774978149224,-0.14102427067722959,-0.07491916087862703,-0.6396611178148216,-0.12452791822585975,-0.04293599923909611,-0.3880096029477084,-0.0713783120820338,0.2449709283769447,-0.7363219810631618,-0.06339798743266467,0.09875444046642207,-0.8965489395236179,-0.1604699802040798,0.039184778637741134,-0.6560095074925296,-0.1367020688159277,0.03260571098581575,-0.4602280641442509,-0.08844730200601487,A,left
0.0,0.0,0.0,-0.25113252222409166,-0.1183910628333789,-0.011347092141264177,-0.3864957471741575,-0.42525788112783164,-0.0030200893050832023,-0.3671604365105879,-0.7163893168622313,-0.016393004889928422,-0.32388363650188157,-0.9178887299528006,-0.02157920612293645,-0.18930014572755224,-0.7718154211875013,0.11199095948070595,-0.297358695228869,-0.9351151081918557,-0.0019945699171355236,-0.3013444778439842,-0.6875320332730507,-0.09024585348798163,-0.2618095993635593,-0.4712571494164626,-0.12914843570096188,-0.05701922654222966,-0.797576937465744,0.07790507867562887,-0.20343075665566956,-0.9779533724456824,-0.04715006435433869,-0.19808717000611276,-0.6485629280466337,-0.10068053380735885,-0.13922319388343876,-0.41949142071464085,-0.09814980357212141,0.09301022354896772,-0.8005546573715904,0.022186679202787316,-0.07279227554403896,-0.9908782689237688,-0.11291645637819311,-0.08200644503839138,-0.6332660812414603,-0.09907083544367273,-0.03538729843508549,-0.388163813960797,-0.045485860481345786,0.261379994826828,-0.7694459301813539,-0.036119382976051814,0.08273673391945137,-0.9092988396632252,-0.136216596889664,0.017746977650544647,-0.6478167182984397,-0.11618278245020189,0.02197856292165651,-0.4468492951584477,-0.06897576915379088,A,left
0.0,0.0,0.0,-0.23140248316240672,-0.061534122916731375,-0.05444889590133657,-0.4331477160886177,-0.3535126613992509,-0.06508012869159677,-0.4785477426490762,-0.6501253906988056,-0.08452219889282477,-0.47746244843621105,-0.874001509048472,-0.09028273652416714,-0.277685122057837,-0.7213212385299582,0.03201097339625756,-0.3604879885756753,-0.9120241770857511,-0.07781816551596457,-0.33114410380306925,-0.6751173873052063,-0.1476004917214539,-0.2894223427259763,-0.4530965876839483,-0.17477960490730915,-0.11788801599365917,-0.7560184003828005,0.01564525229704131,-0.2188905964090016,-0.9435989906904833,-0.10638619405722208,-0.18923382223123894,-0.6220623411404615,-0.1493467038077255,-0.14727058051395484,-0.3901848706764269,-0.1415635352239784,0.05244545334115722,-0.7520252222459378,-0.020581812591531825,-0.0507049837097349,-0.9547898152920292,-0.15433625736824555,-0.049341314328113124,-0.6152573238684794,-0.13241474839439904,-0.029812683314603683,-0.3753776681878186,-0.07546931552227647,0.23738701372493679,-0.7093745521512539,-0.06097565701917025,0.12197093114516176,-0.8577617277200503,-0.16501383147160306,0.06614046431543004,-0.6207402078571279,-0.14332612669571396,0.04614434392061406,-0.43477333662305406,-0.09544983756499532,A,left
0.0,0.0,0.0,0.20666610372562477,-0.14443345844231362,-0.11046805689750099,0.3570759498098075,-0.4094912036615156,-0.16318981312416816,0.41444701397069894,-0.6465173781049882,-0.20687565540836547,0.503337024532279,-0.8314036413964785,-0.23541415592030113,0.21346350346433407,-0.823199790430998,-0.07110356780543019,0.25322006927480917,-0.7620428985060821,-0.20838815925598095,0.2385130608505801,-0.5246854887654117,-0.29287705323112556,0.21766001641971922,-0.3690375030976358,-0.32704890504651946,0.04673221277509667,-0.8436571976775099,-0.05755033508845126,0.09166502428318234,-0.7223919374590998,-0.18511314705373555,0.10270649942801016,-0.4549750588549341,-0.21706268590506075,0.108812944844766,-0.31559576019620167,-0.20824726333318697,-0.1100258321242023,-0.7822831845085682,-0.0655854278056552,-0.07953713677499265,-0.6084192280672598,-0.1845495745589934,-0.030323973415313833,-0.3718063363877868,-0.16711813790101834,0.002446644711454304,-0.26640776641967934,-0.12291168383852524,-0.2511476989520355,-0.6767620807690797,-0.0849099350957155,-0.22396840071628374,-0.5257073200986817,-0.15281088694877248,-0.15643728946412716,-0.35449933689493673,-0.1348280931053185,-0.11155651898029026,-0.29291124791195966,-0.096776632196488,A,right
0.0,0.0,0.0,0.2085282164267224,-0.12053563442461622,-0.10637057464646162,0.38208729241791967,-0.38558138400197295,-0.15117721359303155,0.4563017410252286,-0.6294510412075275,-0.18620375898450836,0.554621692895274,-0.8063615754615973,-0.20536744481312308,0.262439741570847,-0.7620163000870134,-0.06761916148829972,0.29991501836906376,-0.7723831277499581,-0.19038261558577552,0.27743389246627304,-0.5361753625234082,-0.2533697167711168,0.2504870503765744,-0.3792500126464246,-0.2733614381154378,0.10002399999311248,-0.7961391746559698,-0.055250198816423436,0.1464731876525912,-0.7802567513897227,-0.1818270116296408,0.14321216136965984,-0.4961162609287925,-0.20428820804207132,0.13907570065878003,-0.3346070102731616,-0.18549210272482505,-0.05710534102025208,-0.7582659216287008,-0.06267830571993549,-0.028649946246378018,-0.7000270657701045,-0.1930305121007393,0.00861010621544428,-0.41785804910987545,-0.1675459329434796,0.03573044932720121,-0.27065838492531413,-0.11189699046448287,-0.20426158275097944,-0.6720017420824643,-0.07837035456494419,-0.17900377971878367,-0.6095055034187244,-0.1649531994642968,-0.11564192387752743,-0.4055734593336893,-0.14331188505789882,-0.06939880408048253,-0.30961512257237955,-0.09741732484951032,A,right
0.0,0.0,0.0,0.21122983307506374,-0.09364929828970989,-0.1046243504601993,0.4054851671243281,-0.36248878473306506,-0.14332241324858808,0.48255540826540644,-0.6171974571693501,-0.1718145666926295,0.570952809310801,-0.8001309952583744,-0.18385668322622237,0.2806018211439217,-0.7144621530986679,-0.06600540584693342,0.3278230048212193,-0.7831285838569196,-0.1810940657789584,0.30191545293041533,-0.5477422286350145,-0.23086153357565334,0.27193815747029604,-0.38122375007110915,-0.24080208910321613,0.12001467274064109,-0.7455975638177422,-0.053492863967941805,0.1768366209881234,-0.8106363790637684,-0.17796193218422782,0.1663462363596831,-0.5180489242140369,-0.19323598643867143,0.15650687561040838,-0.3466176688701847,-0.16740191561509557,-0.03461243846797763,-0.7175731413305243,-0.06048853349021856,0.004662161392834373,-0.7459946943439711,-0.19119093309349888,0.03121159859141493,-0.4525989725878054,-0.1598687900712743,0.04809282458966833,-0.2944308636305607,-0.09898875117465127,-0.18556494998755574,-0.6430191859549361,-0.07461417600953928,-0.14539198882629004,-0.6535051999622773,-0.1635484184578863,-0.09011753844477058,-0.4467253544921478,-0.13795997157346312,-0.05368344496916134,-0.3419899757846543,-0.08894708778456092,A,right
0.0,0.0,0.0,0.21560642501789773,-0.09178941552546831,-0.09991337463787059,0.418015507088707,-0.3546966908697042,-0.13852430535602625,0.5062572825791661,-0.6010450589344525,-0.16983511385518016,0.611587518496213,-0.7691791999459024,-0.18526755136889386,0.27864338230376656,-0.7245358767033993,-0.048208672310170474,0.33406933494932267,-0.7941717088242359,-0.16176552920460976,0.31427230372157194,-0.5610647114547893,-0.2175723142461568,0.29099250475294597,-0.38854091243384137,-0.2320022816221475,0.12041711153167839,-0.7547952430920052,-0.03752364685788725,0.19041075807737026,-0.820131811356142,-0.162129685963864,0.18260411974753743,-0.5316680042251692,-0.18559655202204023,0.170559734391649,-0.35255336314548635,-0.16485227599316762,-0.033809751802834034,-0.7294057727147701,-0.046368705812112,0.021278417518093253,-0.7615379961341825,-0.17275182507341574,0.04845553648963892,-0.4737186413546539,-0.14838875793144568,0.06126883138822551,-0.3099984600428242,-0.09245198045489558,-0.18572459911223785,-0.6579953071307344,-0.06286667457000364,-0.12706560655400895,-0.665038933399154,-0.14791722634052135,-0.0707747577738071,-0.4620618628721807,-0.12724483857489755,-0.03873801254278321,-0.3530564793075163,-0.08255699824575556,A,right
0.0,0.0,0.0,0.22939187960988436,-0.10696136682657909,-0.07989135236938014,0.44543888995122954,-0.3446437147765353,-0.11835755243767934,0.5709176362515902,-0.553187299811775,-0.1580347291392639,0.6845732002446532,-0.7049054270044087,-0.1856552517073676,0.2852096054389325,-0.7370986563944364,-0.023919090112395937,0.3646091477894545,-0.794365597839585,-0.13760437290324323,0.34697473552075886,-0.571234566332382,-0.20488921009381936,0.3215095091724997,-0.3929786157547293,-0.22715302005264051,0.13593300194535823,-0.7799426380795524,-0.02591560271108628,0.2326231930702771,-0.8229190965384395,-0.14242325516542212,0.21409852420463735,-0.540549818483563,-0.17012819998379675,0.1944671354968727,-0.34822534161956326,-0.15460270649978977,-0.01587175280269203,-0.764773202335895,-0.04635749223082827,0.06879844243475754,-0.7811153850218423,-0.162647554027248,0.07562490508829194,-0.4949229794023745,-0.13669243300660494,0.07492195416909576,-0.31849402509712615,-0.0813947762347161,-0.16828934468363332,-0.7028107304570956,-0.07408088171963396,-0.09081367356687768,-0.7183523477589628,-0.14782075931718658,-0.05129449971598785,-0.5054964007577498,-0.11623285317605125,-0.03312532075763622,-0.3758518198321018,-0.0649392316204956,A,right
0.0,0.0,0.0,0.23143336179346452,-0.08051454558288976,-0.08512497742893135,0.4631018782554778,-0.31038458390029594,-0.12237947088408734,0.6015201389780659,-0.5234727066414443,-0.15733000816456305,0.7306884183100905,-0.6589343895173873,-0.17860544689019597,0.35615476262965257,-0.6669744144158187,-0.047614298863376654,0.41399984784748955,-0.7817957190419585,-0.16269588951953995,0.3838367638233019,-0.5514121926724379,-0.22001532944289093,0.35002550170090924,-0.3679096386421242,-0.23551790361271993,0.19627075405329572,-0.7166314183079967,-0.047342748533158,0.2566468739484555,-0.8324456217191608,-0.16900293192840402,0.23584457551733842,-0.5371543269813678,-0.18914623903336478,0.21346561900699595,-0.3476682401854933,-0.16939394800024038,0.035840873388561595,-0.7133335381183858,-0.06524762157602411,0.08335079451048008,-0.7933065506504369,-0.18912564183383,0.09486914006201277,-0.49343344393237903,-0.15785894742352188,0.09550306286336599,-0.3199110995612996,-0.0997696392132562,-0.12719391142183328,-0.6650215300329522,-0.0894709931451577,-0.0751468386572412,-0.7152385872581454,-0.1711573434388961,-0.03377527985987846,-0.5009962805317618,-0.14113677298605606,-0.014414176872639187,-0.3764223011416982,-0.09234099528701457,A,right
0.0,0.0,0.0,0.23476592676376512,-0.05172253282301924,-0.10330445586356456,0.4775314639524282,-0.2603084848633919,-0.15045937499264686,0.6488714689652015,-0.4591703887554434,-0.19044648377387027,0.8034983125931464,-0.555794651374243,-0.21326689186029335,0.38344817674735615,-0.6564617506569795,-0.06275372515832556,0.4454528947224794,-0.7648929532581945,-0.18391467244962026,0.38605804487898326,-0.5256345853546005,-0.2428247692824961,0.3414999307623264,-0.37195888518885595,-0.26203505321638915,0.2218817166509949,-0.7185547572998109,-0.05746370507421426,0.2747432050840882,-0.8346596547758608,-0.19343324806680612,0.24351710374654836,-0.516774557877536,-0.21332803414742918,0.22681772090529986,-0.34378780492937083,-0.19030170307748454,0.06332279465173606,-0.7241373992032004,-0.07206628505179268,0.11089035466383727,-0.7985524513807419,-0.20797293694210203,0.11129947141936361,-0.4822266616604752,-0.17240954881460274,0.11012734131590096,-0.32188437216678983,-0.10818196092635314,-0.09540401360160405,-0.6851937236289635,-0.09446243323335111,-0.04903614078012529,-0.7280818782637363,-0.1808859365931641,-0.017452857197475632,-0.5072338703476243,-0.15080912477338326,0.0011288866743811023,-0.3939720163560923,-0.10045946483490618,A,right
0.0,0.0,0.0,0.24782169885145877,-0.05228774680689484,-0.10090525004484562,0.5145567348523545,-0.240454538623928,-0.1504561034380502,0.692127912924382,-0.40974239114481015,-0.19457245208359364,0.8409313063469888,-0.4935917807409902,-0.2218145441365041,0.3859622952218606,-0.6659555537986821,-0.06859388185720126,0.44958800444498975,-0.7600001446289604,-0.1882334517527785,0.39389551512252924,-0.5215247724884761,-0.24455088019880633,0.3511488728708409,-0.3684202499923286,-0.26189234294636426,0.22110929342916855,-0.7294716198644622,-0.06632592120943094,0.2829663080336478,-0.8331598638500558,-0.203143698416072,0.24808194011022572,-0.5179272945012172,-0.22340619730402259,0.22531410851350847,-0.33763191394222947,-0.19996974399739711,0.06306846399989585,-0.7386314457146516,-0.08274941812074142,0.11120901212670482,-0.7900476369139121,-0.21766280386485154,0.11151988272577712,-0.4760679018777249,-0.18477931606975995,0.11051331554399531,-0.3125828597129008,-0.12244976095576415,-0.09575577653796567,-0.7024212555336369,-0.10697698846129147,-0.04864759398290303,-0.7327201746274511,-0.18969509178420504,-0.018692545928657434,-0.508135730576772,-0.15839199723434538,-5.234923296964358e-05,-0.38917129245357057,-0.107914430738296,A,right
0.0,0.0,0.0,0.2536238403010975,-0.04860501399255117,-0.10235142677660326,0.5281764988677656,-0.21179286581239276,-0.15918231698837138,0.7194721174832377,-0.34758198415600333,-0.2119129916419011,0.8742756973193047,-0.4171509970344355,-0.2482479622273263,0.39215782144508593,-0.6730505145675579,-0.07079247431779166,0.4684975549009201,-0.7721252260599905,-0.1931331782490619,0.41140316958718914,-0.5271970836740312,-0.25689932481671185,0.36302959539869223,-0.3579744279003865,-0.2792447162041815,0.23117816201956704,-0.743792104158787,-0.06861782382384739,0.30700080673536795,-0.8447858189213558,-0.2030110639348256,0.2707447436261577,-0.5262386883477778,-0.22651825935300815,0.2422684653643203,-0.33599749266368295,-0.20782657728612725,0.0755452930959328,-0.7598482958804924,-0.08531052340771264,0.14045740964938394,-0.819286175156595,-0.21460536008901707,0.13635521656413913,-0.5071113833562128,-0.18207405898402554,0.1265652686002911,-0.3348629729741148,-0.1228381640397834,-0.08342464573663684,-0.7302376085599683,-0.1109489881854395,-0.021148641827069565,-0.7658902908415917,-0.19239105246723995,0.004471147074977593,-0.5357802699827052,-0.16120308684060833,0.01487288381340499,-0.40718525659991717,-0.11184707585242659,A,right
0.0,0.0,0.0,0.2637253974924962,-0.0506972477235647,-0.09809673545846545,0.5358303804138497,-0.18875254058061777,-0.15989407292891164,0.7338302110271883,-0.30126323683484163,-0.22075593374186,0.8929794183663816,-0.362798455206204,-0.2663926411784505,0.3982492904571402,-0.6576522829379481,-0.059454791751209796,0.4733187442561257,-0.7592525330893757,-0.18915054942510406,0.4168101210918752,-0.5191490206274527,-0.2657354433121691,0.37120327365390277,-0.3443770175478007,-0.29703280694518097,0.2374068030474043,-0.7340885437839625,-0.06280373162879635,0.31487317131898934,-0.8514983362470108,-0.20254978264399126,0.2775479785186874,-0.5348239497856941,-0.2347041657533948,0.25013269260271165,-0.33239922586387466,-0.22076928667749146,0.08198897005390605,-0.7551813466793696,-0.08557762187776732,0.1414517461200629,-0.8171178478613838,-0.21660807563693787,0.13574297013484293,-0.5077840467094888,-0.18746242433803625,0.1282672158786754,-0.33127463356598985,-0.1296892740010369,-0.07665635501916968,-0.7310882600326322,-0.11757100554371443,-0.026544246551912728,-0.7612247102712549,-0.19775391115816998,0.0019592827757751964,-0.5324427086860314,-0.16579124897055914,0.02064705661543107,-0.40282747157611654,-0.11587598861890136,A,right
0.0,0.0,0.0,0.2555997969968335,-0.06749263111133551,-0.09169882676308116,0.5119474024812047,-0.23781871963207799,-0.1484521337631181,0.7065071941775282,-0.3682676290437629,-0.20575173532408084,0.8696616694978384,-0.4264163942033557,-0.24871196063084924,0.3862007321998949,-0.6628573113484654,-0.05451922197980038,0.4634278541437096,-0.7779725166273367,-0.180131154315809,0.4084941814620908,-0.539667688477102,-0.2525951910613361,0.3621131145893993,-0.36024403338731714,-0.2804892286762486,0.2290833968626034,-0.731488925849028,-0.05914016457570867,0.3082680433777237,-0.8532571845739548,-0.1929749410959754,0.2718168347799749,-0.5447504321026806,-0.22129194482365386,0.2436199006263105,-0.3443251069606375,-0.20568412399844788,0.0739591174501736,-0.7494530501869026,-0.08297788016626254,0.1384385137732427,-0.8187552502332184,-0.2089111244300517,0.1320566206569578,-0.5151506145065964,-0.17816770326873618,0.12322955439254259,-0.3367927900193055,-0.12031915329574999,-0.08432712241618182,-0.7236907287790731,-0.11557186744933384,-0.027762637609269124,-0.7673861533430345,-0.19177975931588756,-0.0009772772290799789,-0.542894441399277,-0.15825023451879808,0.013368809280739512,-0.4095662823034476,-0.10817819016443757,A,right
0.0,0.0,0.0,0.2363542173268284,-0.06240674231232336,-0.09693636238885449,0.47792389443377337,-0.2816922606903685,-0.13982959488162114,0.6319865316527704,-0.48825970480425085,-0.1774686383981023,0.7802363888340825,-0.5932028177303558,-0.1983471567124587,0.36773714522525197,-0.6800413943913268,-0.05261657639033786,0.4497789152705471,-0.7683162169779602,-0.16808369051879235,0.38849923305021966,-0.528401288634436,-0.22230197421254352,0.3366315821575336,-0.37387908294689237,-0.2379042265593488,0.21565388030383595,-0.7421435929757267,-0.04912958241767418,0.3012842140002841,-0.8360514489474421,-0.1764284288658775,0.25894626641802443,-0.529205020663642,-0.19375040596201076,0.22647452083457723,-0.35683834458851404,-0.1696405637213027,0.060967365664183315,-0.7484420668212555,-0.06495750317825397,0.1299797164926991,-0.8063883932503416,-0.1947975786528499,0.12477343296812082,-0.4915375712384724,-0.16055140164367449,0.11635081789940122,-0.3252234453604473,-0.09825563804539056,-0.09792932297238029,-0.7091351983772114,-0.08824816219476883,-0.03351071362227563,-0.7395757528082731,-0.1725777616686656,-0.004569667302116566,-0.5150963658396133,-0.1431561899316497,0.00860527653190516,-0.3941512666820634,-0.09365904248161717,A,right
0.0,0.0,0.0,0.22233924843703518,-0.05779165843681051,-0.10521424436420485,0.4533114595179269,-0.3020608466614539,-0.14604516040893561,0.5770368910113767,-0.541501836513523,-0.1784691594399641,0.714759050888038,-0.6720534627289791,-0.19355526964570036,0.355566049620756,-0.6678621955667595,-0.055568999460231736,0.4232330166329539,-0.7659507731822476,-0.17508339943908433,0.363505010654935,-0.5299150548061998,-0.22718364309490413,0.3178495429935569,-0.3649006800473335,-0.2387154572767599,0.19790321538661926,-0.7244939194322556,-0.04534022174650023,0.27569975238014344,-0.8172029730637993,-0.17644604838821784,0.23187202814185906,-0.5160851721613073,-0.19093052372198674,0.20234501734288177,-0.34688240505511264,-0.16215686082713224,0.039399763983350204,-0.7271249074308952,-0.05633175040472806,0.09934135806032784,-0.7905134045625049,-0.19398927352898462,0.09819324217245531,-0.4797379292193573,-0.15911501386694876,0.09603734395325443,-0.3165481036448166,-0.09381371339571704,-0.12111222475728578,-0.6844629738683333,-0.0746506831209942,-0.060376010549436136,-0.7190081337719599,-0.1679997091443862,-0.027947246778911937,-0.4918084251507929,-0.14050202485342472,-0.010097414644394329,-0.37466589385984783,-0.08976952096477504,A,right
0.0,0.0,0.0,0.21824222390472614,-0.06205394159902157,-0.10223419971267032,0.4299921794740483,-0.33155902935504983,-0.13815212992093628,0.5279390657089739,-0.5895214819531522,-0.16503870360222397,0.6547360312181418,-0.7354607846774743,-0.17440803773424657,0.3392067123176534,-0.7010153357407295,-0.05624907072000536,0.4074807435736047,-0.7789909769669654,-0.17353624566177542,0.35170627607045263,-0.5358781842605052,-0.2233154667641288,0.3039209520538085,-0.37099255600173275,-0.23431912359037216,0.1757910640836533,-0.755323050634269,-0.04744126984498496,0.25821838662027263,-0.8286642312715728,-0.17701794079345157,0.2199358638000709,-0.5218361312223441,-0.18936050424629086,0.1909621745252092,-0.3430790726068572,-0.15943184972077795,0.012562283187404167,-0.7486641400961151,-0.05961688180112171,0.08016587273416474,-0.7814404774927295,-0.19927149277506592,0.08114507049364057,-0.4646421389514175,-0.16579873297722472,0.07968305142626235,-0.29734563156829286,-0.10105088811568344,-0.15029814205860928,-0.6931721789999488,-0.07878677307320239,-0.08322513956411577,-0.6944416289627938,-0.17758557588224022,-0.04858765942536433,-0.46191669442949257,-0.15451698054471408,-0.028941630284274617,-0.34740090424731235,-0.10613785920514232,A,right
0.0,0.0,0.0,0.22574182448160213,-0.06124031014645554,-0.10307267377725103,0.4417137647960064,-0.328521748828511,-0.1373514628116781,0.5291074420663182,-0.5891196995448846,-0.16182911347548568,0.6378395409097541,-0.7510419704718632,-0.17057748574115827,0.33548994661806214,-0.6757350411353122,-0.06329074954547698,0.3997811179163729,-0.7727065415340202,-0.17845455147194253,0.3466745766596758,-0.5366524671121476,-0.224685329010865,0.3002919968240146,-0.3714569994204809,-0.2329136925248908,0.17274263987040636,-0.718837123954391,-0.05381824664121277,0.25588553076209525,-0.8331148376778409,-0.18279417547471777,0.21536408698757603,-0.5275524884128777,-0.1935053895488322,0.18090560976774123,-0.3422887356210123,-0.16249693890840702,0.011572402245164292,-0.7100563165621964,-0.0643787957280517,0.07333586132514754,-0.7977618648876894,-0.20635356449081088,0.07412965636198396,-0.4775204267700462,-0.16917789057333885,0.06925394694989812,-0.3012290056259497,-0.10093366642333194,-0.1519683774693914,-0.6554181180441327,-0.08098172237790502,-0.08756405226672234,-0.7164806455856382,-0.18310313448088975,-0.053327910659720666,-0.4830618547408854,-0.15429745433202105,-0.03850582275523282,-0.3578144389801155,-0.1010876829508842,A,right
0.0,0.0,0.0,0.24102398508625344,-0.044528386607436916,-0.10173684087534458,0.4494832031753503,-0.31844241325176337,-0.13116238281934986,0.5117798721211596,-0.6008975545920482,-0.14924772813045864,0.6046085546561503,-0.7821730673907563,-0.1505117546410786,0.35001636842463835,-0.644484026858217,-0.07382933325011935,0.40796222437100055,-0.7741381479428646,-0.1843538222210102,0.3523219910476046,-0.5419482372551465,-0.21947458555646587,0.2998377713561066,-0.3712200178413428,-0.21956353114105634,0.18908879908989704,-0.6864405121580159,-0.061447613585353944,0.26013662931087084,-0.8435715108333814,-0.18817306111571788,0.2181661125594245,-0.538221292359627,-0.19439109359830786,0.18057564099835735,-0.354395031729628,-0.16175987651621895,0.031279932481536835,-0.6842602159099911,-0.0674641964103437,0.07973914522888469,-0.8414413876548835,-0.20684043263564286,0.08101781440968969,-0.5198781456992168,-0.16471657975539855,0.07245299506435739,-0.33819869717126594,-0.09485675906126197,-0.1335480615145461,-0.636704331011881,-0.07895075995197282,-0.07882040404261004,-0.7546803512674971,-0.1832768551576362,-0.043345067518508376,-0.5281596785396986,-0.1552587701265308,-0.03079552850307408,-0.3977358472930917,-0.1034961271371507,A,right
0.0,0.0,0.0,0.2314334297493149,-0.057517784392886254,-0.10279846198043721,0.42648799154360384,-0.34558510543371646,-0.12667851560769278,0.4902556098583736,-0.6326950906738769,-0.13741288387012535,0.531056416500465,-0.8382800236868102,-0.12355437823616526,0.32921673856304867,-0.6958989314301931,-0.05264470943702448,0.3940252431577784,-0.8375863504025105,-0.16081008266424376,0.3495753128796621,-0.5776925305552203,-0.19057807271022192,0.303680185121932,-0.4488416695831901,-0.1891827555119218,0.17286078023179982,-0.7413773820872162,-0.041218700871307704,0.24888064083969738,-0.9105926946885199,-0.1609710141134943,0.2182070770419147,-0.5889545329979192,-0.16271400130814573,0.17597946047742777,-0.4867807916624122,-0.1292056353410878,0.01718516151762808,-0.7354618576120677,-0.05034382520751822,0.07110113528721489,-0.8964142751295943,-0.18075805530110234,0.07477671119853628,-0.5846564683805351,-0.12956571156208274,0.04931403057501593,-0.5004300581858334,-0.05878927526589306,-0.14310390605557277,-0.683831317416269,-0.06563775993131991,-0.08458749450545636,-0.8031783920162228,-0.14747590467613797,-0.054911159980436955,-0.5887264627706676,-0.10364104356345256,-0.0657693888713539,-0.5226540555587221,-0.04715300269838155,A,right
0.0,0.0,0.0,0.22515207486400887,-0.06794756901462387,-0.08991797876269414,0.405037365379097,-0.3749155821736647,-0.10709203496320796,0.47768406973701943,-0.6604120470647203,-0.11351162826718414,0.510691241521918,-0.8545377298290169,-0.0946558193217503,0.32323738633026283,-0.7024948539644332,-0.04103825156708069,0.39084032189320966,-0.8625527220681444,-0.13644292187763926,0.3448552636326429,-0.5960051662183742,-0.1618370749370178,0.3047076231671591,-0.5115944485905185,-0.16450766068928113,0.16477975615611598,-0.746473360513859,-0.03531974296130988,0.24241793042789278,-0.923578183709957,-0.1417457184041886,0.2084940724813213,-0.6082680137647337,-0.13993923687152243,0.16128575956624128,-0.5557791313475808,-0.11055765132261855,0.005413742941628882,-0.7399201489602554,-0.04815814778186405,0.05606375356546238,-0.9138154383466802,-0.16506033046343876,0.06252368979500449,-0.6059774306043696,-0.10804214253615405,0.033203858711012155,-0.551882271623956,-0.04025174985607504,-0.15592194318535285,-0.6990231787526866,-0.0664306860420925,-0.10018513850145642,-0.8242448160579365,-0.13499005087263638,-0.0710281348617796,-0.6108644105887261,-0.08202341548062275,-0.08635440284890665,-0.5564755152120772,-0.023601112112864937,A,right
0.0,0.0,0.0,0.22226362368126662,-0.07641528249627456,-0.08554086995899239,0.4101348574829808,-0.3872897836412463,-0.09525376335436549,0.47757643298400054,-0.6725021925115049,-0.09233133333623551,0.5170795719459342,-0.8537635255801999,-0.060963584745951635,0.3213771498774092,-0.7165736041399855,-0.0319560478623094,0.38642470497147713,-0.8362531035353752,-0.11213225921281443,0.3267832554762092,-0.5710946176223312,-0.13645953563014648,0.2807930866364355,-0.5722001372753155,-0.15050398446966926,0.14423257353720387,-0.7430666384016655,-0.023669954505024102,0.23009576607896332,-0.8819315896191291,-0.11617075070503483,0.19595622088414116,-0.5660511877746685,-0.11963366274041158,0.1501578323524082,-0.5849914279590981,-0.10375482438798853,-0.00999282479580514,-0.7158448601723393,-0.03162797923350824,0.04237443684085867,-0.8718010519321437,-0.13052761115055958,0.058448467844420884,-0.5733537875307602,-0.07736704931555438,0.023487521971489497,-0.570046557851579,-0.024032103496401534,-0.1572931411598607,-0.6851556642895645,-0.04583388159590377,-0.11063688294727335,-0.7564976208370887,-0.1011565735901184,-0.07178393117672371,-0.5601304875848072,-0.05453826527092184,-0.08418710261908172,-0.5504108622659623,-0.008333670422865369,A,right
0.0,0.0,0.0,0.22352765253200138,-0.07310434681991816,-0.10357191245550991,0.4249741556272633,-0.3740890180423166,-0.12340029717865368,0.4823834605067099,-0.654914643695739,-0.12676799078398332,0.5340150891043531,-0.8393937869995972,-0.1012223046336365,0.3105615174396957,-0.716984519050563,-0.04526982263463819,0.38031349455528846,-0.7963350194554315,-0.1261322527725362,0.32446283428819883,-0.5439222475980606,-0.14322354543540933,0.2742938819065806,-0.5476383922433068,-0.15051017216820148,0.13149501273466319,-0.7485082431325387,-0.028599371646168027,0.2249563399409921,-0.8287780197549032,-0.12204694022550087,0.188863383725762,-0.5145191935723116,-0.11927095965594356,0.14620480018516058,-0.5462037068095453,-0.09660633131392847,-0.023643897960781656,-0.724948107061538,-0.030758459971800794,0.0456709599460796,-0.7869393767233137,-0.13270895539803249,0.05749864387997931,-0.5032648997607946,-0.0825592072185311,0.02515013877777312,-0.5212145676440396,-0.029404396014631694,-0.16792501585060754,-0.6893030033625239,-0.04086410902098375,-0.11364215507578815,-0.69731247100157,-0.09974395594718534,-0.07494142605584361,-0.5054509167184711,-0.06059915606041427,-0.08923124654388376,-0.5114252650756521,-0.017971077276822636,A,right
0.0,0.0,0.0,0.22285349905099516,-0.07293079925905906,-0.10575603676521077,0.432214354474214,-0.3627318107697166,-0.12704588204833778,0.49571544624673763,-0.6410105024646838,-0.1309802020782351,0.5397643529352085,-0.8352244193782944,-0.10514091769918413,0.3071353278551458,-0.7260250909708477,-0.05354545426908475,0.38567067569083463,-0.7990205423232203,-0.13743166339559398,0.32612814848320093,-0.5404369937457766,-0.15557534515700253,0.26562695701377875,-0.5529572655727815,-0.16380715404981366,0.12304372691353518,-0.7621460751917568,-0.03664910458844157,0.2236668849862392,-0.8312987744936393,-0.13349685766549646,0.1853021817072286,-0.5081998841923067,-0.13393060143593438,0.13654694801233777,-0.5494160793799175,-0.11445762568497916,-0.034465825872054594,-0.7358185339406331,-0.03770646717840936,0.03974355218064843,-0.7954363986459846,-0.13989358326862886,0.05027137385311443,-0.5025883199461186,-0.08730197908421145,0.009583296683171864,-0.5240406184545354,-0.03408705964288927,-0.18194361878963453,-0.7008106666451716,-0.04725764693584396,-0.13010861409205615,-0.6987365109236237,-0.10662026606724367,-0.08660369162779312,-0.5039720258497583,-0.06705987008291799,-0.099242042570132,-0.5152312040903259,-0.024664329037354438,A,right
0.0,0.0,0.0,0.22230743665436128,-0.07206318039025088,-0.10180404054692066,0.4284654811735381,-0.3633405931734358,-0.12459392566902266,0.5011968561487938,-0.6352430023380955,-0.13286717758309718,0.5694391424209722,-0.8144802612357667,-0.1111798863832171,0.3197644306758623,-0.7413254910741599,-0.04509904284730851,0.38878048539769394,-0.81792603821601,-0.13286595413596777,0.3347666967879747,-0.5467927786444252,-0.1513428375887443,0.2834205177978182,-0.5474849472945273,-0.15902102681363822,0.13293245189003497,-0.7852015493310007,-0.03233034442906274,0.2240035467736059,-0.8570687582349977,-0.1338502104782643,0.18704092705961092,-0.5243422763813566,-0.13108561861715265,0.1443401478564151,-0.5565303180666202,-0.10652845037004849,-0.03075916541091071,-0.7636742685197286,-0.0388379765563672,0.03682537368995184,-0.8090733397469008,-0.14404417815930384,0.04649143080795767,-0.5083367286367557,-0.0879716510758482,0.01547042021816339,-0.5256259885918177,-0.03037072235605323,-0.18295081958668444,-0.7270599325862983,-0.054140255273821096,-0.13719774599461268,-0.7099252943538362,-0.11460672742614866,-0.0921194653540863,-0.5109283470683267,-0.07461676339675914,-0.0943205704592332,-0.5228318003074524,-0.030560219195139227,A,right
0.0,0.0,0.0,0.22286235882469144,-0.08940574307447013,-0.0981382392401462,0.41314764449891117,-0.3932291771473683,-0.12070104152228081,0.4659518259535258,-0.664550328901433,-0.12869270200243613,0.5364940026626429,-0.837124712969526,-0.10675392284457233,0.3021732969638368,-0.7517907434770043,-0.05295253995935717,0.3664857888646658,-0.8113506179855599,-0.13466748245255006,0.3249857368255403,-0.545288930581977,-0.14395094593846225,0.27345691418040124,-0.5437632388236303,-0.1463468408699505,0.1129872098758129,-0.7977692828767382,-0.04137739357755228,0.20736180444119054,-0.8422429400883608,-0.13959676227926615,0.18162840143862524,-0.5153164532941847,-0.13281946126811298,0.13817276488574565,-0.5490584503071403,-0.10542814976067132,-0.04719177855152664,-0.7672165070288671,-0.04781231856703103,0.02914668760954058,-0.7599251220678767,-0.151229724111544,0.04983809657235123,-0.4764435579884393,-0.10222118380116592,0.01594383943658436,-0.5046912103532066,-0.04952968114726431,-0.18874795291866212,-0.721324605493331,-0.06266448292695548,-0.12789829712621045,-0.6489776621458292,-0.12535371889314537,-0.0816662312296979,-0.463680286232287,-0.09651541469201878,-0.09472835725937918,-0.4926855305748316,-0.06073972645227542,A,right
0.0,0.0,0.0,0.22851864165539038,-0.10607074631885323,-0.09742716590731901,0.4101314914553321,-0.4105923407279144,-0.12426088535696275,0.47195329334540964,-0.665378225822356,-0.1370257402760622,0.5172953116636473,-0.847087566931726,-0.12185324977405616,0.25696832574292644,-0.8349488331040334,-0.05824280378625947,0.3751391458148935,-0.8359341883747373,-0.1438109143584376,0.330138395333075,-0.5705333059810721,-0.1638205480958473,0.2612472016137098,-0.5658254621594824,-0.17523019528418807,0.07430678170077896,-0.8705383444991994,-0.05299297418454037,0.21050251731158878,-0.8232676650905342,-0.15153563417109134,0.18265550671543243,-0.5114504379773896,-0.15718200426208856,0.11964276269230162,-0.552221352628233,-0.14402051286551212,-0.0853895129434003,-0.8196172007881789,-0.06427498685782679,0.03239184659643963,-0.7508509903236165,-0.16830800301283444,0.04661377589486268,-0.47765909668119605,-0.1290181664109077,-0.0031274411564092375,-0.5103017571313416,-0.0868683316342472,-0.22205764289015978,-0.7385843075367697,-0.08405160096763803,-0.13096825801967557,-0.6473747057220473,-0.14857817818506486,-0.08249106653011284,-0.4640266011225846,-0.12134843128651625,-0.10614372382949658,-0.4874384008614415,-0.08744744498771148,A,right
0.0,0.0,0.0,0.2468663260220513,-0.11155697192325437,-0.09244678520490478,0.463506470640719,-0.39047974340011404,-0.12628828404991238,0.5684812952319006,-0.6100382526053391,-0.15025418653260722,0.6479168338355022,-0.7474248036442748,-0.146833032148409,0.26985733179072574,-0.8585777799230685,-0.04773363482534603,0.4064779919184503,-0.8420231974858141,-0.13965598075711574,0.3546411931906148,-0.5789419267369632,-0.1750848528210482,0.28656918696067296,-0.5846215931543313,-0.19845708485908128,0.0919485897691531,-0.9084700871407543,-0.049094702109629795,0.2338955251138157,-0.8115910286982226,-0.15360030040566242,0.20379952941706697,-0.5074863519961903,-0.17192239003455037,0.14502729714520193,-0.5593972725860292,-0.16869436194660617,-0.06749708935128634,-0.8593873460390862,-0.06638844932991364,0.05054155593529103,-0.7615013431511225,-0.17015068330399305,0.061365342568781255,-0.488099915474207,-0.13535605972957265,0.021541219943737564,-0.529847741891728,-0.09733167575740202,-0.2025724241435597,-0.7733870881899452,-0.09258159040435579,-0.1229674341443865,-0.6696276101632844,-0.15140858728849782,-0.07403766124801436,-0.48467718626291245,-0.122035607835261,-0.08423456170866817,-0.506597834548407,-0.08769431136409568,A,right
0.0,0.0,0.0,0.2578920477872208,-0.08996149620747639,-0.11314236464341931,0.5090450694348191,-0.33350664857131157,-0.1587848092132991,0.6372219469779707,-0.5297218663689195,-0.18753958109987467,0.7486107989322012,-0.6364772526825925,-0.18568408262344663,0.3199036522545211,-0.8035787205573517,-0.09787749210647458,0.4194799748357207,-0.7947087872762024,-0.18940653526470932,0.35885378802578577,-0.534845764691457,-0.2136400749525681,0.2981498715123023,-0.5387893046640725,-0.23063124642592336,0.14361835032648188,-0.8653880488779495,-0.0907731388451388,0.2404876514927949,-0.7788418884939109,-0.19690807289838153,0.21631371368919483,-0.4810728130101181,-0.20709837987940308,0.18046372078746445,-0.5393216835543615,-0.19965292790458927,-0.0189618729247357,-0.8303632631358867,-0.09870883091714944,0.0495410563762498,-0.7211433879861743,-0.1978561243002142,0.06865113261043677,-0.4616521161575306,-0.15904261190174682,0.05173200027090097,-0.5200176806556948,-0.12232749087847195,-0.1600497337461804,-0.758368162895296,-0.11836251808318683,-0.11750325730472362,-0.6139262951853106,-0.17460133775611084,-0.06537048188713754,-0.4382052790974825,-0.1491944473194811,-0.059732692813518104,-0.4738359986922716,-0.12117148518503247,A,right
0.0,0.0,0.0,0.24107695040924607,-0.07427964544101887,-0.1496278323372796,0.48089772587480023,-0.313124903582478,-0.2055613828355801,0.6329764847308286,-0.4987800974811952,-0.2357305147576572,0.7661886956903681,-0.597948646304862,-0.23539817114513836,0.2900198364633175,-0.76090797617864,-0.11579094764847879,0.33155948512361416,-0.7642020432335841,-0.2098986098072559,0.29672330442960504,-0.5317071993416487,-0.24266418178136695,0.2697047417496534,-0.5460910808813702,-0.2606848513575966,0.1211936554205999,-0.7980712763018065,-0.08359904890949435,0.15832419430127534,-0.7476038766257646,-0.17473723807444624,0.16215904502654963,-0.4674748110255878,-0.17912990028205383,0.15354024948835665,-0.533079868621719,-0.1685000040982834,-0.03009847654487895,-0.7659222316335943,-0.07150321544655204,-0.007213007944868653,-0.6886580994890187,-0.16487851431227085,0.027771714186484338,-0.4503302368829232,-0.13144781993312993,0.03363990437078461,-0.5159452031927234,-0.09589543339808133,-0.1576376364920134,-0.7107015952302383,-0.07332833243776285,-0.1365529650167257,-0.6290005017865394,-0.11955942784570908,-0.08845963957515535,-0.4626596225209201,-0.0887824108460402,-0.08392600136699163,-0.4769955673107295,-0.056616265835826025,A,right
0.0,0.0,0.0,0.20670316129456454,-0.08712255853148544,-0.14948463177829338,0.42356461372331905,-0.3267576781039212,-0.2176745775579115,0.5698101538751276,-0.5378041038260818,-0.26476715923134336,0.7072585769870624,-0.6481719361934491,-0.28223827948999214,0.22957934088365864,-0.7175460799495541,-0.09221370353144132,0.24431295034117015,-0.7778992109148314,-0.1939530205175481,0.24781304166469525,-0.5627927484780041,-0.22808614200478344,0.24631606330185782,-0.5631333304208427,-0.2410082724982372,0.07822185777466319,-0.7183810125033507,-0.06039718098836146,0.101507015873873,-0.757270888629573,-0.1596285122501911,0.13123257603999675,-0.47397659205413534,-0.15460677241644474,0.1335654758226637,-0.5312628374238099,-0.1294064898321016,-0.05306848452275673,-0.6828105948386399,-0.05226990222788173,-0.04755720449927512,-0.7012055631885454,-0.15344559647728687,0.0019810282859524216,-0.46395443481047755,-0.10311149134656312,0.018147669436172464,-0.5193639772606728,-0.048825012290506904,-0.1705940588584198,-0.6307542147005781,-0.05808889984963913,-0.1631226815466826,-0.6320645445997016,-0.10325596879424807,-0.10508695812955648,-0.46877070682382094,-0.05798145852509344,-0.08757743690662925,-0.466566936463953,-0.011925039780399693,A,right
0.0,0.0,0.0,0.1989412217341995,-0.10839737669301275,-0.15266466969006096,0.40867963619422554,-0.34208387788150885,-0.219526818466049,0.5602983305107805,-0.5514851147807777,-0.25770967362794905,0.7012049542928953,-0.6625545529768362,-0.26331174756315645,0.23630138383812485,-0.7586719632876142,-0.12649346227604324,0.17676269130123917,-0.8070293633432334,-0.24803677625965365,0.209681639412071,-0.5814956944322102,-0.3036804622615995,0.24783204880510057,-0.5975459924129969,-0.33071283529898254,0.07880247438414735,-0.7283218640037448,-0.08460439982295438,0.02575204724934093,-0.7827100178730144,-0.19121767312868937,0.0893690941911806,-0.49731808478249084,-0.1919814105892143,0.12266301605401148,-0.5575657789495294,-0.176687621951183,-0.05908465367542996,-0.6841642830360447,-0.06436354504203291,-0.11924682184562013,-0.7326053515833871,-0.16175161504760677,-0.04970199148293613,-0.4856952714090902,-0.10168954015630607,0.0028229232236432833,-0.5340760921815045,-0.046300544354370574,-0.1884955820435769,-0.6411317040854342,-0.058613062504409535,-0.23768740570584143,-0.6469570824411192,-0.09891762765764801,-0.17129282327428558,-0.4743578677362204,-0.0493712274667829,-0.11762861183726228,-0.47328770250086827,-0.00240141875714078,A,right
0.0,0.0,0.0,0.18448548890961702,-0.12735110438347308,-0.15368630524807111,0.37566003811221643,-0.33862151800535156,-0.23245416801794316,0.5314435734708076,-0.5513146645714745,-0.28366188021248767,0.6626868362068554,-0.6851558784515605,-0.3023368640133366,0.21781891723129002,-0.7593632783869526,-0.1430068032951998,0.11483194945926763,-0.8150424317377342,-0.2676241315348272,0.1582530341263597,-0.5910299238589928,-0.32371209869477857,0.21556568208730378,-0.6177090642613852,-0.3504953361399617,0.06442623932272828,-0.7181968960526106,-0.09579995897069689,-0.02840213352714591,-0.7949385344599734,-0.20625747596080313,0.046443346801617366,-0.5156375489185279,-0.20221601281165347,0.09844374440551705,-0.5800789002855231,-0.18526464569078271,-0.07211489532047886,-0.6673760448553576,-0.0682343981368029,-0.16207583113012639,-0.7472385038024532,-0.16274243619325005,-0.0892412430412908,-0.5001373598640595,-0.08968902607022534,-0.019667518659691408,-0.5357413361571314,-0.02759985797443908,-0.20327595880603552,-0.6282176570631348,-0.055602916157834865,-0.2769577016870819,-0.6474606446540244,-0.08979189434242638,-0.21182229667537705,-0.4810713152380826,-0.03500892969083779,-0.14052180115795737,-0.4771980836205607,0.014106598836335476,A,right
0.0,0.0,0.0,0.188779183399973,-0.12023428618431288,-0.16219054657490128,0.3699612162107288,-0.34205316801238195,-0.24634070690217746,0.5154687967094224,-0.5550392671505099,-0.30302222721970806,0.6571494573729463,-0.6797164583529018,-0.3257915390531654,0.20303140155923496,-0.7611163506219399,-0.14902015069787647,0.09746778846193996,-0.8376390493321741,-0.27467022756908155,0.1450468121898131,-0.5966015857601116,-0.31798614424370214,0.2084724683884576,-0.595503946817382,-0.3324195843758093,0.04498827847267275,-0.7178147079324583,-0.10342447347159694,-0.044342185691655385,-0.809567341926545,-0.22413475976484654,0.028630494933124227,-0.5118810424114745,-0.21223442646813867,0.08146790560440337,-0.5650786593015575,-0.18165383731590312,-0.09340129623011478,-0.6666972277080435,-0.0796790549988082,-0.17685796465232542,-0.7392678634022342,-0.1882639469185031,-0.10574995471801664,-0.48854338185382556,-0.11530010701017239,-0.0390382304916537,-0.5331507720864715,-0.045383953644372504,-0.22538880212083146,-0.6207168903157356,-0.07112410644478467,-0.2988047560988343,-0.6428165454259628,-0.11344603161745913,-0.2312714809605889,-0.4751617750731826,-0.05799320136156181,-0.1650739931537101,-0.472930490127824,-0.00433364776613803,A,right
0.0,0.0,0.0,0.18864619741331418,-0.11179683798664099,-0.15797548950865034,0.37802107743756985,-0.3489682259873218,-0.23656501844585925,0.5258842498417791,-0.5598889100918266,-0.2904359787078709,0.6688758033985891,-0.6746012392174343,-0.3122792463072017,0.19455977851178308,-0.7298978849157859,-0.1361552012435054,0.13784564069831512,-0.8165275025370219,-0.25247841339117416,0.16617469066515905,-0.5730195235150524,-0.29066057396585837,0.20083564069955437,-0.5677363051728429,-0.30558611110624884,0.035470519901671,-0.7020722883892287,-0.09875753929010932,-0.011794008564443492,-0.793973301881431,-0.21248012472060757,0.046397652893724314,-0.49735114338736486,-0.20110473623376346,0.07997670417901666,-0.5420117487904395,-0.1729245131133604,-0.10389055241884225,-0.6539815815439581,-0.08403262758497797,-0.15485884242558132,-0.7205414607305102,-0.18987074196733736,-0.08598600609023213,-0.47400471037594616,-0.12363956234654296,-0.0361311836834224,-0.520019099671084,-0.060553508728406875,-0.2332494971112742,-0.6023349415920529,-0.0843712558078856,-0.2770339718170175,-0.6148683458915135,-0.12673378516202546,-0.20724731867627233,-0.45268901659388905,-0.07440385867005829,-0.15695075422732724,-0.45234797157893775,-0.025625903330555668,A,right
0.0,0.0,0.0,0.1873735476027897,-0.11083671389249901,-0.15060440077514914,0.3796908811210218,-0.36199788571707364,-0.22223615227948582,0.5184064199831901,-0.5767832866776573,-0.270097087229949,0.6310477225348012,-0.7201392995244003,-0.2884062432821913,0.19098820030004765,-0.7467466933472406,-0.12806805655962714,0.19057267318348897,-0.814887815506333,-0.23029757990687566,0.19257822630383856,-0.5727871625180504,-0.2641530819368476,0.18223698021016027,-0.572073859018658,-0.2825761679912914,0.02926722465321873,-0.7349146399313824,-0.09407618901144048,0.025034154970152767,-0.7998497471592332,-0.20137658272403888,0.07109478830278024,-0.5002960322236719,-0.19605612382402712,0.07664471672795502,-0.5370542372540178,-0.17557943970243786,-0.11472465418943976,-0.6719151092764503,-0.07996275273528419,-0.12930227926120438,-0.712427920098916,-0.17927742646520897,-0.06190553789019561,-0.46516533848434766,-0.11833026793403977,-0.03769214825409686,-0.5068221425108577,-0.06337348243188248,-0.24642641301641943,-0.5976877423073806,-0.07959116403124607,-0.2624276366369501,-0.58844554317447,-0.12448790326295663,-0.18866116421071846,-0.43339363935970715,-0.0776504129242955,-0.15205626979331657,-0.44454337631136387,-0.035293486170036845,A,right
0.0,0.0,0.0,0.21409634759945032,-0.13934213109236854,-0.12195881438001659,0.43831670892500985,-0.38655469425174427,-0.17215436719159904,0.5628888364182401,-0.5868615751946192,-0.1994128301230934,0.6545424044765747,-0.7307460626207195,-0.19386704904738045,0.21124249850774282,-0.7564879857293338,-0.1243209945472088,0.26567476559975806,-0.7686004233684283,-0.20570742805091857,0.254081758811048,-0.5254164424250696,-0.2154098641638683,0.2154626407582429,-0.5247596023985739,-0.2184204816381537,0.0473274657786652,-0.7649083343666536,-0.10342264878698518,0.10265558358240263,-0.7286061700795509,-0.19488613964367257,0.13138217459067703,-0.45552597253893123,-0.19556158373028326,0.11340469372837589,-0.5113856584544121,-0.18592437853217217,-0.09014970096422674,-0.703032685797129,-0.09441521505115079,-0.05268631380753997,-0.674361398961654,-0.17851024181336755,0.001823664709014672,-0.4382961140245135,-0.1274867740018334,-0.001373762242705927,-0.4858831853889016,-0.08612790260607041,-0.21164495032330807,-0.6252497557631924,-0.09706225701704115,-0.18666322618181355,-0.5549473329473932,-0.1385904184948838,-0.11307555975857751,-0.40124198873048944,-0.09984254112417579,-0.10097773076890185,-0.42425912412383987,-0.06465896826262967,A,right
0.0,0.0,0.0,0.2170988445031243,-0.10928738901261195,-0.1326469311619268,0.4035339940205873,-0.41620605722379234,-0.17106919850079289,0.44956847012604484,-0.6702965193794607,-0.1858845847192307,0.5134291772262979,-0.840811601427586,-0.1715410472088386,0.2548262271529863,-0.7519304540402817,-0.10205018858925771,0.2964326878859273,-0.772130508547335,-0.19403500388976125,0.264360615933646,-0.5235789858207861,-0.21594887637967386,0.21268232126325692,-0.5341419741750993,-0.22808710585562622,0.07000180205925548,-0.7670818106086553,-0.07383783530968148,0.12287248604432581,-0.7567490945197606,-0.1908626114122735,0.13509345619027435,-0.4647095696975213,-0.20253577200142764,0.110229314277407,-0.5052269629065146,-0.1896763977763523,-0.08146128416331155,-0.7055581951574262,-0.06271663272240191,-0.05927029822712423,-0.6602694188368572,-0.17444252876958888,-0.005574758365927786,-0.41268602773366775,-0.1332043130207993,-0.007912225925832793,-0.45036046065085655,-0.08821310372605054,-0.21325080591850892,-0.6344802139472875,-0.06279669502737063,-0.19951878143386012,-0.5288468935046706,-0.12841524867242568,-0.13049461617309915,-0.3634494353403426,-0.1045139152163344,-0.10745063474626161,-0.40047697933280385,-0.07453918432330071,A,right
0.0,0.0,0.0,0.21511630158654452,-0.10879779165925313,-0.12739823776382136,0.3808095179846518,-0.4341209585079367,-0.15793980680518171,0.39274414905796684,-0.7033673181459432,-0.16653223882795604,0.44413221762013805,-0.8842585445483082,-0.14433779707729405,0.25887446828309635,-0.7448917935639194,-0.08300532818949109,0.2984718054135981,-0.8022609961842925,-0.17315589517597108,0.2677332834782346,-0.542836306581886,-0.18928383713336477,0.21898039658469598,-0.5529386848173532,-0.19666852517823416,0.06643098384435933,-0.7582346151015255,-0.05348752133014564,0.13121761557427583,-0.7958176949196286,-0.1669501711806775,0.1324182684687567,-0.48369443700415876,-0.1714122808809238,0.09872227122693784,-0.5271672460358878,-0.15022855229016996,-0.08093814569539562,-0.6961860506865517,-0.04308652211676632,-0.049967929752184045,-0.6797314123856928,-0.14848508085577775,0.002136520058468105,-0.42936884167791195,-0.10405618987736996,-0.015146294447124816,-0.4687502773966162,-0.05606996468922841,-0.20882378324963385,-0.6358940749115713,-0.044101378235671264,-0.1885667138042818,-0.5362922495934058,-0.10311372514858527,-0.12817104716839012,-0.38075507508774037,-0.08052942316392177,-0.12406325786736527,-0.42965295255883595,-0.0522837125139211,A,right
0.0,0.0,0.0,0.20740653251800556,-0.09898434559020297,-0.1252208899671495,0.37735862870161313,-0.4131757164885688,-0.1547075712368264,0.4005169724699283,-0.6901605292521618,-0.1622825539079742,0.43839358897901354,-0.8877811968161763,-0.14019845834294073,0.2497919888846041,-0.7109776048870063,-0.08438030092128564,0.29232278100342585,-0.8209639678481111,-0.17291634952539173,0.26227229289634835,-0.5612985845434635,-0.1892932286905569,0.21817611361295594,-0.5570803152627909,-0.19499139945376337,0.06523375053017089,-0.714917970005355,-0.055226453663340724,0.12965170322338335,-0.8069178729613733,-0.16943467514309615,0.13343961719330616,-0.5000940154246665,-0.17872890911372039,0.09949847081369254,-0.5248877396521127,-0.1611517357816917,-0.08092324962069364,-0.6595762350384812,-0.04353194044978205,-0.048156244542113744,-0.7093207016159576,-0.15540619212355486,-0.0007617006402975509,-0.45126347354880053,-0.113589563742741,-0.02159018109458743,-0.4771700760206141,-0.06442122347853718,-0.2130249704727007,-0.6030145376375811,-0.04102848165393461,-0.18452099606792602,-0.5790505897204843,-0.10435201323867398,-0.1260454084799367,-0.40788927989285856,-0.07464889271855081,-0.132172874814033,-0.4288827769824852,-0.039089791661729684,A,right
0.0,0.0,0.0,0.19831127123825942,-0.12392391143833532,-0.12177383021226652,0.3707188519499812,-0.4482705913239492,-0.1495800767668101,0.3964033263387812,-0.7144527757106398,-0.15639297447358583,0.4111387658957256,-0.9017188395457598,-0.1336714239693281,0.23605319621395734,-0.7244311790141142,-0.07024969503970492,0.27931375822050947,-0.8350138716734583,-0.16573267981329792,0.24889456329994233,-0.5722135939645671,-0.19659220077471426,0.21226177063915797,-0.5568598144216295,-0.2109475692985498,0.06528919911536453,-0.7154800154688454,-0.04586458041805272,0.11411359260750409,-0.8160311770285509,-0.15576269608831012,0.12099650845026512,-0.5139578394477624,-0.1643895779047273,0.09650761420655353,-0.5278716407466862,-0.14753399123746147,-0.07719586503222392,-0.6631671014266423,-0.0412744194424431,-0.050421605445032616,-0.7366548714911293,-0.1537273845484534,-0.007188579810673533,-0.46767759177829976,-0.10863892949333143,-0.015836843261818685,-0.4795044636352168,-0.05617080986259866,-0.20666277653703408,-0.6016829887758656,-0.04603661556677138,-0.18003786850013892,-0.612632177156265,-0.10773395276314843,-0.12426043866355714,-0.43382802002293164,-0.06910036499558854,-0.12291770783063409,-0.4357658538288819,-0.02600528673321843,A,right
0.0,0.0,0.0,0.18775775792106927,-0.08626161977312519,-0.1489634754438873,0.3622281138782619,-0.3817262162623028,-0.1921075304488434,0.4205589432266184,-0.6721054153498413,-0.20990195497744768,0.41270147975679944,-0.888786451499531,-0.1993392390810704,0.24959644346637594,-0.7136447388542096,-0.08687976220889145,0.2524759826093853,-0.811152276212011,-0.18560622149022665,0.23333894271279929,-0.5550607963166592,-0.22031943661050987,0.21052480032841642,-0.5421762923727531,-0.2345214518026518,0.09615552719654041,-0.7159939692189174,-0.045312240323503415,0.08868836068268132,-0.7977181698606847,-0.1517613456909247,0.1083063691913757,-0.49693746448901316,-0.15452596313015593,0.1027778623743894,-0.5260124315259587,-0.13432533742633307,-0.04508218265690402,-0.6752361357021317,-0.026211074956096925,-0.05836639235123129,-0.7396355814733401,-0.13495526461623084,-0.01666616726062775,-0.4787427041567871,-0.08219337049856183,-0.006480699218368069,-0.5016548548168093,-0.025278125429548253,-0.18118487491887142,-0.6251856055270663,-0.019194550493626984,-0.18687249117076687,-0.643091269448521,-0.07761182664139282,-0.13481777576597267,-0.46941875685976064,-0.03562542088621831,-0.11203353990684199,-0.46825817086200544,0.010125609621972809,A,right
0.0,0.0,0.0,0.16594659211723983,-0.08091352798408014,-0.1640802551729158,0.32131872119237664,-0.3727850966530985,-0.21641873958145702,0.3767129807565928,-0.6808539659593275,-0.24084715772839618,0.33814325229031506,-0.9115058514285285,-0.23412864784575532,0.20554116761189709,-0.7134014895951218,-0.10234013224354044,0.133236747798606,-0.7980224096898668,-0.21909698477810416,0.14510596783328772,-0.55177981459312,-0.26392937382244325,0.1635084341065446,-0.5465698274462106,-0.28095314319277137,0.060356757579182324,-0.7120063302728928,-0.052502991129473334,-0.017641079380619366,-0.7900695562078629,-0.17331318460939102,0.029813564206664655,-0.4911619311018278,-0.17031406044699843,0.06193905406707658,-0.5228703934822788,-0.14094866717770232,-0.07039563915158738,-0.6803279670919088,-0.02901452414384586,-0.15261166392239486,-0.7436385925371424,-0.1462943157164947,-0.09123048930339685,-0.48480258452384617,-0.08539687055341914,-0.04288337373845004,-0.5017009508008851,-0.01879465577791158,-0.19356266905506916,-0.6431342020298327,-0.02058638740985162,-0.2554375012587934,-0.6444661837466501,-0.08392323831829421,-0.1995742777388014,-0.47925063361483006,-0.04677299040238618,-0.1435744714228611,-0.48704399205312815,-0.001215088036968085,A,right
0.0,0.0,0.0,0.1718925623881255,-0.0420257702605863,-0.18614903050292914,0.32697411527701165,-0.34049032174085303,-0.24359891529258387,0.3818813944660098,-0.6635164923561683,-0.26750723044137914,0.35382059358442075,-0.8991002023216523,-0.25773981791863715,0.22415779050413254,-0.6670796439249127,-0.1292252731469077,0.10293244461257497,-0.7838894160128665,-0.2561467907498114,0.1155021574837274,-0.5377946199875278,-0.2973890605763646,0.16240450640366758,-0.4999462414768065,-0.30625566759770734,0.08681049076164285,-0.6640380574750707,-0.06782525995416407,-0.021381702003689662,-0.7694671760570803,-0.1985289121148919,0.02112926474591677,-0.4741043166819343,-0.1885147936407826,0.0770250562839145,-0.4806278747231046,-0.1475946459646162,-0.03553630780993073,-0.6407086529812247,-0.036178962715046795,-0.13882204768422027,-0.7069003062229519,-0.16612727171690833,-0.0874981176423476,-0.4540633831852478,-0.10498640124807213,-0.02168563983913528,-0.45908037073354047,-0.03074702777119099,-0.14850785809366368,-0.6122319833113288,-0.021148487866969254,-0.22550644970494055,-0.6326810897344631,-0.09553434858359819,-0.17955764079972908,-0.4604523772958533,-0.06278186861821686,-0.11970799469767905,-0.4548697276649257,-0.015323952345833473,A,right
0.0,0.0,0.0,0.18530854253597176,-0.04831305615440784,-0.17515708947251635,0.36100299617402404,-0.3783886328483363,-0.21351550596083235,0.40925800369794124,-0.6964671094149212,-0.21469368481693546,0.36861440732001627,-0.9123544204362223,-0.17813711075067462,0.21970630743172392,-0.6991022514224479,-0.13750873597372149,0.10884628297783427,-0.8333435889197428,-0.26561580420056785,0.12811936225146608,-0.5661390255102319,-0.31024913036807533,0.17353142372863112,-0.5167778611005914,-0.3229805313026526,0.06958565211593025,-0.6890772960421324,-0.07835709170079992,-0.03971819488120467,-0.8195732755525849,-0.21018162511648386,0.010276188128862251,-0.5095485794912077,-0.2015502320009484,0.06617939008937963,-0.49227882455078337,-0.16390655723613956,-0.06416816309608066,-0.6617634756524439,-0.0472339152479707,-0.16547322491800853,-0.7428715653936735,-0.16980860504373885,-0.10551128857683655,-0.47776997167688795,-0.10619646592746307,-0.03574768292411753,-0.4687294003745215,-0.03428387330250262,-0.18590411573741658,-0.6308258186354115,-0.03241085530292404,-0.25588321256235924,-0.6484503311715819,-0.0996360008101,-0.20600790827139903,-0.47092813593908356,-0.06440172587321412,-0.14702626099340135,-0.4682076092813859,-0.01818637920340824,A,right
0.0,0.0,0.0,0.1857006939503163,-0.11189619068868999,-0.14242044030676476,0.32000460587859036,-0.4313279528336981,-0.1758983909063871,0.31741055475757274,-0.7331260604113407,-0.18140952181864242,0.2932224667343124,-0.9436188114119204,-0.1536363360400129,0.1562776774102519,-0.7159913442975122,-0.09319769950876947,0.11226021828707726,-0.8558137015819955,-0.19776033012583544,0.13393863931814995,-0.5973292410759621,-0.2307012829547986,0.1465367055812428,-0.565946091890886,-0.240359841923561,0.005855013529067401,-0.6749421660732526,-0.049548322918041655,-0.04667002579582359,-0.8058947484915783,-0.15631677714210324,0.010517374981564109,-0.5122757109354241,-0.14862862216518147,0.03163982910482059,-0.5282308821795779,-0.11879886720742443,-0.12584301966668907,-0.616224853373249,-0.02923587861831993,-0.18154197432902933,-0.7232493823030163,-0.13590354741310162,-0.11059999513600573,-0.4654647913113818,-0.0745890018954195,-0.06944066795669551,-0.4790507743876544,-0.009461377736192888,-0.24903897146256687,-0.5546535587685036,-0.02094072205976517,-0.293329987331252,-0.5928576085048168,-0.0760832234815795,-0.22296050603521703,-0.42556721436003675,-0.03145111978805409,-0.17599994291713889,-0.42534989064464,0.01774333914176302,A,right
0.0,0.0,0.0,0.17567656808484275,-0.12254072545005576,-0.12921183444100318,0.30025139564171244,-0.4759861390322844,-0.15559841185515996,0.29146815915849617,-0.7743017713486527,-0.15947108240230914,0.23944955838142756,-0.961848571166043,-0.13233002356525417,0.11032064297131894,-0.7380311023642918,-0.07405029189126436,0.10597114917081309,-0.8848466180263214,-0.17435539052407292,0.12476845472924684,-0.621174634470911,-0.20182007219560497,0.11010464626814956,-0.58045090366361,-0.20945703363949833,-0.03740134708622403,-0.6895712179485536,-0.043724738788667325,-0.0469523378227031,-0.8254348146940657,-0.15695516384330094,0.012351176644581048,-0.5264326992444233,-0.1571288545345012,0.00511913639078355,-0.5388246930198655,-0.13054880428320412,-0.16584806443551559,-0.6145518734178156,-0.035426008276110026,-0.19679122630233006,-0.7197580645267149,-0.1494945621823501,-0.11269936658335773,-0.4590195762098259,-0.09403591976250496,-0.09933662232554769,-0.47398631750512615,-0.03190424612544934,-0.2925522461759332,-0.5308000596182242,-0.03766432086720089,-0.3114178950086381,-0.560596129376815,-0.09887905027863504,-0.22400790032687232,-0.3962198057593977,-0.05599638285430943,-0.19280567314727873,-0.4027577369035147,-0.00836257836093718,A,right
0.0,0.0,0.0,0.18233527390212848,-0.15116061371871922,-0.10699749595589438,0.2728794191863539,-0.5137774196226063,-0.1243834350656887,0.25674394048663907,-0.7962679390324259,-0.1254952254425825,0.21254104002253912,-0.9721133746979214,-0.09910546422653059,0.1070231821848814,-0.7391728845264782,-0.06449332500998238,0.11984625574749717,-0.8922394355829393,-0.1579701297017914,0.1440250382104223,-0.6399814615449344,-0.1836100814837103,0.10874934890953848,-0.6015793234581654,-0.19320283580682385,-0.054938729246540315,-0.688756890370744,-0.0478699894386504,-0.027614210789401683,-0.8277873868802554,-0.150744889806171,0.032510779619321716,-0.5387548922981421,-0.15468739497630907,-0.007204118097256768,-0.5435276695240102,-0.13648341120929167,-0.1915029220169762,-0.6015263796870968,-0.05071730679145426,-0.17649724341308726,-0.7141606410869241,-0.1636947710004359,-0.08829353554426451,-0.46323824859455964,-0.12154028155990197,-0.11491841244032752,-0.46749810902524047,-0.0713046823541754,-0.3194086950773143,-0.5056188536582303,-0.06123304240076878,-0.2862722722300653,-0.5473097297101256,-0.129991507858221,-0.1975666358958998,-0.3915015903574716,-0.0966353472296331,-0.2027486707773735,-0.3878477785805199,-0.05736562094950673,A,right
0.0,0.0,0.0,0.18972878144139196,-0.14627148634451884,-0.09689025556446049,0.26720224959131617,-0.5210604973474672,-0.10572189547458545,0.23740190508919043,-0.809711317130715,-0.09919298064592388,0.18369385188209192,-0.9806797915433444,-0.06725857000578211,0.08004775815409189,-0.7329750785697109,-0.056738969326382935,0.09302924001613391,-0.9083562036303076,-0.14265590329449815,0.13359133244937668,-0.6655905713395865,-0.1623235768498023,0.1043878741168517,-0.6016480941434458,-0.16564297907848588,-0.06264818093702158,-0.6687090069927191,-0.04054507728471897,-0.04727858554658519,-0.8351527673090655,-0.1346404005935359,0.03163984284590815,-0.5563088807462848,-0.13431637957519138,-0.004000965782725968,-0.5354847453163971,-0.11449136820707331,-0.19248347815713404,-0.5784711951489181,-0.04241623568583809,-0.18053372765101453,-0.7378892923815686,-0.1543382841466003,-0.08204450288836819,-0.48005770869941916,-0.10939520366223585,-0.10950354208996747,-0.45287854369361363,-0.05630453046148362,-0.32516188763451687,-0.47502671811074504,-0.04997828367932968,-0.2883208867882064,-0.5860216223497272,-0.119846633764981,-0.19846875523860888,-0.42263368355531145,-0.08195338233091351,-0.21032017596049193,-0.38766371159516666,-0.03895466667045187,A,right
0.0,0.0,0.0,0.2007809736394343,-0.1756344991253555,-0.07091980691653989,0.26704559185831533,-0.5378838422001793,-0.07210657468985428,0.22652716890124688,-0.821718167828793,-0.0659441671563508,0.1652571498569107,-0.985507169581322,-0.03828437181124928,0.0839466851219584,-0.7509853327212068,-0.021881095861675862,0.08105537443271175,-0.9433265661497724,-0.1086045191778617,0.11619759691174852,-0.6936612848792321,-0.13419211247515198,0.10345669810639527,-0.6144610891412271,-0.13913399155091447,-0.06639819591093263,-0.6966212803559401,-0.018241506371514057,-0.0663694120727744,-0.8824298321203534,-0.11201140744124408,0.00447088844254624,-0.5938273861395894,-0.1145993351836157,-0.019931773774695388,-0.5470628703021866,-0.09375845749056375,-0.20507683221581482,-0.6121121900608663,-0.03154342744383622,-0.21241154019679193,-0.8016470423585832,-0.1416320452058033,-0.11580427524302359,-0.5272760498681563,-0.0930566036703831,-0.13055194187877317,-0.4727358473076937,-0.03415396913540457,-0.3448364136764413,-0.505005977049308,-0.048321041409891186,-0.3350516322857688,-0.6585252672994389,-0.11391552512425654,-0.24107352102820123,-0.4789385920724784,-0.06710025515007138,-0.23496074730245,-0.4206187440810477,-0.015200343595194251,A,right
0.0,0.0,0.0,0.2182639499210598,-0.06857056515120045,-0.09366020118224479,0.3851130860523446,-0.42751644052768945,-0.0979014754268496,0.4123861748630346,-0.7426577964621849,-0.08487405316469487,0.37765680405213703,-0.9249227249089434,-0.0435119673209628,0.24006744984452538,-0.7105818714677036,-0.05735220897830328,0.2664938015971526,-0.8954949520733892,-0.15094841066958528,0.25515677237703793,-0.6224343683609961,-0.17853722686063647,0.23157030244052157,-0.5753160193308198,-0.18756154810849718,0.07264014705935185,-0.6914891377456536,-0.042452098513914675,0.0998747741398475,-0.8678228538294577,-0.13984630817889943,0.11731696199947278,-0.547618197220027,-0.1367513485817069,0.09046612508693759,-0.549334086667083,-0.11425859791047957,-0.07972587303532178,-0.6537993716973696,-0.04602732311897174,-0.06374159153355663,-0.8229773035568714,-0.15523501185644062,-0.02135734385321155,-0.5182039066683904,-0.09940421244657063,-0.03624170258481762,-0.502550892326686,-0.040340071339413155,-0.23451109460251857,-0.6119095019984684,-0.05587551117027429,-0.20975100425798693,-0.7058383407904699,-0.11687753156146878,-0.15456520392780565,-0.4916723434731672,-0.06836029218309612,-0.1554292280861063,-0.45866299777923897,-0.018972909147347904,A,right
0.0,0.0,0.0,0.2280056701525287,-0.019640748781417108,-0.11341902871822036,0.4472157825480047,-0.3224442334506374,-0.13345483637912706,0.5257599373098227,-0.6499140513252132,-0.13364866281972687,0.5100513707836184,-0.8540361723371035,-0.10232211638517391,0.33848903436503275,-0.6247328308077862,-0.07663186518193826,0.3867311081349608,-0.8114680228804595,-0.17069226808480045,0.3284826526978882,-0.5351269034704982,-0.18548706663511005,0.29869339318870014,-0.49683328551219197,-0.18677790011668538,0.1727954712858689,-0.6637989036839618,-0.054386079742627255,0.21106438192491506,-0.8205099927647144,-0.16299166186850056,0.1781634875861071,-0.4887615117330616,-0.15199233931487258,0.16126500334303095,-0.5108945596991018,-0.12224412783525787,0.019321288927706924,-0.6682792744206835,-0.05174702403958998,0.04054892519765232,-0.8199366837980715,-0.16438335946904511,0.04047174581240521,-0.5111977408173798,-0.09350893710359882,0.03497878815189546,-0.5112630210254582,-0.0252771055916985,-0.13584720404620093,-0.6685865045645258,-0.05800524753176295,-0.12530767313535796,-0.7430084207691305,-0.12080669277247107,-0.10007001415955437,-0.5269418396087406,-0.07022843454337827,-0.09201038745711704,-0.5131191273974287,-0.01985359595002024,A,right
0.0,0.0,0.0,0.21909444460784236,-0.03202324537563936,-0.11394871109487448,0.4607792243918904,-0.3051038674500946,-0.13348707567812348,0.56262136818095,-0.6057835746524236,-0.130563098390467,0.5670556706277878,-0.8184169396545623,-0.09296009517707193,0.36993388464609483,-0.6224705680391205,-0.08016250523961815,0.42821860873097994,-0.8017882223461412,-0.17494926877129177,0.3435120428056164,-0.5244439694207117,-0.19554071783608032,0.3149543535998557,-0.5093532916617647,-0.20243009752063865,0.20453149373176988,-0.6737795374817745,-0.055111283922739666,0.25131014236751675,-0.8297438639643504,-0.16228705536909807,0.1941586011970082,-0.5015266730235947,-0.15644965865675375,0.1843145162712517,-0.532174735964371,-0.13246760801420562,0.05184800238351072,-0.6868022873561116,-0.048431617065514534,0.08097648125181339,-0.8418403484119409,-0.1536830413286784,0.05885218843625586,-0.5352070040886382,-0.08337792007243959,0.061475775817578585,-0.545158662830784,-0.018163629397911902,-0.09812078805733396,-0.7041575851554469,-0.05096751495209213,-0.09164441202024261,-0.7748980935599741,-0.10277145696258404,-0.08107225021354487,-0.5614694803912352,-0.04795050169282303,-0.06775338137940953,-0.5522589503763777,0.0032323407104781635,A,right
0.0,0.0,0.0,0.20894024441294398,-0.035291633623131854,-0.13935848227040457,0.4466014081676403,-0.29040559423410756,-0.17254035635312356,0.5481348868453985,-0.5922149552852967,-0.17852915805906266,0.5487568578919922,-0.8221492939773029,-0.15144784359352956,0.36208293587305523,-0.6401056008607859,-0.0939827111300337,0.3908613915545183,-0.7882599077395794,-0.19082718906115956,0.325118248349396,-0.5212597911393384,-0.21850923996746438,0.29750514462112443,-0.5093961353946527,-0.22839295454716002,0.20269522117185446,-0.6803117700482046,-0.053445456870477144,0.21140490513259214,-0.8172426334986189,-0.156244835469392,0.17476092645220884,-0.4912434202159145,-0.15168225797199142,0.17464199658800228,-0.5273528573714992,-0.12734612401645246,0.05844976928265529,-0.6849739010831181,-0.032946350393850424,0.05250199034406581,-0.8196000162664321,-0.13521544393164547,0.04622723463692466,-0.5222457036420075,-0.06777773096711653,0.06205631741471909,-0.5325246993041571,-0.0031694598568023013,-0.08447057891683706,-0.6921663453370422,-0.02377184050987876,-0.0993419548557033,-0.7471564609415321,-0.07581969505807391,-0.08277430154958287,-0.5431506808809311,-0.022844511512321062,-0.05809129217169215,-0.5314535269461346,0.029804564135931962,A,right
0.0,0.0,0.0,0.19939138741709872,-0.02951643824145014,-0.14787308863793672,0.4160705722389543,-0.28482071096744715,-0.18559012046573975,0.5255050857183348,-0.5922672022170348,-0.19458340139513608,0.5280846537497295,-0.8319505686772825,-0.17024937518703134,0.36217337384677983,-0.6483235856033145,-0.09567627977332421,0.3513669332336043,-0.7776049185709013,-0.1974062245523511,0.29854621309046714,-0.5146084532470531,-0.23127826220146772,0.29170999380425655,-0.5005850348788269,-0.2435033843423515,0.20631496742685607,-0.6938007471471992,-0.04792786075156207,0.17636026955561301,-0.8254078167105419,-0.15417576039404135,0.15492380845709108,-0.5041620520602725,-0.1432332230981182,0.17948090784608572,-0.5223512827087379,-0.11163463705616264,0.05877540501711385,-0.7063753526270494,-0.02329750575584333,0.023198721027401337,-0.8222400198072657,-0.12680793083687822,0.029965698851245243,-0.5380891552765693,-0.06049998898867284,0.0717089983590942,-0.5352551086930653,0.006387450714656823,-0.0807835126279552,-0.716051685213677,-0.011375150705897447,-0.11103911965808155,-0.7596672544504272,-0.061082434257097334,-0.09221927400890279,-0.5729956692712957,-0.013607764460938726,-0.047458874845895824,-0.5590636561045583,0.03647808348952982,A,right
0.0,0.0,0.0,0.1875609547230439,-0.036582242855022734,-0.14490738392753924,0.39915727931081996,-0.2904051365186668,-0.18392885798316883,0.5089684377210071,-0.598442147650086,-0.195154719304089,0.5048043192446616,-0.8457520313126028,-0.17284704452937558,0.3352061815150058,-0.6513638312023742,-0.09250228824169071,0.3172725418087994,-0.7878882748761563,-0.19306072935328109,0.2759644577458549,-0.5229987959044947,-0.22312810365395205,0.27753819268488217,-0.501874200171667,-0.23201010952979575,0.19246090040077837,-0.6936573881321002,-0.04498746076692067,0.15765479492627313,-0.8343728893117627,-0.14870172025774386,0.14071678018403203,-0.5109786329011625,-0.1318930248479359,0.16803447495003915,-0.5287631087227637,-0.09582170426968431,0.052126222772166185,-0.7013691449786408,-0.020631460494282907,0.008060205599485172,-0.8250808426288005,-0.11814925357323483,0.018487208784926618,-0.5455730631524979,-0.044832451432657384,0.06119380418826244,-0.5421851404529573,0.0253699076204329,-0.08495466774016783,-0.7068985206817677,-0.00940890410066936,-0.1245778234217024,-0.7499669144461559,-0.05458994579171817,-0.09997945182102426,-0.5709819238346409,-0.005330184146549281,-0.05209728529830385,-0.5614582974230069,0.04492299418160304,A,right
0.0,0.0,0.0,0.18901085600061066,-0.04095987075997171,-0.1490128132476514,0.3946332812198345,-0.29895402841262075,-0.19328258844904617,0.4899971147086014,-0.6106928884360184,-0.21071338674836335,0.48051553585246953,-0.8550470141563523,-0.19493440790871353,0.31750777432099453,-0.6365235989877267,-0.0903863134124376,0.2823058507814356,-0.770716678178191,-0.20005759692063346,0.25368579544397185,-0.5134651924565372,-0.23520331418962437,0.26761668662047666,-0.4879520637455374,-0.2461392278831737,0.17757389362233464,-0.678629683779302,-0.043969177740533896,0.13433495609741503,-0.8180203852256023,-0.15711757982779848,0.12538975999510615,-0.4981967040282742,-0.14206269839757524,0.1600840314337466,-0.5107923921740962,-0.10382481564737947,0.04190396619305054,-0.6870751055403598,-0.022623943832377476,-0.016305572318592056,-0.8036551360062609,-0.12990740211786458,-0.0002459096743228896,-0.5239664005590292,-0.0562613114779963,0.04932852298074151,-0.5183105552825407,0.017328181899555806,-0.09038493491310758,-0.6884249055963086,-0.015026831766678163,-0.14346180406970108,-0.7221349977070921,-0.06857449119104066,-0.11455405603850217,-0.5396395895819693,-0.022273605571875618,-0.060161987182145944,-0.5302252806147618,0.02786483992055105,A,right
0.0,0.0,0.0,0.1987685509665411,-0.05788059008966645,-0.1425740009246613,0.40063435345796317,-0.3455958755217962,-0.17881750442674532,0.4694718921479681,-0.6514330004822746,-0.18941070386825176,0.46832493534084013,-0.867587309989515,-0.1672244434380183,0.29323784344631443,-0.673674053457937,-0.08929617971170827,0.318683275273129,-0.8043019005130079,-0.19206368518498398,0.2752745492398762,-0.5483477996770654,-0.21955506948775153,0.2445268219204091,-0.5364491761307931,-0.2284061819829213,0.12130441462575492,-0.6943327741853984,-0.0544047295702989,0.13461192246225226,-0.8176616065878705,-0.16998894094635514,0.12513236346347623,-0.49214067418598934,-0.16685049260554466,0.11911879870185917,-0.5266700819495297,-0.13878798038042506,-0.030995844506315217,-0.6755708235246908,-0.0425240759893084,-0.03328218976612948,-0.7825410089108873,-0.161223986754197,-0.008718510243896724,-0.491156085890129,-0.10215154664155898,0.0032827932451088746,-0.5141809707082681,-0.03818220808885585,-0.17535463712524965,-0.6508691190642396,-0.042132184450655245,-0.18390679961997652,-0.6728119632700488,-0.1076278655211978,-0.13994293088721932,-0.47560491207092614,-0.06481608369149156,-0.11503212137621703,-0.48182485103355366,-0.01745934775193459,A,right
0.0,0.0,0.0,0.20856097971681353,-0.10099675214819197,-0.09750454852314801,0.37674477002738155,-0.4300493983782433,-0.11312751138068927,0.4238564527204118,-0.7239007284767911,-0.11215149322157687,0.40871792770510706,-0.9090288694635666,-0.08133984296906882,0.25313378276915494,-0.686156291235065,-0.07050545920120688,0.28912945411936536,-0.8527535318568497,-0.15165413962661048,0.26554656340110705,-0.5811872828269762,-0.1634261282446004,0.22855542715411087,-0.5488631235384055,-0.1652093360691455,0.08313072213953954,-0.6855149490304794,-0.0540816138634711,0.1197129167013058,-0.8372063052394961,-0.15217032846955447,0.13179598309780832,-0.5203280370425124,-0.14728047429129226,0.10430389796856913,-0.5316945351710014,-0.1245490185680599,-0.064665124399822,-0.6418555824546966,-0.05309128574641542,-0.03948776124780216,-0.7865411513822261,-0.15758785546959247,0.0052046032287532745,-0.4979288364350634,-0.09975123692890822,-0.012884624110644033,-0.49230040636384875,-0.04158212569012584,-0.2072561276272491,-0.598880933111561,-0.05868296808571492,-0.17778783780621576,-0.6592428065724036,-0.11805130731868692,-0.12539304468419532,-0.47029814328257213,-0.07347059152483333,-0.13023512230940817,-0.4623530705686889,-0.028391793161281022,A,right
0.0,0.0,0.0,0.22295949380944724,-0.06959741487941135,-0.09210228161842406,0.36720587565367685,-0.4340538651618868,-0.10305943224103134,0.3883535134957754,-0.7475127136342152,-0.09981333358557416,0.3762665363743503,-0.9239064003898178,-0.06942951046622257,0.22406663062667692,-0.6899171575227007,-0.06814992031814625,0.264307357779572,-0.8711918605459731,-0.15854082065319142,0.2556001604225467,-0.6096633691745407,-0.17473961888091422,0.21653220351610802,-0.5517434916256361,-0.17559727602591713,0.05929535937625401,-0.6703051539120802,-0.056313838303416096,0.10148663000398121,-0.831741853840891,-0.15793151083284074,0.13285992193552787,-0.5224712385710938,-0.1509317761104694,0.09835442842248489,-0.5225888317984584,-0.12534904261206345,-0.08578989973527981,-0.6254040259831152,-0.06178710974141064,-0.04327182932452782,-0.7845867132871145,-0.18069184663663262,0.015696046587146954,-0.4895629106294291,-0.12615534886281296,-0.012405743646185177,-0.4673515497488081,-0.06545764645188683,-0.229727770278066,-0.5726479097547408,-0.0726045115812796,-0.16749343481964074,-0.67046334073174,-0.1478973944038802,-0.10942665119672472,-0.4703565011009833,-0.10788441866880967,-0.13040302680943477,-0.43937213851372164,-0.06254341109596705,A,right
0.0,0.0,0.0,0.21835022237583118,-0.10192122106132735,-0.08277701674900419,0.3213354522961066,-0.48972838875701985,-0.08541025180104686,0.3121121550173101,-0.7932891962205558,-0.07732674681064222,0.27827759329711804,-0.9594981633836522,-0.043873175542261104,0.1612917300132861,-0.7221237403773562,-0.04061992289861438,0.19322968798091353,-0.9167514659378188,-0.13211481030948138,0.2084052602923041,-0.6643081988117119,-0.15299832838272984,0.17284093225785604,-0.5854967937079983,-0.15372481431173807,0.0056451384547533375,-0.6868915833825947,-0.032343180391430686,0.038568551916950265,-0.8681745254032655,-0.13215336824607882,0.09426288726138438,-0.5616849512867487,-0.12770046286386233,0.05746665139772853,-0.5306607069459981,-0.10073028644759008,-0.13656422782324926,-0.6284592917533831,-0.04288602270233236,-0.098347750670068,-0.8063555930061815,-0.16291372237837,-0.01998661203559672,-0.5117050193568746,-0.11228072714610293,-0.05261332731747174,-0.46645907762375893,-0.05051233915056386,-0.2810052881063685,-0.554457510997941,-0.057829158218126016,-0.2196668758391321,-0.6848982917614874,-0.1335842137974904,-0.14707852487652942,-0.48560513327610616,-0.09244052911638137,-0.16946269528459623,-0.4338527083709459,-0.04416670294876044,A,right
0.0,0.0,0.0,0.1933319512580335,-0.1795795464041732,-0.07566498230062405,0.26179556920482316,-0.5320131421403552,-0.08722382565006348,0.23886202271184429,-0.8003070237400618,-0.09450715565477953,0.19654293406746065,-0.9772882613760089,-0.07923717085315235,0.06236930724172685,-0.7626121285405604,-0.01089236357254955,0.1207747676326286,-0.9398183417456858,-0.11065923732181226,0.14992545124118,-0.6953913548123462,-0.13546709053898096,0.10596384654028164,-0.5952897742620203,-0.13418718853198286,-0.07920783611505006,-0.7252271270257049,-0.011995409217269961,-0.01335936034022906,-0.8999799047719789,-0.12613580686766282,0.050629134776448065,-0.5964613968353649,-0.13002087692354589,0.001866519618127846,-0.5344818646272773,-0.0999637078961352,-0.21111703877119886,-0.6445983042146782,-0.033244070341017,-0.14636286678612814,-0.7972064963357693,-0.1685952622408916,-0.056666008670840824,-0.5139450236970728,-0.1266153158724335,-0.09940739042013536,-0.4524340874997286,-0.06087218694025969,-0.3411608705454332,-0.528546167883988,-0.05722670018088401,-0.2647981889380042,-0.6565596525831987,-0.1392271692584136,-0.17454481230948637,-0.4735563420771469,-0.09822758088376884,-0.19886850634932823,-0.41344315275853893,-0.0441410207207274,A,right
0.0,0.0,0.0,0.2046282078157172,-0.16400962159633917,-0.07091090491492241,0.2810830637323959,-0.5297439323782968,-0.07638893666184574,0.2549599883869985,-0.8049662568161731,-0.07642131898854194,0.224327316930625,-0.973110333592528,-0.05228320508677443,0.09377603895180481,-0.7468257708381867,-0.020392818561069236,0.1408285584992426,-0.9294098091042196,-0.11392599274775415,0.1675132282387666,-0.6792900924747387,-0.1313459230835917,0.12500286971591779,-0.5942759915196696,-0.12737523762744454,-0.0526345238030121,-0.7067705834012885,-0.021092973601602793,0.005550985960549864,-0.8749654408212983,-0.12485646185204288,0.06182856984871696,-0.5693705346196773,-0.12079677064421032,0.008480453413633064,-0.5295491443594037,-0.09044096539598774,-0.18802989712419374,-0.6334233138451325,-0.04078109393773745,-0.13157170255419462,-0.7912761046105138,-0.16355510368074475,-0.04964740184588071,-0.5047688776418231,-0.11580193369150678,-0.0952821876872156,-0.4557109952479164,-0.05280971057167496,-0.32310486262779614,-0.5342659014379807,-0.06356972941902542,-0.25325527100947837,-0.6531072145439203,-0.13643199979260845,-0.16850968022601964,-0.46836989654808187,-0.09403316965463973,-0.1943975836227138,-0.41812936647352067,-0.04308803666855223,A,right
0.0,0.0,0.0,0.20384445297684234,-0.10504734951134684,-0.09441661556404121,0.3395613043809331,-0.4610820404600366,-0.10164922099837395,0.36677385229823356,-0.7650207177499314,-0.09288115438363762,0.3346913979836091,-0.940641385854439,-0.05635114314384346,0.1968933536120082,-0.701093255815343,-0.05117159111503731,0.22804168491844343,-0.8871254313223307,-0.1363954400508149,0.22218857569884437,-0.6252082321710583,-0.15254002801135935,0.18914870353792118,-0.5780812484620944,-0.15436452592013314,0.0398374665753188,-0.6825875151130781,-0.036687086698342794,0.06545881639568737,-0.8547533177448693,-0.1317636932505246,0.09247359917014132,-0.5446909094781659,-0.12411622883939509,0.06061622118787099,-0.5444684036107066,-0.09736617382647383,-0.10704468106166291,-0.632414128868593,-0.041020328221841706,-0.09554530471947117,-0.7927855943115099,-0.14867405885040347,-0.03891515164024021,-0.5056550263148962,-0.09307197123856525,-0.05831501249076844,-0.4992127986722118,-0.033633191157244266,-0.2542298222481235,-0.5720064366453157,-0.051678022903712616,-0.236819179918087,-0.6668947466030722,-0.11182588229372381,-0.169138919564065,-0.476460087674481,-0.06532451058073714,-0.16844907104791318,-0.45308540449922763,-0.01777352818532611,A,right
0.0,0.0,0.0,0.20473455012830016,-0.07186859380237402,-0.10390560255922114,0.38735687885206876,-0.4086934497764841,-0.11334734051531949,0.4395279652135278,-0.722874450616368,-0.10475084880058386,0.4033518195290996,-0.9126410341505241,-0.06628463221008724,0.27070579142936796,-0.678416349122301,-0.050413662119303246,0.2860649556569619,-0.8598468178148475,-0.14562954614776347,0.2574876152350887,-0.6028366772774826,-0.17122501833997544,0.24033337418208287,-0.5512719793659032,-0.17751218338458857,0.11019359643803114,-0.6787487707566365,-0.030976702178560873,0.11436685296531501,-0.8520917984726789,-0.13572488697732868,0.1166445835211595,-0.5409062859155297,-0.13010215368909775,0.11237963001165072,-0.5415619755449944,-0.10145833897724255,-0.03856050810751851,-0.6507510805227508,-0.032822006086207785,-0.05416906885594485,-0.8054502328475766,-0.14424161556621695,-0.023651959873134978,-0.5132984282987211,-0.08234928909098566,-0.012340470666520375,-0.5099486781196849,-0.017545407784623903,-0.1914967819343161,-0.6203120183584371,-0.04319088875682008,-0.20693672301315197,-0.6862806902169206,-0.10412693594932886,-0.15985176795210737,-0.4843510881447179,-0.056499181123921854,-0.13494278858971567,-0.4723653611449836,-0.007358516423769468,A,right
0.0,0.0,0.0,0.18533979163072495,-0.07167534600140014,-0.12354970448886561,0.3559561247266477,-0.384622559772409,-0.15182500161646506,0.4257990816349012,-0.6971151867418676,-0.16010156560484928,0.39836709818873345,-0.9068598936134944,-0.1375092303665818,0.25179387028519423,-0.6896285464032326,-0.064609043164174,0.24385403190305852,-0.8506139967320264,-0.16988006177966086,0.2220026955257533,-0.5993713862392757,-0.2018685989629908,0.21841993121760794,-0.5627443585938605,-0.2102248718769269,0.09684334521391331,-0.6847609494395853,-0.03907913263953468,0.08663767092072364,-0.841743921916372,-0.1490145700227748,0.09436641807932887,-0.529216421689225,-0.13969742120085193,0.10383296447726191,-0.5509449301323707,-0.10591173465988248,-0.044984264974663464,-0.656306917222179,-0.03756854482568049,-0.07226063036605743,-0.7941307379539242,-0.15263893920748767,-0.03996012411754271,-0.5115322081460226,-0.08591281828175795,-0.014891575412021794,-0.5189400750419586,-0.01462236440385412,-0.18541733062182442,-0.6234797630599878,-0.04713121449777876,-0.2126253382558909,-0.6848578538901534,-0.1081412410461265,-0.16416593772192165,-0.49113482429336375,-0.05704064933952535,-0.1318916635698983,-0.4739385277449008,-0.0022825821802025725,A,right
0.0,0.0,0.0,0.18607736848075526,-0.05326142999351145,-0.1265486800813109,0.37103908185323264,-0.3588971834438319,-0.15389106352454676,0.4367690218874867,-0.6827246535166337,-0.15860078640495215,0.41653502554957095,-0.8994840304255252,-0.1320115582056023,0.2706419891506196,-0.6637366966302154,-0.06982442797648483,0.23850366493589895,-0.8305407632761205,-0.17272619395934466,0.21364136894072175,-0.5749729038684134,-0.20687127332387806,0.22546002442758958,-0.519768494507768,-0.21582933996059747,0.11350251839294136,-0.6613216386604435,-0.03532033229871425,0.08538451845702794,-0.8225739200660478,-0.14107386341148997,0.09148180483968929,-0.5154360287331846,-0.13034131026925772,0.11386488427459653,-0.5150295633907576,-0.09559641890301457,-0.02412133318033276,-0.6414852265235493,-0.024271436344890214,-0.0649872928650051,-0.775016020332368,-0.1298454305904609,-0.03718396095647447,-0.5042349188202511,-0.06377880150902458,-0.0018200980571705869,-0.4958017391248284,0.005799116144323245,-0.1583438607184468,-0.6215948384841479,-0.02479889766877107,-0.19192360949558496,-0.6812525277671163,-0.07833230304762898,-0.15695495738882365,-0.4917314201448335,-0.030312253789121755,-0.12071423489885914,-0.47135394743628145,0.02157709010077378,A,right
0.0,0.0,0.0,0.1872597736338983,-0.08297128436946175,-0.13003720610448075,0.3632899509214573,-0.38175911513644656,-0.15639193836406848,0.427045025691824,-0.6836854752592552,-0.1583233639686921,0.41894360273158765,-0.8990634575146081,-0.1271658644926233,0.26430930590753,-0.67084422181219,-0.06878399206224492,0.23927922510581168,-0.8366130486706173,-0.16999236262021838,0.21162632733969092,-0.5768760151499007,-0.2045051217824554,0.21936015062652758,-0.5325992528669592,-0.2139566391045875,0.11181951435285536,-0.6676794672668573,-0.032338764248074296,0.08239835338274844,-0.8262686269735812,-0.13574506831130165,0.08879074332553143,-0.5232392443204357,-0.12803379160962153,0.11075389251892034,-0.5281683133906523,-0.09669969118587647,-0.024441280595216972,-0.6449119795906912,-0.01975649153210088,-0.06012132145242544,-0.7824078915605754,-0.12465917035776125,-0.03418259743692881,-0.5134362386806747,-0.06442233141575207,0.002247021919281293,-0.5130760148418243,0.0016570113088323689,-0.1530572837947,-0.6198316835113339,-0.01874793463023812,-0.18248306397432268,-0.6899275918860172,-0.0697296960507571,-0.14912812457788777,-0.503869185243114,-0.02154693346080838,-0.11570970830230075,-0.48100044747449744,0.030483004361739566,A,right
0.0,0.0,0.0,0.2113363533043302,-0.08567686108410119,-0.12658918526423396,0.39170105256075266,-0.37101709483673573,-0.16250392163178196,0.46391213191761893,-0.6504191295381531,-0.1770103901487624,0.5542590337758252,-0.8172984250472813,-0.15754430454041227,0.25967607096832473,-0.6850467674547865,-0.07526869619252513,0.22867896132682658,-0.8700535517887817,-0.18486756972928908,0.22282690218606258,-0.6135917798361112,-0.21769850487868125,0.2434358568218221,-0.5662417241336386,-0.22429176878102755,0.0982933654180374,-0.6598933832775793,-0.044870171803877354,0.07215084960417473,-0.8358777506583779,-0.15381192548065467,0.09111738812848709,-0.5260449175121535,-0.1417752272172438,0.11800372244791682,-0.5426732537002145,-0.10665218064454839,-0.0410968436805742,-0.6311132588599973,-0.03862618838166417,-0.07378606844957696,-0.7849486081928172,-0.15179801680024765,-0.039566174594561104,-0.509664849122294,-0.08679527401987307,0.003974254549300886,-0.5211738836136576,-0.015350753214745301,-0.1718720010841307,-0.5982263744371928,-0.0435093676666109,-0.2077853737591649,-0.6893873249654254,-0.10073759051997584,-0.16296458886626206,-0.49796065508007087,-0.04916186840114957,-0.12441588040836478,-0.4656605372416642,0.007231378073898333,A,right
0.0,0.0,0.0,0.20123181446753793,-0.08889135096037172,-0.13595428208139787,0.3802922098176499,-0.36731733488421164,-0.1811503995334672,0.47466356844709673,-0.6375491123317489,-0.20218034819952097,0.5890769337178033,-0.785664072987858,-0.18899822903339747,0.2392668932670751,-0.7044764032665519,-0.0954748469560605,0.2017898003251316,-0.864845765556511,-0.20742657916717805,0.2079113347562378,-0.6059823660899877,-0.24422581156234668,0.22803741831140423,-0.5771119771974025,-0.25606601187875627,0.07566034007336535,-0.6735145054245618,-0.05918881969880064,0.047060329671676795,-0.8313984683779247,-0.17108984637127742,0.08158286184577988,-0.5219867724770992,-0.16243396345310618,0.10471955744472447,-0.5564147372662527,-0.13224680986947593,-0.06635950376119831,-0.6384584141101112,-0.04582788873086165,-0.1015701955211659,-0.7774765283435315,-0.15635332845883096,-0.053987026898528516,-0.5107099755425628,-0.09277556069799821,-0.014379296315917457,-0.5394621360607655,-0.026170234379717928,-0.20023529629123432,-0.6044586443141873,-0.044264942547822074,-0.23623108877823745,-0.67000953950448,-0.09734636230468786,-0.18089400717197812,-0.48852653449846717,-0.04834113663086988,-0.1379024488093584,-0.47466578905775547,0.0033573730119359343,A,right
0.0,0.0,0.0,0.20035816013095753,-0.12144378126031546,-0.13114525668945973,0.38018188690985205,-0.4127402388296579,-0.17324760612531276,0.4728722276277598,-0.6623478696867858,-0.19084806577600316,0.5818824565251294,-0.7945268758545393,-0.17360832449253846,0.19247514015356929,-0.7472081770772386,-0.09595889048745852,0.17108319808148448,-0.8804435944506198,-0.20009247401866972,0.1812851536772082,-0.6190487025249161,-0.23457402257883048,0.18851758833507884,-0.6030502990961201,-0.2490403704975706,0.02943197753505529,-0.6952636789452855,-0.06097849064497926,0.011917540171164111,-0.8486063146782246,-0.16597156280639228,0.058440223909328855,-0.5420634752162957,-0.15944192030680196,0.0718108459865389,-0.5763637429978238,-0.13509663078309175,-0.11202649799579076,-0.6398370504960785,-0.04661047488937513,-0.14108327495616532,-0.771747639582442,-0.1446672634079548,-0.07839909585294193,-0.5115341717076979,-0.083549608481272,-0.04753736998245353,-0.5499999679596718,-0.024751076530154015,-0.24688448973953053,-0.5893015597479027,-0.04394964777350545,-0.2776600920490417,-0.6473889444210548,-0.08247582875411608,-0.21144071495928868,-0.4799876703551966,-0.031339908723080574,-0.17019190429567954,-0.4789329605557594,0.015860108110940713,A,right
0.0,0.0,0.0,0.201249885226111,-0.1353857912667877,-0.13838728895653643,0.3786476227151813,-0.41934482435884735,-0.18975984444115235,0.47313009895534464,-0.6604896167884341,-0.21670735086422424,0.5758085634962747,-0.7904681668107899,-0.2088170861379543,0.17537001145032263,-0.7587989343247483,-0.11416284522129709,0.1375002929850247,-0.897716478831412,-0.2256716549217166,0.16957963781984153,-0.6395552801300486,-0.2577576813147007,0.18075027273202843,-0.6063651051057464,-0.2655546156683426,0.011685030314383496,-0.6977694974479249,-0.07941873217924027,-0.01960462200640676,-0.8375479480379426,-0.18721228894815425,0.04709559706737159,-0.5317273640825844,-0.17785155282079246,0.05919666009852673,-0.5691703085920315,-0.1498666181993041,-0.12666804939217166,-0.6388170102409045,-0.06560297199505839,-0.16669328926825266,-0.7527028159755988,-0.16999422014150217,-0.09020704020326088,-0.4947442630130818,-0.10840605910710954,-0.06174859243500783,-0.5369185118951498,-0.046581823398862715,-0.2588466081619687,-0.5795385644873426,-0.06397563727227769,-0.2954667483849526,-0.6337169515187971,-0.10736486724618113,-0.22022458007770682,-0.46767963902453935,-0.054176249450772505,-0.18178506848110362,-0.45810657312782294,-0.0027165846052121722,A,right
0.0,0.0,0.0,0.19763472486747033,-0.14126915043041807,-0.12799580436537134,0.3618756058627675,-0.4478187371377308,-0.1679434602150765,0.4592633863826703,-0.6871102833223856,-0.18538579503375058,0.564110968843099,-0.8081566710613138,-0.16929740060023302,0.1474157982418746,-0.7704914875948673,-0.09008072986864372,0.10789189612078406,-0.9045970414345516,-0.1971547573328878,0.14301741526193879,-0.6467084237309596,-0.23598724860592554,0.15685250872560044,-0.6161463236323063,-0.250357376950545,-0.010116366810134935,-0.7022558662703564,-0.05807603622388147,-0.04428536443867042,-0.8407700318876042,-0.15916837672748727,0.029525209461816086,-0.5454796867236925,-0.1536617701407029,0.04306693413301105,-0.5772975221546477,-0.12986959760307387,-0.14470929277208294,-0.6334701247372939,-0.047566736384706716,-0.18675016675986253,-0.7491079712633334,-0.14482088711879393,-0.10540999441739016,-0.498687751128526,-0.0881898528197772,-0.07696671668448656,-0.5386841549349928,-0.030798927376824835,-0.2722755505014569,-0.5654665853757659,-0.04885173445896143,-0.3099154628208231,-0.6247182279569323,-0.08612548375904575,-0.23304432952257242,-0.46318385243142685,-0.034278703623163424,-0.194308302687667,-0.4555801596738517,0.014811909800663083,A,right
0.0,0.0,0.0,0.19872450796894306,-0.12506508090868984,-0.1334744478658023,0.36106660751090885,-0.40862273144247585,-0.1834469287910326,0.44365058561849247,-0.6617819452235295,-0.21060120851780847,0.55192791144416,-0.8081760501233609,-0.20549222023203245,0.1707800513410595,-0.7246295680082762,-0.10034092594049172,0.125525997179622,-0.8620955570311197,-0.20696617602180242,0.1526853000754606,-0.6194721973025467,-0.2387904231092157,0.17047242274539604,-0.5921201505486402,-0.24691258366291902,0.01553528459043307,-0.6672634379537911,-0.06771172107445661,-0.020497527473550294,-0.808962743213667,-0.17435902347559407,0.04195294087981831,-0.5194191765530957,-0.16499816563479597,0.05801452395785472,-0.5481292613687643,-0.13526865093803442,-0.1167881135761706,-0.6093770048070356,-0.056408096898189465,-0.1516532818896399,-0.7290666466677719,-0.1622388456969615,-0.08027161894276114,-0.48058505652923345,-0.10138551217632621,-0.05117734271265059,-0.5143220372749878,-0.03728447199111255,-0.2404649363898661,-0.5477761811949688,-0.05666961057383866,-0.27482892206104564,-0.6177439030695487,-0.10263952202717666,-0.20374500340941662,-0.45323211856791273,-0.049687051119168206,-0.16568048149727607,-0.4358850093041001,0.003341995266814979,A,right
0.0,0.0,0.0,0.20243919887208664,-0.0860600105478808,-0.1424675954395837,0.4039869381774866,-0.3354755342504681,-0.2019271268599054,0.5374443934855724,-0.5696366725563032,-0.2382626447930415,0.665579806037291,-0.7063920101589478,-0.24086064389800807,0.22738978564914178,-0.7130714806318244,-0.0942626196184823,0.23613454094451297,-0.8373454128592647,-0.20604365107855785,0.23324466411817982,-0.5889408360390587,-0.24496500485840633,0.22834293175685783,-0.5787109894114256,-0.26002445430922855,0.0757048479550071,-0.6920627609707041,-0.06078381794820282,0.08163954654144005,-0.8145757124540346,-0.16636467404955127,0.11170793048035178,-0.5057767738274548,-0.15670199752332156,0.12118669085119951,-0.5568552536364075,-0.12807641684991283,-0.06010131025975145,-0.6565203846198975,-0.051562570552439554,-0.06797476340144948,-0.7575836629132535,-0.15542387384586182,-0.020910685013893923,-0.49574008216950166,-0.09333372919299189,0.003438417511392077,-0.5444210441318332,-0.030615704398872005,-0.18674377899301428,-0.6167745805047757,-0.055420165110353935,-0.20531442312108866,-0.6591070907163685,-0.10059760273632899,-0.1453868389991968,-0.4883679738422325,-0.04988051943759978,-0.11326814662898528,-0.48377677897617116,-9.539525608850277e-05,A,right
0.0,0.0,0.0,0.21809030491508594,-0.05767287204952159,-0.15180802936044616,0.4327443878764183,-0.2750291140700082,-0.21808491641149572,0.5918178361536711,-0.4942552582679338,-0.26138361989826586,0.73520943710788,-0.6210282363969111,-0.2716450131794371,0.29356856047970514,-0.6848884648253339,-0.10128959472684816,0.3187169244070444,-0.8096179376997333,-0.21353872130363066,0.2874323687629592,-0.5567440142784562,-0.254661021150288,0.2717481699736673,-0.5357656108592977,-0.2715770436421127,0.13041418307152433,-0.6925045396625188,-0.06504735765275407,0.14927578035720093,-0.8000357127390265,-0.1737093021969118,0.15374283646306344,-0.48203914785430846,-0.16957504951455765,0.1605604668814788,-0.5211213277469348,-0.14540178390787084,-0.01566514380417858,-0.674304677413054,-0.053143840215660515,-0.011129895177123308,-0.7707424435818043,-0.16050311300093323,0.013932924029813606,-0.49886883504656127,-0.10179176453399669,0.03555392641502744,-0.5359473224407401,-0.041110693133829326,-0.15159246112176497,-0.6473156830088115,-0.05460507884401642,-0.16180066261470502,-0.6962162885925066,-0.10203539468142689,-0.11848924904743907,-0.5142142605260513,-0.05109879434526502,-0.09331023497383244,-0.49885942918156917,-0.0006094356678410904,A,right
0.0,0.0,0.0,0.22631672209674902,-0.06216500771707553,-0.15187124801145246,0.44866193274624844,-0.2999846415873558,-0.20469400675006116,0.6040677854281149,-0.5133649679834926,-0.23066880949188823,0.7394829112575492,-0.6357870319203243,-0.22122358373375153,0.3009412189402389,-0.6888703270943811,-0.10105802528507288,0.3269678301911706,-0.8040918009419599,-0.21207904651374487,0.29357721558570515,-0.549893930283671,-0.25437852958163837,0.2768824773838963,-0.5435315445551375,-0.27322085141977925,0.13113686898422214,-0.6941206896176847,-0.06264771187450746,0.1559651162897606,-0.8023742543537389,-0.1699166253058541,0.159481916098843,-0.48504666861229334,-0.17048941522320651,0.1628378229467359,-0.5311603473720541,-0.15105946619362673,-0.01824261141458643,-0.6764122200702104,-0.048547748684989664,-0.008049038266601815,-0.7702429787926521,-0.15654818037886425,0.018796184013241957,-0.4969252682957067,-0.106049050549875,0.039542839492829156,-0.5442927576908714,-0.0519484569868621,-0.1534473325024551,-0.651851043698228,-0.047546522315874515,-0.1593219174391053,-0.6897329214946947,-0.0955913231105691,-0.11455920297246527,-0.5056337319328027,-0.04941539385600253,-0.09061533850261119,-0.49851525497685023,-0.003588494642651736,A,right
0.0,0.0,0.0,0.2333322922258185,-0.07061580688798792,-0.1537181605274541,0.4594473841645845,-0.28601263460504706,-0.222082545862829,0.623543701075388,-0.4773276353023687,-0.26797681724741057,0.759935640858941,-0.5866052018409271,-0.27998599773109295,0.29172608742281064,-0.7164321126267604,-0.10618902039046363,0.32328199514752126,-0.8318967604900965,-0.2236183405466824,0.2928623601650937,-0.5764884198502224,-0.268478429465966,0.2788976502703309,-0.5642756243516504,-0.2885699384086983,0.1190959952454356,-0.7203906348399036,-0.07291565426169201,0.1507823539847263,-0.8244284608512802,-0.18612894341009076,0.15361474126725258,-0.500715734383299,-0.18518181207141365,0.15571310071500952,-0.5476626834557017,-0.16314251322464773,-0.03293372849206391,-0.6968842333616792,-0.06386416462218839,-0.020835129995979123,-0.7879835306128957,-0.17369309510897168,0.006688944894035617,-0.5147199901219165,-0.11552991418149247,0.023936881447981884,-0.559988838121086,-0.05614293286606923,-0.17174533770469333,-0.6658960430902726,-0.06897882675605543,-0.1776881061466737,-0.6986890151889553,-0.1165383541456795,-0.129200544835287,-0.51792781157036,-0.06472657506471541,-0.10510908270528829,-0.5105068496471749,-0.014455270765319918,A,right
0.0,0.0,0.0,0.22992906835482346,-0.059377870316806323,-0.15717372256539494,0.4736997601041277,-0.26140863793798347,-0.23655923182339123,0.6531793873198751,-0.43019880921211495,-0.2959779699383831,0.8011276105773396,-0.503940924268695,-0.3228592517148235,0.305373246476727,-0.7300538754724769,-0.12250948420192655,0.32471266860997583,-0.8533179486258846,-0.2495851977106279,0.2923098097042376,-0.5927691909690669,-0.29675309514501524,0.2812617907308246,-0.5521977210154345,-0.3154233254304997,0.12661611328575142,-0.7465674854175913,-0.09413868755734459,0.14811219769656703,-0.8467819526455764,-0.21928670539816975,0.15118501997327277,-0.5203030570593239,-0.21781848414165336,0.15854483024558352,-0.5512667991230565,-0.19117232325851938,-0.027571022850588527,-0.7260502151777867,-0.09003693615956973,-0.023858071203432446,-0.7999939642761071,-0.20731099369652484,0.00804154134188887,-0.5234365205224599,-0.14766657055748436,0.029780106624032028,-0.557820744223553,-0.08435383791717643,-0.167449355221194,-0.6859189180407322,-0.10112950292017879,-0.17114980958373308,-0.7101411718603198,-0.15248649644877088,-0.12034650237889055,-0.5270848888866958,-0.09928745349226605,-0.0961642566449562,-0.5205628160556924,-0.046025258359678474,A,right
0.0,0.0,0.0,0.22313703308092206,-0.06499374581619026,-0.1585550439964928,0.45805226098658725,-0.27303929065782895,-0.23933470929508205,0.629319313542657,-0.4511684841789435,-0.2987440895947538,0.780374422223613,-0.5326307664118607,-0.32759766148535935,0.2807003310439518,-0.715714649225886,-0.12649132513080488,0.29923899464107556,-0.8197213981091415,-0.24735680797179393,0.27391196342190416,-0.5663956949068635,-0.29143719379011884,0.26431484047419296,-0.5320374888332268,-0.30963950543947094,0.10894053437335444,-0.7296993746447041,-0.09667201991817868,0.13331168430597434,-0.8111225334178842,-0.21494287923847424,0.14134061535403328,-0.4968585034826506,-0.21295297141808947,0.1453920488873154,-0.5315033438018462,-0.18824553054101353,-0.038948990254563845,-0.7050906371322666,-0.09035209675661192,-0.03247328495939704,-0.761112991343278,-0.20435725856480483,0.0016239895989863776,-0.49846321603390786,-0.14833269806721253,0.020440096275452152,-0.5398213492280879,-0.0891128347346668,-0.1734389332668848,-0.6614188515218205,-0.09873125800674114,-0.1749599492691409,-0.6818798516000844,-0.15020010106265622,-0.12352732184825281,-0.502998365191009,-0.0994826460121872,-0.10213874602187507,-0.4952327244530733,-0.049016773718856065,A,right
0.0,0.0,0.0,0.2199778104046487,-0.07401415025981599,-0.14696706149081362,0.44075334497240387,-0.29124241711534116,-0.21829443810408522,0.6071778158966697,-0.4918625552975383,-0.27000017109230995,0.7413454148810522,-0.6053955535955252,-0.28966049009419315,0.2782402458605288,-0.7034731346358729,-0.1094543777972714,0.2877539205098216,-0.8503532821636052,-0.23026168435790412,0.2655680719278832,-0.5948249758305411,-0.27153648200990077,0.2624208873035785,-0.5471693413286841,-0.28584740929475655,0.11280747631168404,-0.703161778010987,-0.08418244069737231,0.12821486731868723,-0.8369815529801701,-0.20203258683788522,0.13526194629548488,-0.5184219673039204,-0.1962027698136482,0.14299409124745646,-0.5437439300523899,-0.16713897198755437,-0.03263261630079145,-0.6803381571006873,-0.08306093108201719,-0.03289317906059796,-0.7973826883244141,-0.19932508660817438,0.0011424549621632067,-0.5239494631504251,-0.13604232065254832,0.024735961090285377,-0.5494327615408615,-0.06921795957679594,-0.16873632438920327,-0.641692817021118,-0.09567397778109381,-0.18181077922124406,-0.7033157876147214,-0.1484064855527782,-0.12909203829640511,-0.5202949910787246,-0.09285333096090155,-0.10137918227051086,-0.4991367414595469,-0.03736207630456392,A,right
0.0,0.0,0.0,0.22784350925120742,-0.08493667390658159,-0.12060189917327842,0.4473488907272971,-0.2981379864310583,-0.17992362301177184,0.6092289443908302,-0.500778769174977,-0.22911867196776728,0.7355418500438792,-0.626697318910275,-0.25734929046861693,0.29516950137929643,-0.6397578132399506,-0.0906178547747216,0.2910397383828777,-0.8030662482836918,-0.21663628106905622,0.2627434137046532,-0.5518569330076587,-0.2699523176712813,0.25684146576621797,-0.41272330015515607,-0.2854832612638855,0.13864657120363494,-0.6674486189462138,-0.0749153114871959,0.13142669640565574,-0.8326053844085554,-0.21679823877367402,0.13628780461421844,-0.525817636321625,-0.23333222668269543,0.15052914809845327,-0.39482356666118124,-0.21195590941833756,-0.0014652259656518557,-0.6487925810047942,-0.07959823848819536,-0.022340021071801146,-0.7977847948583984,-0.218102358818135,0.013297092033192596,-0.5108355978164669,-0.1748093766540762,0.04365195935621679,-0.38585432679346043,-0.10933927204638708,-0.13480387903100796,-0.5941988098354261,-0.09357212692860395,-0.15851459791698883,-0.6987457568285896,-0.18070248981557166,-0.10668567613359596,-0.49255577082491303,-0.14849931188286386,-0.0635834538393353,-0.3877642233258026,-0.09983515180438914,A,right
0.0,0.0,0.0,0.23130449443004192,-0.08384752577853292,-0.11239147364741585,0.4526197462955689,-0.3032709888012099,-0.16487606348246014,0.6085351293924737,-0.5035620956938567,-0.2122625124295919,0.7285098792772643,-0.639984641194434,-0.24432153984177762,0.3016604441956372,-0.6393054535348007,-0.07393916704796014,0.30637625746590486,-0.7835678518864896,-0.2060901559424112,0.27615971528808875,-0.5375347381311802,-0.27438725571143163,0.2685375251880652,-0.36751185334293823,-0.2969119756779358,0.13770200309577965,-0.6613298886478182,-0.06301856254524074,0.14581726921872637,-0.810194915639209,-0.2141637466376955,0.14847107738098136,-0.5060607842001069,-0.24621756212529095,0.1568925091277519,-0.31981807058198825,-0.2301030101783258,-0.008934876210621247,-0.6442867754232762,-0.07305907567061978,-0.012380257900685854,-0.7866107372085792,-0.2166774518768649,0.02202219857832736,-0.49430747489879323,-0.19008980704805817,0.05046460961323939,-0.31918313435872303,-0.13150727542692758,-0.1467520608429399,-0.5900796445111476,-0.09221836007769978,-0.14744283055721816,-0.6733887245630443,-0.1897180830011314,-0.09857310980672092,-0.4647296231274721,-0.17293910052967562,-0.056327046293366476,-0.33516253570941634,-0.1315537134753363,A,right
0.0,0.0,0.0,0.23207721749355226,-0.07976688784883428,-0.11576710688615098,0.454670615009481,-0.3023825630109282,-0.16940439422304251,0.598744511429607,-0.5145508292826453,-0.21536116035907812,0.7159189572663702,-0.6530573320642085,-0.24693352883683356,0.29784946559686043,-0.6650989648292538,-0.08312686932719099,0.30476530255729106,-0.7867802753445642,-0.21634963001252142,0.2742521110447205,-0.549181753110856,-0.28926807885218564,0.260025735349411,-0.3676988458128338,-0.3156598856451704,0.13223332748333244,-0.6914451871995146,-0.07024024483772959,0.14090054258322718,-0.8131909091700418,-0.22120462327045423,0.1408011810526861,-0.5118733952212496,-0.25575341845745814,0.1455988658730201,-0.3144305723486077,-0.24181140561519182,-0.017705078573668136,-0.6736354198320921,-0.07796228438730368,-0.025962578702785854,-0.7781619742069017,-0.21966258236044445,0.009849625384944495,-0.489754679075269,-0.19744726921066608,0.040121960027381304,-0.3151613760021568,-0.14333014478304823,-0.1623052440263919,-0.6127798320942174,-0.09514001435041226,-0.1652416960825125,-0.6674918746053876,-0.19258234787129005,-0.1075942508246425,-0.4602016056827522,-0.17856395741060416,-0.05590236297493083,-0.3385650118919908,-0.13975068802126328,A,right
0.0,0.0,0.0,0.22761991301310094,-0.0859676148112922,-0.12078973268105617,0.4464765118914407,-0.31237658380373284,-0.1757062314335982,0.5908820648630897,-0.5257169434815306,-0.22086082985415223,0.7047005946363829,-0.6643202690243653,-0.2491498586845342,0.29119439434644684,-0.6748955331162788,-0.08677751994744443,0.29914879085729085,-0.7787934773715257,-0.21794081507725185,0.2692940442657384,-0.540271319860511,-0.28570598894574234,0.2549690326788694,-0.3738798436433638,-0.30973681574983847,0.12778992401377073,-0.7010919272239187,-0.07192969360745109,0.137697430315577,-0.8108042211083976,-0.22289209593728035,0.1381478657626719,-0.5069431640927324,-0.2546513638289766,0.14526902049744517,-0.3266763142226258,-0.23862298370514282,-0.020923795185227325,-0.6798874073974424,-0.0777858030208518,-0.03162434859856187,-0.7558207113104551,-0.2207700529158279,0.007285203197003125,-0.47488568608319814,-0.19779214289471173,0.040259741618390237,-0.322623511717231,-0.14313180537730938,-0.16416992348799073,-0.6181271090581679,-0.09320686190065683,-0.16748255400604695,-0.6499808224488411,-0.18729068864810391,-0.10532254205826683,-0.4513327291797736,-0.17155659088967035,-0.051374284126248455,-0.34892063174018273,-0.13246422913418973,A,right
0.0,0.0,0.0,0.22774472911857777,-0.10219860233314326,-0.11539293302673304,0.44241297183167777,-0.3340023225135557,-0.16878392350899682,0.5856460126005149,-0.5428936342322723,-0.21367320887542282,0.6969042623902745,-0.6752276991797374,-0.24164437366242486,0.2763873021740782,-0.6845029337790409,-0.0819063321818754,0.2914736560273331,-0.7819898308429746,-0.20942948054747568,0.2707822777930989,-0.5459322867426719,-0.27448255897077967,0.25503379790571734,-0.37794171725399756,-0.29667051821223056,0.10923776387077543,-0.7067479874139704,-0.06924564540033715,0.12528710044235497,-0.8135979627935563,-0.21860126549547484,0.1336736011788192,-0.509074849196545,-0.2505340853582475,0.13923309484235039,-0.32703829470400936,-0.2347092449875839,-0.04019421167995912,-0.6793762232601582,-0.0761165202579313,-0.04538020866308088,-0.7534025735078171,-0.21530376763866402,1.9145425358053298e-05,-0.4757343780229142,-0.19022657869186638,0.030621499000932466,-0.3235032286646831,-0.1345125261380716,-0.18373526855676256,-0.6112835069001494,-0.09219566597524295,-0.18113036450657566,-0.6511261023858226,-0.18117089305121176,-0.11430631412691081,-0.4567728452798546,-0.16104255523057984,-0.06288516066261829,-0.35487284722792606,-0.11931435656528855,A,right
0.0,0.0,0.0,0.21590722143430965,-0.12811561203815558,-0.10241313557362071,0.4124214669714185,-0.36617164438792,-0.15010242390729106,0.5500447213845241,-0.5862525842393811,-0.19061295972816356,0.6528670510063811,-0.726577024074121,-0.21412716268102355,0.2536184492150756,-0.6837062269019226,-0.07022577571182395,0.27472252016920085,-0.7864039955249963,-0.189469364890015,0.2524154643710097,-0.5579441702702327,-0.24925016552512852,0.23548333899803833,-0.399437061965826,-0.26932119338151667,0.09906730881942757,-0.7027743113326187,-0.059911868722147515,0.12096507074166626,-0.8042257762494259,-0.20488511811644325,0.12710540383886498,-0.5140988528581724,-0.23750784410533013,0.1320955517727939,-0.34528856129487867,-0.22407028680280264,-0.04219850693000298,-0.6714811352620565,-0.06675703901806156,-0.044132825162964774,-0.7411488110159404,-0.1996348064998762,-0.00014136440084685866,-0.47889834624904476,-0.17274462278884217,0.03299849014053815,-0.3355623205334501,-0.11828509538508834,-0.17624225130443502,-0.600628203024082,-0.08149571341810544,-0.1758856800294527,-0.6373300704836432,-0.16560811002068118,-0.10700483513917011,-0.4515950532106723,-0.14315776282599368,-0.05221688023189481,-0.3565311934728069,-0.1010831328113184,A,right
0.0,0.0,0.0,0.20788543251717692,-0.0987653036617942,-0.11728954595033073,0.3727986295516673,-0.38455583830487583,-0.157257155124727,0.43303112062817256,-0.6537951999829472,-0.18402527827570245,0.5091009362805936,-0.8383909869993353,-0.19472233974689074,0.24485382569311598,-0.6941018129213065,-0.0813962223550129,0.2617598524814017,-0.7928802419556921,-0.20274475498009514,0.23949164222621022,-0.5639061639177606,-0.25536242051869057,0.21960349953426458,-0.3934849199007204,-0.26704234192168436,0.08122394633830902,-0.7051157974515253,-0.0614916436496213,0.09342804277736859,-0.8008687499763686,-0.20406971446686925,0.10245361148720368,-0.5073692464979207,-0.22543358264415037,0.11245459851134826,-0.3294452895005225,-0.19923395219354118,-0.06921141783731008,-0.6655934255255039,-0.0623452030359577,-0.07410843184939815,-0.7150989714700101,-0.20396912567394387,-0.019925253120403545,-0.433763172659016,-0.17803801847093434,0.020581912386064046,-0.28087359819045304,-0.11815477558982691,-0.21229446392684792,-0.5821026179625501,-0.07112670231736644,-0.20959680922322016,-0.5996987424657174,-0.16985764953513038,-0.13505461506056238,-0.4063755983298602,-0.15598681632910158,-0.07455766335178339,-0.31484081242158746,-0.11477370304844003,A,right
0.0,0.0,0.0,0.20037413648915328,-0.1105696400846509,-0.1188776020027465,0.3442232850217716,-0.4081707342876637,-0.16187274380701544,0.3834093983513983,-0.6765797563540991,-0.19199918715369135,0.46057354119821076,-0.8632379393372528,-0.20662108613816166,0.21123546573073776,-0.7065248658353533,-0.08305842170156509,0.2288278830155233,-0.7967838609302728,-0.21188992167979026,0.21567895731785044,-0.5695262990615467,-0.2706497825227393,0.20071407146008505,-0.39409716042780635,-0.28500925703091595,0.04669747107705443,-0.7075744854866212,-0.06337604309306319,0.06262347141755091,-0.7882259354339406,-0.2097136218425803,0.0785342122462307,-0.5012036738691367,-0.23350386592300368,0.09105561986565727,-0.31967112177825496,-0.2087517443842584,-0.10266051772920158,-0.6559013962565388,-0.06556153776431656,-0.10384011711958491,-0.7001472506889522,-0.21036115335747843,-0.041964127019331436,-0.42604721325395983,-0.1857257670841308,0.004407338282193143,-0.27107364584525606,-0.1262276393214044,-0.2411814360049663,-0.5593742632307647,-0.07588933186966423,-0.23631365173544297,-0.57493646115877,-0.17824565220897398,-0.1547608732901512,-0.38794624684926643,-0.16607200495115437,-0.09008542792974296,-0.29696050772233895,-0.12514018390622184,A,right
0.0,0.0,0.0,0.194088165926354,-0.12463892002611081,-0.11643650593316299,0.31924769697678346,-0.4342656692100788,-0.15537332057727646,0.3458714301824349,-0.700950106935399,-0.18280304312075651,0.4143527257920252,-0.8889935474926449,-0.19494176347094375,0.16272637405800952,-0.7323692080639737,-0.06803263073449291,0.18584668940288182,-0.819179188655963,-0.1936371602093603,0.18563224687207514,-0.5921184201732477,-0.2528660081267316,0.17815946194777643,-0.4167020161322463,-0.26820472261514133,0.004968230093725948,-0.7177284051237195,-0.05069064711099301,0.024188245377557063,-0.8015682710116091,-0.19601491051508968,0.05460412298873387,-0.5140428847548894,-0.22301714958212504,0.0739994921503343,-0.3324008729921785,-0.1990430547384645,-0.1359701910539187,-0.6473278722231621,-0.0555597101874203,-0.13517666025092265,-0.6940911384491357,-0.20216559182965724,-0.06199546024156424,-0.4185155116088214,-0.17937011331408517,-0.012380980453299908,-0.26656748322957896,-0.1192821228880094,-0.2641638425311505,-0.532290900724247,-0.0683849298731918,-0.25770666179323953,-0.5522404410883714,-0.17275735662245165,-0.1690533631069195,-0.3698404832127803,-0.1600621388276896,-0.10338185643130149,-0.2858808596588121,-0.11774796138890437,A,right
0.0,0.0,0.0,0.18821611897429402,-0.13201366192462605,-0.12085563556764106,0.29813179592979705,-0.4545509931841797,-0.15979088129075106,0.31186049877154554,-0.7237001647436223,-0.1853736474212375,0.38192296488527416,-0.9033409541469135,-0.1952177488195821,0.1425997641510365,-0.7379148740739289,-0.07776566695262063,0.1507086210138252,-0.8234275799797204,-0.20161888944729964,0.15334236288020273,-0.5907190150419598,-0.2581325482774476,0.15179595117297198,-0.42147223312169646,-0.27302204035963634,-0.015463890812303356,-0.714324930638534,-0.05638129660856367,-0.010355241602345251,-0.7944988809103155,-0.20149791576516943,0.02845234634101682,-0.5117149798307793,-0.22557062262906527,0.05618827808941831,-0.3407535996003236,-0.20012532830599955,-0.1524429793643655,-0.6381450727970843,-0.05684414444296394,-0.1620715492539148,-0.6713739940822118,-0.2010509202722983,-0.07908918439267992,-0.4057863812454846,-0.17748043519724607,-0.0222941523925773,-0.2634244163586355,-0.1181959775033072,-0.27408556148636737,-0.5216118940850538,-0.06589862199615407,-0.27467119779667987,-0.5274315276475317,-0.16687434667048368,-0.18154702993685817,-0.3544905232222168,-0.15510649787076383,-0.11153833828407646,-0.2808802248260145,-0.11476192572033704,A,right
0.0,0.0,0.0,0.19089355057312493,-0.1285068760508696,-0.12025112018759862,0.3116352460987483,-0.4422920524120089,-0.16283186365240143,0.32936469088681564,-0.7081022157893198,-0.19344182777812652,0.3911347335363836,-0.8962832425199598,-0.20902145679171083,0.15196117419241953,-0.7543307538986797,-0.07494602246314712,0.15142888174531946,-0.827383350909479,-0.20781725389365957,0.1598933544128557,-0.5927866365024743,-0.2735868171225925,0.16485907661078095,-0.4131213730221711,-0.2915697190577357,-0.008869607211443222,-0.7325616414381625,-0.05372349435691665,-0.0066460230615484174,-0.7892014809285921,-0.20192393158350047,0.034899425332193715,-0.503418978319497,-0.23076444692787756,0.06670263967943454,-0.3264286103225705,-0.20916975679525476,-0.150106622732764,-0.6600235530860816,-0.05505341928898107,-0.16054570651285058,-0.6938016838469608,-0.20199785260945635,-0.08026396136223442,-0.4251123785583354,-0.18074927850414746,-0.023007489999117486,-0.2728589548993334,-0.12298414690628111,-0.27659538226602925,-0.5434954705278523,-0.06482408926964107,-0.27943712479405186,-0.5587723553499507,-0.16964746238707065,-0.18721253535391902,-0.3749121022686275,-0.15840490246838035,-0.11685513634885501,-0.2842456932568783,-0.11684214731920661,A,right
0.0,0.0,0.0,0.20341184244467544,-0.16404683880731666,-0.0754202507158476,0.32277131947212845,-0.48561922827063136,-0.09975843369683529,0.32173699931317346,-0.7445536004322559,-0.12089434449435799,0.36000036449175804,-0.9239711269964869,-0.1291398236124058,0.1570507581707509,-0.7672034135183572,-0.04052724588526605,0.20232875499752412,-0.8762571150146434,-0.15209973832511103,0.20652144564185954,-0.6490972233940365,-0.20572144754709001,0.20043274439912642,-0.45565983055241643,-0.2178388630277234,-0.004707420460281559,-0.7498131767668669,-0.038514040891116624,0.05139926360082682,-0.8479534558403572,-0.15918299453976698,0.08066563116867675,-0.559198372999375,-0.17679428401163233,0.09708732689412808,-0.3621346219250153,-0.15298709842310393,-0.15102151737575217,-0.6862656738429503,-0.05413146115305408,-0.10073021091888115,-0.7462417424899364,-0.18016852265518754,-0.03193074648608536,-0.4740537661423664,-0.1563387153636212,0.008737931518289624,-0.3032667534483382,-0.10187567928537287,-0.288671319757934,-0.5757529231312084,-0.07435397259145497,-0.23265917294819624,-0.6191805983139739,-0.16798029537090858,-0.1429183706918588,-0.42097454237108145,-0.151510915849752,-0.08648003666750155,-0.3037928244940974,-0.10938029256587974,A,right
0.0,0.0,0.0,0.2164777200405211,-0.17289358655131898,-0.060755283764294926,0.3520829514939239,-0.48200507231768247,-0.07643058046903244,0.3699183525494498,-0.7333821474449447,-0.0931904046923444,0.3830192759590669,-0.9184205413258008,-0.09899466407143018,0.19649699267432993,-0.7496867822286837,-0.028479030799409832,0.2390355569777231,-0.9043750275247265,-0.13040881004195856,0.23026450793579467,-0.6809806901341198,-0.17767307870589102,0.21275578274138282,-0.49467739493321544,-0.18622673089711758,0.042295234653290055,-0.7361913190152409,-0.03178977679261929,0.09868845079466848,-0.88580077822092,-0.14396889022240028,0.10208138989244783,-0.5989515040798445,-0.15808309583747723,0.09701860214599335,-0.39889161140685025,-0.13339258719362956,-0.11073236534245548,-0.6850638803602404,-0.051047374713483674,-0.05537078434541668,-0.8111649773677455,-0.17050038033750578,-0.012903266450996702,-0.524747142436609,-0.141271104971257,0.006133730649753872,-0.34042239511174655,-0.08368322755066293,-0.2658863688765005,-0.591391942532332,-0.07362631699281862,-0.19579839832362736,-0.6872013795241544,-0.16017466427210345,-0.12303939243872795,-0.481810253774917,-0.13448285067757737,-0.08465429065701366,-0.34894349153324383,-0.08683520234488487,A,right
0.0,0.0,0.0,0.22355533139002615,-0.14135892844504772,-0.07189603788787609,0.3686081493931744,-0.4619168961798819,-0.08556385235860561,0.37318527222030956,-0.7278241442904492,-0.09753968453401372,0.3932353726036594,-0.9143144416954793,-0.09692803227315229,0.22215379356790524,-0.7222849847469223,-0.030458095714071817,0.2575453561344758,-0.898828242084339,-0.13496157076307447,0.24580293730202216,-0.6754257576492535,-0.1791545153930866,0.23075359438562593,-0.48554047727447586,-0.1846230912000686,0.061170338614048525,-0.7123278959175653,-0.02862973894057123,0.10870353792479508,-0.8871432951172955,-0.1506205716137142,0.1184708461924523,-0.5960466220208038,-0.16705708438587877,0.12237364421837839,-0.39278617532431803,-0.13980805990418282,-0.09338058661847032,-0.6687082485707511,-0.04423859239331058,-0.04281142720272454,-0.8169593935133858,-0.17799966806074138,0.0019643566267901966,-0.5152789061840602,-0.15088806480323957,0.024990917867973788,-0.32755402143710405,-0.08980189007798248,-0.24870799906325727,-0.5848486874101891,-0.0631869072034888,-0.17603597116343514,-0.6988616737109358,-0.16223006472064844,-0.11051293206785644,-0.47773223681163857,-0.14034544828987844,-0.07652502285219488,-0.34242548364123365,-0.09276608197068309,A,right
0.0,0.0,0.0,0.22455838146220258,-0.10557225029115283,-0.08953933736030521,0.3846415925051818,-0.41976314504916745,-0.11108470083570565,0.4133409405091746,-0.6914157100212553,-0.12466275403401615,0.48446946755432774,-0.8657521362685304,-0.12554908822489336,0.2634128736122643,-0.6705601439533005,-0.059718194758404466,0.273874210981297,-0.8479097970833485,-0.17259302947244845,0.239822034302279,-0.6273552489724089,-0.22239486140832876,0.21892680589974345,-0.4382891042331841,-0.23162234321088726,0.10024813714636409,-0.6734213054452906,-0.049186332800695245,0.10716683479063946,-0.848621815313743,-0.17904057824423844,0.10133789945130625,-0.5609719236365031,-0.19639495172707275,0.10717809889366041,-0.36160499465862866,-0.16951681880236133,-0.05124548142111968,-0.638863275351029,-0.056857771977396034,-0.05316878734961201,-0.7886395941558332,-0.18797816804334586,-0.017478159629061005,-0.5009029212905304,-0.15682795548301787,0.014049192155212218,-0.324344769709377,-0.09577176754491258,-0.20176840401207288,-0.5667299427216058,-0.06970195795674974,-0.1911495278500852,-0.6767440571871319,-0.16216467133461965,-0.13656654029866006,-0.47066316753608833,-0.13950188107590694,-0.09232479256715698,-0.3502967077969575,-0.0941383833666223,A,right
0.0,0.0,0.0,0.21575553883900284,-0.08626714997192489,-0.1113960465494812,0.39173933495509916,-0.3786887101183646,-0.14664620675066237,0.4586587884534364,-0.6482796852489928,-0.17036779422523046,0.5566321449744921,-0.8111775335502631,-0.17930885155063533,0.2805900785818912,-0.6620220398226851,-0.07433349222898719,0.2942975392015174,-0.8327951961422566,-0.1922041875661752,0.24863908632205559,-0.6040841327921501,-0.24041452897673574,0.22072020486096341,-0.42566977256413885,-0.24804345207244843,0.12266125804683982,-0.6744014565716772,-0.054681805419400126,0.12905328700131533,-0.8493081878719999,-0.19627746679535626,0.10946991332977313,-0.5528644559834053,-0.21601148152781802,0.10337669960899062,-0.36013649569187783,-0.18683777629642706,-0.027468334730415045,-0.6476252806022452,-0.054747924278315055,-0.04287995028294519,-0.7967649719448875,-0.1964241572600419,-0.0148844165293144,-0.4978388355413083,-0.16481922650469674,0.009715106047236714,-0.32194205979836454,-0.09948977179650419,-0.17496121735154888,-0.5847567434557649,-0.06145051746817925,-0.18158213062357675,-0.693705178082661,-0.16084626739345567,-0.13081922139387728,-0.48127350288046594,-0.13870408717840513,-0.08731861635418278,-0.3577832274085396,-0.09063145354199835,A,right
0.0,0.0,0.0,0.21945900657085618,-0.08648489394573465,-0.09742648426166446,0.41866912141757057,-0.36379329136416577,-0.12762229583031476,0.5104326999206861,-0.6136372737903524,-0.15013259146414495,0.5937431626548253,-0.78888242812137,-0.15853571017905435,0.3260065120732216,-0.6709707805456072,-0.060386055632762926,0.34711799294462475,-0.8433926536565725,-0.17611641843281456,0.29462308809235777,-0.6134845851284582,-0.22795764615810535,0.2579350564124048,-0.43185226048552106,-0.23803788016985442,0.16455284236995504,-0.6957565613768338,-0.04967254963715913,0.1743387605031995,-0.8739336773243588,-0.1870011690040845,0.14830812597695586,-0.5727295382502896,-0.20831336760425107,0.13270782359877795,-0.37020872604394256,-0.18156233100578342,0.010334375806768631,-0.6781579376534114,-0.05788160530415263,0.0036314792728655934,-0.8299941896445373,-0.19522554019213634,0.02250637662484157,-0.520166636047259,-0.16195069389476074,0.035949968619169916,-0.33198220340674295,-0.0967853530530739,-0.1434896111157105,-0.6228111479050971,-0.07204206208337109,-0.13596029568200824,-0.7363320463886147,-0.168585067150287,-0.09497377279240798,-0.5136280325135542,-0.14173373106636172,-0.0637939336940698,-0.3802518397454444,-0.09052844313515712,A,right
0.0,0.0,0.0,0.21777296498928228,-0.07488985372139803,-0.09755825538734722,0.4210214580016106,-0.35594736704807056,-0.12512600160137302,0.5057252765163701,-0.6183955963389952,-0.14367395300709643,0.5941558621686284,-0.7905568933090971,-0.14831928361518906,0.3170405009243168,-0.6483034761092881,-0.07235104044025623,0.3436510194661829,-0.8230745330611285,-0.1828758729456457,0.2898525225734562,-0.5963327132909827,-0.2256515926914659,0.2530078091990011,-0.41914034268437805,-0.23068609177938018,0.15699212713789454,-0.6728273522492301,-0.05928769011295456,0.1761698191110337,-0.8493011220488611,-0.19266950202745994,0.14934155965772364,-0.5552090066121065,-0.20848230023009076,0.13385120338140036,-0.36234772226193535,-0.17987736297814932,0.00370946938285957,-0.6570283023515858,-0.06377007928229758,0.0006707064863327511,-0.8001270775603748,-0.20142267736763855,0.020328457650050046,-0.49203580869526103,-0.16924158434184447,0.035277747601153694,-0.3079119364088634,-0.1055834448036759,-0.15043392216305704,-0.6058587541684142,-0.07355601659821606,-0.14175689724271928,-0.7020727094171055,-0.17424384388706204,-0.09605579549211575,-0.479650430376234,-0.15279419414061327,-0.060631357971692015,-0.34764605679839067,-0.10578312072136359,A,right
0.0,0.0,0.0,0.22918758885477333,-0.05167049568948488,-0.1194302696131198,0.42407488127246906,-0.3379101535016676,-0.1560815849855333,0.48670685396489216,-0.6229782529609564,-0.17721001981554552,0.5856657562110783,-0.789774485674359,-0.18235099061838825,0.31980714571091867,-0.6478797136377813,-0.10315300786828975,0.3372600014392407,-0.8060685449392178,-0.2258502710637966,0.2889424175212178,-0.5681028608798514,-0.27087475224183905,0.25418872186008706,-0.3917989641967691,-0.2763795214092779,0.152318643882774,-0.6719215920401989,-0.08095977930010684,0.16555303311366104,-0.8306216032173931,-0.22863656057892823,0.14707888816759485,-0.5270320017786323,-0.24479984569205,0.13816044035120653,-0.3389823212454861,-0.21423909274949302,-0.0022743771688988968,-0.6545458147434048,-0.07779597168494264,-0.008268183066196023,-0.7716812253753165,-0.2290129940592189,0.018146899675368956,-0.4596083199262271,-0.19607052885122753,0.036971897978981934,-0.2848250319493391,-0.12950793647209163,-0.15593490696195622,-0.5999807084243055,-0.08115503198260382,-0.14901058184193786,-0.679423498301732,-0.1920982428632612,-0.09827505654190717,-0.44885063874699954,-0.17384345873850043,-0.05765438506342754,-0.3238727512545999,-0.1271977809376809,A,right
0.0,0.0,0.0,0.22749111999322963,-0.05626381921507489,-0.12195397046086834,0.42159548772821415,-0.338823706422237,-0.16260868620705507,0.4889226545231761,-0.612635958846146,-0.1886566652810834,0.5865650711357836,-0.7853834345347338,-0.19777329971939728,0.3134719336998332,-0.6619836881016888,-0.0957107991258644,0.33457048821904306,-0.7894389794677301,-0.22241080225925253,0.29442622221275144,-0.5443226397241733,-0.2718465454797444,0.26203854176261043,-0.3709173644881388,-0.28022594900449393,0.14500054577976196,-0.6883577668602922,-0.07600920257089319,0.17554688760599801,-0.8238885934719782,-0.22512016851912237,0.15703431309274757,-0.5112993520610446,-0.24340407342648726,0.1417243112395769,-0.3236624869803681,-0.2138227595337805,-0.013341552205604575,-0.6653518176606191,-0.0766996264128348,-0.007587850881708594,-0.7729658596533778,-0.2320842637279592,0.019513104972445766,-0.45138640457325724,-0.19906023371561443,0.036551764652726644,-0.2731950346336066,-0.1313421223808716,-0.1701322705661228,-0.601499105670199,-0.0842464136615922,-0.15867133637452172,-0.6662395110389742,-0.199050192465692,-0.10375406049534606,-0.4330435545334036,-0.1799366797502106,-0.061986003256464715,-0.3086469242688913,-0.1314992920359477,A,right
0.0,0.0,0.0,0.23354099306736267,-0.046671547103610905,-0.12800107482122122,0.42857969249786965,-0.3234254926073531,-0.17160797714691875,0.5040590914071468,-0.5963030318944796,-0.201219856766076,0.6094501947534997,-0.7637810978991071,-0.21262383358164694,0.3305550140061585,-0.6543874519300041,-0.08776177469903611,0.357743797110966,-0.7826903254839099,-0.22483821355680864,0.3222618267480443,-0.5321130615957071,-0.2814192511141746,0.2870562111189351,-0.3465535351123466,-0.2916829220238041,0.16507628590660334,-0.6842139885957669,-0.06660919620229984,0.19579620312524335,-0.8203845042331914,-0.23008817034732526,0.17414322726179643,-0.4969761675475885,-0.2554675298876897,0.15306704278751818,-0.30116087509429224,-0.2260758383255738,0.006168055575872698,-0.6625203377794687,-0.06818576667474333,0.009508247462180906,-0.7638076516438986,-0.23341766731522434,0.03488285914402962,-0.43851784141720157,-0.20165703908873442,0.049610226789872425,-0.26186182227270405,-0.13093023431695378,-0.15236548550807538,-0.6012043881865528,-0.0775520494962793,-0.14168892222205995,-0.6565639779570035,-0.19460076686795777,-0.08805300088079901,-0.41970692387187136,-0.17564588397356168,-0.047578632815090276,-0.30235547545444574,-0.1262106182173436,A,right
0.0,0.0,0.0,0.2295076580644318,-0.04538810508175845,-0.12397475310849358,0.43140606113539776,-0.3180871662412306,-0.165609286885023,0.5099000816157117,-0.5909716529682333,-0.19320944345841407,0.6168718065414501,-0.7606538937103385,-0.2021752415049591,0.33551315180154195,-0.6405641858529414,-0.08361990802760833,0.3634750844491493,-0.7727346801127092,-0.2190426845173715,0.3231944282826602,-0.52780670669196,-0.272043282336769,0.2890391228367704,-0.3474972777102817,-0.2796573401428163,0.17125796095920495,-0.6741621867901209,-0.06504325847841207,0.2066164536225753,-0.8251433083261155,-0.22927914291717588,0.17656938267060387,-0.5004916845592416,-0.25331691180305693,0.15323939845292314,-0.3049038241841058,-0.22191082421045094,0.012475697544304389,-0.6565308035206515,-0.06824126553756381,0.0172091651876963,-0.7766662020318771,-0.23468636083069655,0.03362547139162841,-0.4478273662145442,-0.19737940471753765,0.04535077703226063,-0.2723401232316977,-0.1219225980368522,-0.14914461887546962,-0.5993561682565001,-0.07843242455064188,-0.14196193596934492,-0.6736112827104233,-0.19505290716947124,-0.09202756411320306,-0.43418169827778175,-0.16966156434353954,-0.05285053812604705,-0.31554881215691855,-0.11485145545385149,A,right
0.0,0.0,0.0,0.23008065716265097,-0.04962052221125067,-0.12033656599700772,0.42717735040638566,-0.3322925811830214,-0.15944132535564987,0.5058291502170271,-0.604921637536216,-0.18535425987211077,0.6101951522354284,-0.7682920406641377,-0.19336291381885343,0.32514897927338243,-0.6608196160017501,-0.08474537242128141,0.365309353649489,-0.7835950189879701,-0.2200547888712783,0.3270204663151711,-0.5365966124081047,-0.27143638642562484,0.28952878294162077,-0.35237784275976264,-0.27670397371391303,0.16159731985642206,-0.6828935130074034,-0.06783723044040828,0.2030965454410038,-0.8222823770684816,-0.22924113844092392,0.1794120112189601,-0.5005782077985299,-0.24823864355978292,0.15541715188181077,-0.30246287477042116,-0.21367444501187374,0.00614176010161118,-0.6564106284028806,-0.07318782335400137,0.02816198232347041,-0.7646867312460858,-0.2390985540421847,0.045853007334104925,-0.43997303390924947,-0.2012160989949328,0.05002813560602854,-0.2633130911483561,-0.12502067513946033,-0.15061354307299366,-0.592523374906024,-0.08527307056818845,-0.11958409369353598,-0.6799931061696746,-0.20225908272158996,-0.07462155408470454,-0.4418407151595222,-0.17633510266078678,-0.0490262500532707,-0.31592404685181646,-0.1206662262828036,A,right
0.0,0.0,0.0,0.21758507173690603,-0.0740816571381777,-0.13606771867302506,0.3915808379998503,-0.35864065285586055,-0.18541411565046859,0.4626484136863313,-0.6285785405852443,-0.21666057709581346,0.5598538819380824,-0.7964994173084905,-0.2283688006407506,0.28880589615663543,-0.6818394061341325,-0.11351795007901391,0.29807350151361617,-0.7872875627837777,-0.2546089877517021,0.2582253350093561,-0.5294081552863428,-0.3116679422637353,0.22833280782997106,-0.34505614856691563,-0.3248109926420497,0.11334845404484689,-0.6943458848512616,-0.0930750466956819,0.1122506321512561,-0.8192082373563524,-0.26584864414858794,0.1071150923071201,-0.49014131773014225,-0.28995190572041546,0.10777902110291447,-0.29229338205061584,-0.25996474643201123,-0.04435916694849491,-0.6527544835191534,-0.09530889087996432,-0.0666705971777267,-0.7397906381844063,-0.2665357431772607,-0.023880054995098984,-0.43368659817709304,-0.23337698550311817,0.007727150716349918,-0.27112131753603047,-0.16304930242417093,-0.19139839973399733,-0.5643171598324941,-0.10592898744454136,-0.20029747643961757,-0.6120660505520351,-0.22795055761252994,-0.1348079513957184,-0.39320559976853336,-0.20963148045683933,-0.08228961051151995,-0.29204981005867314,-0.16107036128869934,A,right
0.0,0.0,0.0,0.2097496005884707,-0.07165512910041304,-0.14555166965794725,0.3810919662937084,-0.3469948405218938,-0.2021939191572777,0.4499799882231445,-0.6207991725646432,-0.23818615058545423,0.5494668491801414,-0.7960282043057836,-0.25382135371508324,0.27811412843368744,-0.6817743499979475,-0.12719178184501298,0.28823563950289,-0.7805523713509874,-0.27218007859873095,0.24606168643302456,-0.5241550189547642,-0.33107224445700234,0.21179831063580784,-0.34574388042010246,-0.34567781540485576,0.10391908741601849,-0.6951249736578843,-0.10281863100418484,0.10021749326943308,-0.8152138989548661,-0.2773130530192787,0.09925063972410134,-0.48732416892325725,-0.30112654169782416,0.10405211089037622,-0.2988152078957846,-0.2719289249628954,-0.04935370257977778,-0.6535988210632043,-0.1013478186321448,-0.07395108377758049,-0.7323227229930415,-0.27589969326300046,-0.02625483883407712,-0.42523093759233915,-0.2435340812462292,0.008117168240024739,-0.26729493797267273,-0.17344589674803962,-0.18939552358945716,-0.5657656842592771,-0.10883103405075756,-0.20081846002797848,-0.6104412057221847,-0.23329758676538298,-0.13404610941874895,-0.39316043598393213,-0.21660759700033475,-0.0807870362093335,-0.2956512975252175,-0.16903685069462904,A,right
0.0,0.0,0.0,0.21188754192819684,-0.0832821979073559,-0.13535014703358433,0.38082342168994504,-0.3630199901332161,-0.18700237979709808,0.44700746192866364,-0.6332519533105068,-0.220266382933428,0.5496511044400896,-0.8018849292792687,-0.2342311328209207,0.27039980010391246,-0.6749838077899458,-0.11547638120765763,0.28231303259379065,-0.7777326374108472,-0.2567311877521981,0.2426776845788764,-0.525705359630297,-0.31601892428816236,0.21153177548326269,-0.34890781484081906,-0.33133741254080845,0.09730933848134812,-0.6854579681993657,-0.09444982286661009,0.10004791088927134,-0.8079704331213023,-0.2629706151984329,0.10210186012834042,-0.4865482870568748,-0.2869560269303131,0.10617639055242101,-0.2990441815340479,-0.2589358912283266,-0.055553145654236184,-0.6424366995545604,-0.09538918142783513,-0.07240939489751932,-0.7277264224489542,-0.26479932010604995,-0.022495450379014972,-0.42284520349690363,-0.23425457417789305,0.010348482045720257,-0.26578320823297286,-0.1664802391931797,-0.19658509984252587,-0.5535346356443496,-0.10443527284272236,-0.19944526432317983,-0.5994305800860298,-0.22560523171638822,-0.12980699262944753,-0.38384197479517584,-0.20939320119418459,-0.07762206698861304,-0.2860679552647295,-0.1630736877771778,A,right
0.0,0.0,0.0,0.20947586156438774,-0.11422680891115844,-0.11346181943081003,0.3710543029712309,-0.4060792190300596,-0.1546884133549529,0.4253481264244259,-0.6650206975222502,-0.18492905309263555,0.47881563434776747,-0.855369594194659,-0.19768268925581112,0.2628275712628757,-0.7400709158928027,-0.09434455229525114,0.2689329613866142,-0.8511881423695169,-0.23451296310379025,0.25241088170165427,-0.5948403049755381,-0.29344692444038406,0.23729466052891698,-0.39256357030283756,-0.30422199985001086,0.08054410373024043,-0.7426584635578164,-0.0829114090943044,0.09082545009219883,-0.8523398702262426,-0.2523698495704729,0.10557532946224174,-0.5311296668637303,-0.28033006217337586,0.11587824427831307,-0.3189932054182129,-0.2521311939358907,-0.08700245309772474,-0.6932050105023224,-0.09223329841102838,-0.09358667210040543,-0.7456368187346674,-0.26216802117094395,-0.027824547486414355,-0.4342817433274638,-0.23952208710995057,0.01751707984101001,-0.2535733707913489,-0.17426455624999074,-0.2467593948659641,-0.5976582304036194,-0.10766966626459122,-0.23458434743052495,-0.6186012453354551,-0.22993323068836014,-0.15183317920180261,-0.3995947483791294,-0.21769980126465582,-0.09192019859999934,-0.2873711843744944,-0.17177021511882232,A,right
0.0,0.0,0.0,0.21820818639893402,-0.1288159987794722,-0.09390158189091269,0.37897411498306577,-0.41973257664670605,-0.12831580560801084,0.418596670533828,-0.6775635085551988,-0.15699210423945745,0.44945794647621834,-0.8769734436951971,-0.17001509757303315,0.2584280673850314,-0.7999725770490986,-0.0705126379524399,0.3248827778267688,-0.8830108566320382,-0.20136006797322653,0.30390059403026964,-0.6316273399776043,-0.26889032512028027,0.27887817659276487,-0.43332731034022437,-0.288265861161529,0.08897665275229837,-0.8282920855711738,-0.06624404415707837,0.1669700303648292,-0.8497891289405133,-0.21201055904652,0.16374044588753559,-0.5355704479858314,-0.2392424109900073,0.15783462690691283,-0.32509529423026096,-0.21571549166699905,-0.07570214209984101,-0.7897254159902988,-0.08131363575461997,-0.007501947767521531,-0.7440677032634029,-0.2227028647998749,0.030487199582545005,-0.43673821048869854,-0.200972480793986,0.053536989898651355,-0.2508870355951469,-0.14291721407071936,-0.23725483252903526,-0.6992424137272585,-0.10446875822333988,-0.16221583658748806,-0.6207213780679787,-0.2059478815897554,-0.09459938563655981,-0.39705686269044504,-0.19375386844374606,-0.05080448010188348,-0.28251626746175446,-0.1507508773864851,A,right
0.0,0.0,0.0,0.1870699710630641,-0.11076715620089085,-0.11025156549630158,0.3246487656872691,-0.3201917302879237,-0.17732242790592675,0.3302430013386566,-0.4877435030030797,-0.239951083776394,0.3037437318922793,-0.6031227235961855,-0.2849469730970149,0.22428444007311502,-0.8226613265886733,-0.08668238012439351,0.30559281372462166,-0.9212242827095948,-0.240746449913724,0.29145956188772737,-0.6672430520665211,-0.32950314819655624,0.26798942415419835,-0.46563757226115154,-0.36237685355191374,0.05413872417509408,-0.8397162490477064,-0.08888798651289179,0.14943114629427068,-0.8833919124279644,-0.2520193446137028,0.1591209398051081,-0.5612844426553296,-0.2924292885572119,0.1584890762950404,-0.3515217416686316,-0.27695561367979676,-0.11539385687069337,-0.7825162077927661,-0.1129267664998855,-0.023788621208010702,-0.7651177179756224,-0.2675565717490644,0.027342444214116995,-0.44891552882593805,-0.25035364956205597,0.05213495036943203,-0.26014047956956027,-0.19361772033631225,-0.27905570179737627,-0.6658749934229236,-0.1466879887665954,-0.17713964188502931,-0.6209175965494452,-0.252909437317328,-0.09476907890411747,-0.3983750660918628,-0.23692178355377083,-0.047588941808961546,-0.27842898987185416,-0.19130202290097548,A,right
0.0,0.0,0.0,0.1764098107485754,-0.16280457653426705,-0.09171941595421254,0.2783147042181003,-0.43059474543319914,-0.13962311802814806,0.2544707854413082,-0.6207388169573477,-0.18625279547065363,0.2325940473614467,-0.7435372850843905,-0.21609293906481275,0.1347448571768549,-0.8280486628337661,-0.051033303177851944,0.2101115485509413,-0.9586759361561401,-0.1918165441266048,0.21774261579751059,-0.6992988208502664,-0.2729055634927851,0.21038686846328722,-0.5079893358859878,-0.30326888133113156,-0.023686477910307584,-0.815303542446242,-0.05648929449474681,0.07581928049946415,-0.9155407676114193,-0.20787990035983273,0.11184311691471038,-0.5950497234819975,-0.2418668722478182,0.12190121172765918,-0.3969020205156275,-0.2217480261927181,-0.17490679361854775,-0.7358476578047767,-0.08323506569880824,-0.07587786425062666,-0.7870591775411375,-0.23496549289781354,-0.0022035554597183006,-0.48168124697021686,-0.21645440318129724,0.027415677584510634,-0.3055856064110741,-0.15743205658295792,-0.3186389200223251,-0.6010652548473184,-0.11720911714207882,-0.204858175185562,-0.6020702389381111,-0.22662677188618974,-0.10451260565791087,-0.3941225891537935,-0.2112885971071293,-0.05414713490443175,-0.2819391646837472,-0.16452435492283407,A,right
0.0,0.0,0.0,0.17660456169374375,-0.18871234243980342,-0.08990749427131667,0.25568945803643695,-0.5037424281564138,-0.12777170748312325,0.20958495897318924,-0.7138421152274722,-0.16435057106821585,0.1938901461237667,-0.8584559523733629,-0.1844284987306556,0.07711925302274136,-0.8405806087990768,-0.042264188415070736,0.15580877166000315,-0.9716367422009904,-0.17789229291581843,0.17545150271628823,-0.7196960960556071,-0.2545693683266717,0.17719035194134633,-0.5212862271132271,-0.2813847697509743,-0.07906538260077837,-0.8098126587884742,-0.045049456144214524,0.029660415222819987,-0.906933119283742,-0.19235170399426962,0.07609234826057049,-0.5956284809415344,-0.22353077736282928,0.09043386184625427,-0.3924528175875814,-0.2010133602806116,-0.22148493962980254,-0.7159554582017236,-0.06955930955189148,-0.11565048302348056,-0.7691177658736791,-0.2205253067421746,-0.031156311273723182,-0.4691207503614842,-0.20110197534831434,0.005478116864618391,-0.2885373697654487,-0.1403525901608852,-0.35572819154774976,-0.5693846242607489,-0.1012196234527462,-0.23847077786440762,-0.5801360345730348,-0.21161019624259647,-0.13064308465658842,-0.37733500671458425,-0.19686619401163097,-0.07762755528792192,-0.2653113865073823,-0.14960135966038327,A,right
0.0,0.0,0.0,0.20924325658414336,-0.1783411500007993,-0.08306476136102221,0.30544206403163837,-0.5249949481518917,-0.10448971853921458,0.27189030496565353,-0.7801745978140509,-0.12020957061122711,0.2770857568829285,-0.9528457551984338,-0.12372732169145502,0.15537621580210378,-0.7726908342909493,-0.06166120129723163,0.17760221298748297,-0.903046525423064,-0.1717636008234142,0.18203195186645554,-0.6671507160962578,-0.2217583678267808,0.18677740401136814,-0.47425112975140293,-0.23408649223464642,-0.009835877023203522,-0.7351789327369781,-0.05710998821721569,0.0253079492687221,-0.8485498190956107,-0.18566753719753262,0.06423306503856709,-0.5530787539333322,-0.2026139389200019,0.09216655482139278,-0.35413248190554153,-0.1774937604774256,-0.15837756888949378,-0.6531426557531379,-0.06936056713450729,-0.1323610257588729,-0.7479303260457193,-0.20225968714255166,-0.05094348717365624,-0.4621121985049058,-0.17418439279569786,-0.0009164354184093185,-0.2848490431424147,-0.11672081936581756,-0.2975405629113051,-0.5274582521436094,-0.08640774582285471,-0.2566270676536264,-0.583935029715056,-0.19151900172696565,-0.15430878708259274,-0.38364891790748307,-0.17507874815303098,-0.08998961432117845,-0.2723180440629432,-0.13171280832017618,A,right
0.0,0.0,0.0,0.20291785192565584,-0.14319801767716392,-0.09290505515926428,0.3146723890472727,-0.4737737184938833,-0.11895380759987347,0.30920476296157906,-0.7460278369317778,-0.13830685526834274,0.32543550895117385,-0.9349748356170691,-0.14111621549816758,0.19964698264628103,-0.73438811586847,-0.06551986774936848,0.18750627030678246,-0.8937437923347429,-0.19150666785241158,0.1851723776018974,-0.6557856034048948,-0.24399155938475842,0.19299339818584363,-0.47103941567997015,-0.25429832396646646,0.03337936748209329,-0.7006735223538101,-0.06126453079881299,0.02679724507269447,-0.8649486152463294,-0.2207162580498852,0.06389312897986049,-0.5620982756729583,-0.24736329924147146,0.09474861710798356,-0.3681349081526128,-0.21982830310666868,-0.11834565350877876,-0.6335197202376824,-0.07581121010806811,-0.1444362479820755,-0.7644711682380617,-0.23565269494747615,-0.06120798137114775,-0.46932864534535607,-0.2085358965163369,-0.004079971080915715,-0.3035805882332364,-0.14337991510432224,-0.2665251772260044,-0.5263074090342913,-0.09536705639147072,-0.2700235674280005,-0.5972589850478565,-0.21510165611965676,-0.17563608969445552,-0.39036606209875957,-0.2018246081193599,-0.10544552886864836,-0.28448557199858726,-0.15708797277413078,A,right
0.0,0.0,0.0,0.20565447119105237,-0.14031259481886205,-0.09471984282992162,0.33723624931300167,-0.45274438510914256,-0.12320440690926003,0.34937572228992575,-0.7195810407219397,-0.1442339029987532,0.36264112172020524,-0.9198157475628743,-0.14976784492294043,0.22009959383716893,-0.7199191732668309,-0.07065791643227853,0.20843598868528407,-0.8688554237075015,-0.1938987584334801,0.20477443572762552,-0.637868947910517,-0.24416398400770353,0.20960057615604993,-0.4536582813965431,-0.25270575524867667,0.051988386905596325,-0.6967695268752396,-0.06533075040825718,0.04991340599128933,-0.8460139843305462,-0.22004169301534246,0.07868866286596707,-0.5437633178299031,-0.24538961177609234,0.1007537250107404,-0.3483553136022098,-0.21844177989383526,-0.10149070606075122,-0.6373274774418404,-0.07835247515413643,-0.12608387008227806,-0.7583279642969621,-0.23471337614268226,-0.05218662192104343,-0.4623794544615961,-0.20765014501550358,-0.0016811055825678382,-0.2928962138618101,-0.1435822118722187,-0.25086861754260004,-0.5353631090503317,-0.09620212958973245,-0.2544496050914938,-0.6034322737044129,-0.21394853936700592,-0.16701853587238802,-0.39531193017134264,-0.19895701632381818,-0.10278528795918593,-0.2861186866888317,-0.15298149875020203,A,right
0.0,0.0,0.0,0.22679936588961266,-0.15126496803225364,-0.07913932227021303,0.3783901282653611,-0.4693901914064408,-0.0979141767730677,0.4023923559846719,-0.7229046019216493,-0.11221286621661838,0.41339915173276764,-0.9036026035510853,-0.11226520477123855,0.2592209835916691,-0.7296985445146041,-0.06071558463410948,0.2640019858316374,-0.8955272932223467,-0.17751817759639188,0.24704676574113185,-0.6525155393998218,-0.2255168201828606,0.2458141664617956,-0.46435429331104644,-0.23327555892171697,0.08353031927224659,-0.7271204301586007,-0.06081784162872319,0.09332190852697522,-0.8942921765660938,-0.21078391754906695,0.1067733061135169,-0.5904609626029171,-0.2346472776035613,0.12569711495278785,-0.38253107598166664,-0.2062369627066065,-0.07945294676570705,-0.6833748729874488,-0.07717700979980557,-0.08354510314032033,-0.8206764089683285,-0.2253318387499814,-0.02441544369754499,-0.512239425083822,-0.19482498370116486,0.020909378439600876,-0.32563286520823703,-0.12890686268153942,-0.23695602056773474,-0.5923760456495828,-0.09744480040434905,-0.2275597968003773,-0.6861746538235795,-0.20688232660703876,-0.15099364057113576,-0.4610016049630561,-0.1850951846071159,-0.0900795270584205,-0.3289976369654269,-0.13471479450675936,A,right
0.0,0.0,0.0,0.20808275170538107,-0.1702442567802361,-0.07007984864455567,0.33498433923365933,-0.49955749473757355,-0.0912236023374689,0.33136204923272317,-0.7474770529006621,-0.11303454295680765,0.3392931876242553,-0.9283012042296473,-0.12116265762910144,0.18963149498327467,-0.8515772376385363,-0.016318237271966504,0.2452261558678156,-0.960778119632248,-0.1294972482881988,0.24842152957529715,-0.7060941506820785,-0.19003205395544628,0.2452359780181879,-0.5043684137540183,-0.2075758531181563,0.02798787023812908,-0.8464660733436656,-0.02187639157007258,0.11482361662047309,-0.9464788297322911,-0.14807525043556397,0.1329633425125894,-0.6221596095642477,-0.1690355953130025,0.1321392740177174,-0.40131986879805104,-0.14419531501293015,-0.12894008058509107,-0.7875466641649211,-0.046757986600191065,-0.053415185245111595,-0.880406464348329,-0.18255945620515837,0.007895719122007773,-0.5565851974400691,-0.15602409846185827,0.03343866762655509,-0.3465255643483924,-0.09582783453812475,-0.28428537542104926,-0.670873655685712,-0.07625865092080336,-0.20918789244272504,-0.7309836285459475,-0.18624275019306594,-0.12284866072238282,-0.4891412034813893,-0.16850598050031426,-0.07734184433839483,-0.33465743028945,-0.12020832162474633,A,right
0.0,0.0,0.0,0.20799826698480894,-0.1736431482819216,-0.07158262660098755,0.32641029700571955,-0.511031501973389,-0.09032190123431398,0.3176494928915064,-0.7520511078038064,-0.10933157564054277,0.32501394067187694,-0.9387493161192724,-0.11452362138238652,0.15999553527808366,-0.837331060529532,-0.009177398357021613,0.23179281393080498,-0.9507628795736199,-0.11965811867973286,0.23680010079943262,-0.7029629055425246,-0.17967048150579984,0.23182748665556246,-0.5106651008763732,-0.19652971651235804,0.00562224075660155,-0.8242001539105805,-0.011282415026330485,0.11016352515451866,-0.9317463509735574,-0.13868741823775557,0.12967384789649244,-0.6160574740532038,-0.1615221467332057,0.127407362003708,-0.3956080952545727,-0.1343667681936791,-0.14253918189681336,-0.7635702440468299,-0.03301303698638764,-0.04975462956227339,-0.8438308328874393,-0.16884801380263648,0.008900858547362698,-0.5288638498881599,-0.14439899482801946,0.03343970033211337,-0.32625047132783463,-0.0817350694644774,-0.285847007455947,-0.6551033936160126,-0.05968622968563789,-0.19333628199122624,-0.7075139441551792,-0.16422322260340155,-0.11122922446433978,-0.47335632378203174,-0.14539497128156037,-0.07001065937476861,-0.32654723478945274,-0.0950127507918825,A,right
0.0,0.0,0.0,0.2279492766206548,-0.13677168710480023,-0.08551488708866531,0.36711998230281606,-0.4672480375920272,-0.10203229219803887,0.38816544808182846,-0.7310418673238868,-0.112919137963606,0.4067410423312173,-0.907100959438179,-0.10830315724691443,0.24340849957222868,-0.7605674511334062,-0.04521197879875052,0.26134080248900027,-0.9009687032622673,-0.16016520109959528,0.250891284316832,-0.6477505678876901,-0.20997795699289887,0.2406083374248884,-0.4546625925595783,-0.21965894344104497,0.07721795370235471,-0.7507559660244421,-0.04164628448043786,0.09760488807977258,-0.8947838643922237,-0.1853796167123688,0.11552836779871523,-0.5761319581247017,-0.20775558061853694,0.12052933850350232,-0.37161348544762496,-0.1794882605741496,-0.07676641095689815,-0.6949740605706474,-0.05660385237641135,-0.0746241117870744,-0.8206134343076553,-0.1997166447602782,-0.014642765221162849,-0.5104126810272627,-0.1660304218563667,0.014916507161885206,-0.3311625992072537,-0.09964576201053418,-0.2285780854315832,-0.5910301950284563,-0.07677673508326764,-0.21497409578915694,-0.6810145138803579,-0.18382382624974064,-0.13813580696307678,-0.46061842934051694,-0.16003010145304067,-0.09014803818939367,-0.3375365129681463,-0.10889782072786099,A,right
0.0,0.0,0.0,0.2205625612892277,-0.10722917960802478,-0.11108349861897017,0.3834613568531003,-0.4128475307032603,-0.14335377646255146,0.4303298530799461,-0.6812596115474566,-0.16211041527092998,0.4789257700182437,-0.8626278361853397,-0.16279841230992165,0.2666927712916802,-0.7161565067785596,-0.08973842890553324,0.2688359102437439,-0.8465264813077742,-0.21265905103269725,0.24427088119405826,-0.5923070929177878,-0.25909035579290657,0.2274196496728834,-0.40946376864681977,-0.2667873760295134,0.08973917297550515,-0.721617622019064,-0.07760538382923654,0.09394638842516423,-0.8695022141446216,-0.23244622325643932,0.10119669725596267,-0.5493937258589403,-0.25370860183904187,0.10434617489009083,-0.3521725185681662,-0.223433316898594,-0.0702084414450631,-0.6765853214140294,-0.08463352694952726,-0.09224816788588103,-0.7848499331505118,-0.2399805720660744,-0.03540068358163291,-0.48059393657915445,-0.2103138374973581,-0.0009043088407148318,-0.31555763718416296,-0.14517982246311542,-0.22409424527047003,-0.5825901379643201,-0.0979185540373839,-0.23017010097768326,-0.6390683083951308,-0.2127062878609204,-0.1533657077763851,-0.4249667121013234,-0.1958800515163607,-0.09653098787488325,-0.3205992774367589,-0.14953791614155684,A,right
0.0,0.0,0.0,0.18671609163113553,-0.07885612635915762,-0.16014873863775037,0.36716478904229394,-0.367400326762075,-0.21821391549293198,0.42010689276028584,-0.6416851608601972,-0.25021627180821754,0.4653438907069391,-0.8458188600920005,-0.26085536086957695,0.21466117021804534,-0.6981940516102747,-0.14055365497202524,0.192408220440728,-0.8233538163208907,-0.27794031516468376,0.1816997238016724,-0.5617584442312523,-0.3328159269191095,0.17854934293362495,-0.37945543259399855,-0.34359273067596574,0.04816319941312699,-0.6846687313579325,-0.10088013028253613,0.010980703254641013,-0.8000763973340501,-0.2615691859714496,0.03804120859624601,-0.4854451662735352,-0.2836099434996267,0.059980527303339325,-0.3105610229283668,-0.2587665307793179,-0.08927563436922105,-0.6343197827794621,-0.08443570259983235,-0.14255135429518248,-0.7245519526107274,-0.24004352227865558,-0.08325407502947597,-0.44550900503933777,-0.20448642503692657,-0.04093871950115794,-0.2941982061375578,-0.14021381920053907,-0.21587654956837218,-0.5507081761903586,-0.07907455184212059,-0.2510414704148342,-0.6131327856195152,-0.18773392753668505,-0.18658018483403843,-0.41228726055553455,-0.16927905788020867,-0.13499526258433933,-0.3145380849907867,-0.1251760543792875,A,right
0.0,0.0,0.0,0.16905916371313098,-0.13506900688890414,-0.13575029610360678,0.2992546596263486,-0.41573036340100933,-0.19704641237090148,0.35763642961666303,-0.6739741999697813,-0.24262380619130694,0.427796626801774,-0.8626529910965683,-0.2698515574332813,0.16394931102548974,-0.69968038649798,-0.11916486539915254,0.12625260154034473,-0.7905101057622242,-0.26702709194313656,0.11657407627379261,-0.5396746078966738,-0.3378591571583733,0.10993297550542575,-0.37507103155074656,-0.36111132328091095,0.0010167535297528497,-0.6769451545343677,-0.09801238539338662,-0.06107963859393805,-0.7940701693487008,-0.26854796230695643,-0.019363280916490703,-0.4947745993736098,-0.2978894837100746,0.01548989660404981,-0.3241108492114572,-0.2771378782064463,-0.1341895094558034,-0.6147049756711979,-0.09903475940453779,-0.21819525118631647,-0.7072789395566383,-0.2572463283371586,-0.13884005903084407,-0.44449326609643336,-0.2243977203725638,-0.07695919688665136,-0.30176839412820156,-0.16032265606965398,-0.2472751903182788,-0.5164516044722763,-0.11044224421015275,-0.31094285885933176,-0.5763898443363025,-0.21527966688378206,-0.23193386583853784,-0.4086198445301464,-0.19717935223809915,-0.16234690145741043,-0.3256319635360723,-0.15429539819457275,A,right
0.0,0.0,0.0,0.1717655007390735,-0.13831878125909627,-0.11840638683039512,0.2787072555565359,-0.4550105260612743,-0.1638685254742212,0.3112672557859006,-0.7175417772452306,-0.19606214070448555,0.37630841502818113,-0.9016123741767963,-0.21327705809640882,0.13468728549896927,-0.6973342712677395,-0.09753427473053676,0.11747265698410737,-0.8123620505746868,-0.2242918071195804,0.12072536825280641,-0.5826392116715837,-0.28061821205890297,0.12315406881452831,-0.4137661702843355,-0.2948929831625582,-0.01860839367216244,-0.6612612815373576,-0.07839862486804479,-0.0477755550367384,-0.776756708364081,-0.22653100432902626,-0.002492653498852595,-0.49484347295885495,-0.24742565995032975,0.0310385514109269,-0.3213177331781309,-0.22177579902137953,-0.1527436128854907,-0.5893004944942614,-0.0793598188472166,-0.19618158996011195,-0.6725767738027554,-0.2254206053476432,-0.1085610218531515,-0.4107035401220353,-0.19561078140670982,-0.048317888387541585,-0.2651312780643987,-0.13377355765237714,-0.27153903793373235,-0.4831821281870285,-0.08802349190826037,-0.29956864587315396,-0.538669589697431,-0.188497472646884,-0.20997624738772627,-0.3632027293919973,-0.16978122783491484,-0.14461452349254533,-0.2750308727453304,-0.12634607286697028,A,right
0.0,0.0,0.0,0.18583040726015965,-0.14206322795142015,-0.09989673304844722,0.298406795534364,-0.46638541581335236,-0.13390653565575164,0.3291054834149167,-0.7290567387487812,-0.15755233748987058,0.40127439878023413,-0.9004166895033686,-0.16801381534670284,0.15140597862474867,-0.711244400081515,-0.07319583679478885,0.13996976742984585,-0.8395633654884721,-0.18409532799271663,0.1379408541494015,-0.6171389723238447,-0.23437207907016025,0.13599488732367024,-0.4376499440212651,-0.24612452674852314,-0.00495218833419052,-0.6792880409561881,-0.0579322829376836,-0.024196165810531224,-0.80812213434561,-0.18545108254522646,0.016225356497858022,-0.5265708933732578,-0.20120290928263382,0.04478033600452374,-0.3471881105295481,-0.17590094073618373,-0.1402932536034406,-0.6111070301403572,-0.06067619065792573,-0.166903966211717,-0.7239349076654397,-0.18824367568456257,-0.08940282875556392,-0.4619116570301863,-0.1577615535475842,-0.039945592650514686,-0.30527045216881743,-0.0996807922781604,-0.26012600672701336,-0.5054119477462443,-0.0699138708221647,-0.2682421348284892,-0.5940247102707196,-0.16141838474776604,-0.18536812701888344,-0.41167275433503187,-0.14088977467902966,-0.1291238310054932,-0.3067753878450465,-0.09790471819089515,A,right
0.0,0.0,0.0,0.19766435997326418,-0.12092013482665384,-0.10477340989321003,0.3523541438669645,-0.4265143983238204,-0.13878392360173,0.41272450987450715,-0.6820062821581958,-0.1626763866804787,0.481388269774576,-0.8594475156338194,-0.17209096895042356,0.22257083435247924,-0.687244865374632,-0.07266280126130777,0.22684060014917382,-0.8283096445684389,-0.18736416438629186,0.2070458915780996,-0.5977336857028226,-0.23723008132326995,0.19078295807384812,-0.43275923174204706,-0.2484732470768138,0.06625829447985909,-0.681755392764266,-0.058636146505791235,0.06475475320032764,-0.8272077797428254,-0.19431042689607045,0.07990605450988376,-0.5367963899158148,-0.21397456950098548,0.0912911110980628,-0.3581824121929971,-0.18865541057891425,-0.07702420546142723,-0.634343421715927,-0.06364144799093978,-0.09368749550485587,-0.7519905639598378,-0.20124017727244176,-0.03520450198346709,-0.4647636796313474,-0.17184157106015083,0.00390092882152753,-0.3025711835714452,-0.11125529339930934,-0.21174631915641992,-0.5480964967912764,-0.07529124647825326,-0.2138423965613879,-0.6227849811273974,-0.17427545424472982,-0.14057260938526026,-0.4217500340754561,-0.1554912592000589,-0.08631761955816736,-0.3145697893277342,-0.11181312896621044,A,right
0.0,0.0,0.0,0.19398035624038795,-0.12485920253892156,-0.10191819250614995,0.3510371818667844,-0.42564781502447363,-0.13731858405681463,0.4201287786566943,-0.6784206732516165,-0.16326789809864756,0.505379183109322,-0.8450310812449967,-0.17468357967956222,0.2278176159103632,-0.6789008627774258,-0.07277761431208518,0.24379731751200737,-0.8213836219776076,-0.18636914729477774,0.22087802805264672,-0.5925953978979137,-0.23510910102981228,0.20074524951636766,-0.42664778710313983,-0.2456624624732414,0.07095677025350354,-0.6751857905974421,-0.06014283420232231,0.08081835659343273,-0.8167364869289985,-0.19440123801024958,0.09094860202497224,-0.5275957790538242,-0.2132045207472773,0.0951728692074045,-0.348341657705024,-0.18813897766120505,-0.07495379110659957,-0.630374920933717,-0.0661090291443767,-0.08264222758173567,-0.7453076608147129,-0.2024042543197174,-0.026699816964003847,-0.4557499854269746,-0.17190824909942476,0.0074582123972475245,-0.2905041307077001,-0.11112971290112121,-0.21434925920816852,-0.5477762567104322,-0.07845135574585643,-0.2127837906220179,-0.6247693092839534,-0.17535201530019595,-0.14014475786692226,-0.42472041178089753,-0.15501171801873986,-0.08884316836799885,-0.3144607795331063,-0.11083642534752597,A,right
0.0,0.0,0.0,0.19241561202570048,-0.12298617684214133,-0.10004678712635964,0.34779332700637344,-0.4245482355738573,-0.13322125571662985,0.41238009989706886,-0.6791547518845169,-0.1577016820352394,0.4930442908298866,-0.853684508033623,-0.16772026718153393,0.23135617253065668,-0.6805262582106067,-0.06796698730030998,0.2494068663522678,-0.8161831358484043,-0.1840248850560524,0.22584602182461005,-0.5899468685816482,-0.2338433274438037,0.20509533139722316,-0.4222568914089203,-0.2442101661774212,0.07309422025868359,-0.6795017252323635,-0.05674918049922946,0.08531834507523606,-0.8145795363301421,-0.19322279402338174,0.09263175575831728,-0.5239741368836637,-0.21178034887854785,0.09693705886832367,-0.3419061030999037,-0.18529082852487888,-0.07459784729872891,-0.6351041581845107,-0.06485658859307782,-0.07751997967852786,-0.7329583806136643,-0.2047104681936273,-0.024841539200227955,-0.44190270671848386,-0.17553900261079855,0.008829043524437731,-0.2783571207784729,-0.1137929104194425,-0.2167803331454176,-0.5529332107373722,-0.07912669256649055,-0.2068075521226089,-0.6140417721192911,-0.1788208253839089,-0.13574492966400167,-0.4130528230672216,-0.1602451622525945,-0.08621377301473478,-0.30662953107662005,-0.11610336571478422,A,right
0.0,0.0,0.0,0.19740752885324453,-0.1195166354783302,-0.09780347909709142,0.3524739476599275,-0.4274094691953216,-0.12824744628571105,0.40033882105994634,-0.6873999628603525,-0.14988205964166507,0.46383510846189674,-0.8717408801304399,-0.15787599585607243,0.2246934059798354,-0.6743205997764957,-0.06661403058152264,0.2392017541718555,-0.8203989905476305,-0.17826088919436392,0.21687909960137208,-0.5959253655821438,-0.22585849172330907,0.19990939079831338,-0.4264951544975517,-0.23516183489972972,0.06870631131485043,-0.6681547093649186,-0.05460322939597651,0.0813104548554674,-0.8170414066128125,-0.18714861223298906,0.08822270198305761,-0.5339461857874716,-0.20613377304767455,0.0931613552861006,-0.3509922641301082,-0.18091889136882472,-0.07589909145783476,-0.6246748932238345,-0.06083398978465442,-0.08204934158480066,-0.7519339364588337,-0.19523515002055572,-0.031213047545753922,-0.46554888681223244,-0.16418371388584407,0.0022750778182077185,-0.2963049585204712,-0.10307238751436686,-0.21578147843358914,-0.5449526859269174,-0.07311992940048745,-0.21211120552509075,-0.6276324243563794,-0.17090875906208614,-0.14464701293286325,-0.42676255667698504,-0.1506907732386744,-0.09544909706610165,-0.31218048935273224,-0.10604321726577653,A,right
0.0,0.0,0.0,0.19555329607937258,-0.13146732252955382,-0.09102355979148402,0.3360170695833794,-0.44853206202248874,-0.11837027711999035,0.37386421636068834,-0.7060427415724904,-0.13850595440129349,0.4293993489844526,-0.8912200670895779,-0.14609240606060409,0.19846829877197592,-0.6752812104674286,-0.06155727598726802,0.2126268153764229,-0.8201530179848662,-0.1719020955028379,0.1993999208464943,-0.598049027513778,-0.22086167256941994,0.1893982924322006,-0.423330853101343,-0.23112536425317678,0.04455351859103263,-0.6629209977742985,-0.05254515439277966,0.062140499493184224,-0.8116612352438927,-0.18042566509393046,0.07564212747161876,-0.5360480930877521,-0.20000051242198758,0.08284110634017863,-0.35061947321070436,-0.1768702613471054,-0.0982452515665821,-0.6114361040024375,-0.06117229489937124,-0.10193894296509348,-0.7428659358732528,-0.19101780109069352,-0.045676040010284906,-0.46523210068430804,-0.16050769802860654,-0.010794279568384869,-0.2957891768541603,-0.10140709087092348,-0.2352793130647488,-0.5240706891335328,-0.07543458294383901,-0.22716570471818281,-0.6138605791537639,-0.17135237609346526,-0.15552818562951132,-0.4168572085622296,-0.15031656651439726,-0.10719316075309625,-0.3006258283194771,-0.10582564128149634,A,right
0.0,0.0,0.0,0.1959299106631031,-0.13457987501115004,-0.09504782211791651,0.3373129937941712,-0.4518106463898451,-0.12350786150908291,0.3676860837856758,-0.7075504641118017,-0.1446462426577991,0.4089187898456133,-0.8995327134464023,-0.15370855783251539,0.18870431550279965,-0.6794564659659215,-0.06128627032178195,0.20606903450220776,-0.8145215723099557,-0.1709872367263541,0.19918925114705044,-0.5965890338610401,-0.2221181940853155,0.19031582053321894,-0.4211924789481776,-0.2342586257647347,0.03609831207221134,-0.6636753619751522,-0.050402919447258804,0.057341089670327756,-0.7980205877131429,-0.1802355465419352,0.07810276439273146,-0.5249026258606799,-0.20460871914501072,0.08797093911673222,-0.33802308842766016,-0.1849257491191778,-0.10313332499274053,-0.6098103109185264,-0.05742870110310973,-0.1026596227587722,-0.7415213057506554,-0.1882038664379642,-0.0410361914985766,-0.46766722469394123,-0.16247631523333994,-0.002910348237720969,-0.2942208917865421,-0.10657299899942413,-0.23652579455905376,-0.5172343377669404,-0.070640390965609,-0.22384036066125712,-0.6048946945797228,-0.17012417510937192,-0.14794892025420994,-0.4137560572416522,-0.15477477012349705,-0.09585482441831407,-0.2966547854855138,-0.11391296006866775,A,right
0.0,0.0,0.0,0.19490482604182022,-0.14037360230581675,-0.09227056312930251,0.32737576974349747,-0.4561910583944332,-0.12108976497167907,0.35586324181934204,-0.7126121745266717,-0.1424684419275447,0.3985598214171876,-0.9045021316177706,-0.15174308106404308,0.1889092727009666,-0.6812902379205055,-0.06186100626159299,0.19859980285056766,-0.8167651102450717,-0.17387078201550446,0.18887794213894257,-0.5961095430624269,-0.22576224734550576,0.1858703350290143,-0.4195905563091176,-0.23821357715135777,0.03580816866149682,-0.6632693299151653,-0.05357900368152972,0.05035220877064154,-0.8124442198399369,-0.18437589092218326,0.06740148882009407,-0.543465510021945,-0.20781971331186855,0.08451736216939529,-0.3535468731618432,-0.1861486362752506,-0.10443021753453191,-0.605406284832256,-0.06295328700681359,-0.11203314286716194,-0.7367584610964752,-0.19405804934266044,-0.051847450329910845,-0.4682033480877113,-0.16757086558324719,-0.007233364229564955,-0.3012739233569944,-0.11032163631391932,-0.23596187859739096,-0.5100122707096689,-0.0781958868674842,-0.23356471006940902,-0.5904841850465417,-0.17582878358653184,-0.1584529221484527,-0.404664778036364,-0.1585279394191271,-0.1022730385747666,-0.297153256806738,-0.11610864956518722,A,right
0.0,0.0,0.0,0.19677796961264643,-0.1403928000353426,-0.08681815180357506,0.31557012153977626,-0.45830632274610533,-0.1096108547869337,0.35272216023434416,-0.7301992126391472,-0.12469610921300889,0.3932083283778921,-0.9117536001751381,-0.11871218581905577,0.17613326831792278,-0.7123218116140578,-0.03675599517865292,0.17318159911339584,-0.8922300236840257,-0.13887292715125465,0.18186609603184753,-0.6582227081373465,-0.176524388954554,0.1756158940334193,-0.5358971126658147,-0.18355956852664415,0.025802683788655124,-0.6920703039063493,-0.030152571528949054,0.021366756345930018,-0.88668818832841,-0.14705547047356712,0.061342547257404054,-0.5933766755891469,-0.15720182487256004,0.06293182921459411,-0.4832792783951956,-0.13046434676750576,-0.11038753710586226,-0.6317214739590447,-0.04190938797981959,-0.13323495126495383,-0.8063270072081388,-0.16315084792004997,-0.05976168893614866,-0.5383491379808297,-0.1188975397758924,-0.039670705839033746,-0.4443882344079537,-0.053168524216389734,-0.2378981522253739,-0.5377647142715881,-0.059366859714526696,-0.25519819452619913,-0.6621567499164802,-0.13585302819397058,-0.17649922095324586,-0.48998605504779247,-0.09808151259546527,-0.14313150070232775,-0.42118777479763253,-0.045568761484817456,A,right
0.0,0.0,0.0,0.17981319314327168,-0.15321837252689383,-0.08861056200236062,0.2984104913031688,-0.48133733838228016,-0.1153123486611995,0.33391173952149633,-0.743495880796568,-0.13338293133687645,0.3906918237412704,-0.9119619549912584,-0.12524093384449833,0.16323439612268156,-0.7467617605223593,-0.03421064574984754,0.16469828274509044,-0.9258273340775699,-0.12097252574147806,0.174736923517855,-0.6689585362899544,-0.1495605612595479,0.155461400581324,-0.6056940938877107,-0.15979473226740382,0.015059789493812622,-0.7176571104225435,-0.027217735433637334,0.02137709206070804,-0.9059302112127198,-0.12428148983508823,0.06327128172821568,-0.6182660616301736,-0.13007173261200808,0.041076924071899695,-0.5842895768070159,-0.11057359300089252,-0.11416670153589913,-0.6423958131043759,-0.0370986294382754,-0.11872325010354043,-0.8075910642980675,-0.1362744933978967,-0.04652976292237031,-0.55442549065991,-0.08413269954144699,-0.04916926873488187,-0.5224532669270501,-0.025268201647884285,-0.23438261760380993,-0.5499580564782013,-0.05393433287294597,-0.2315144345258772,-0.653564229268401,-0.10444586165239998,-0.15663464970797103,-0.5015759873910899,-0.05519036069803787,-0.14387429577883312,-0.4732124899919062,-0.0039605601173911915,A,right
0.0,0.0,0.0,0.16727317623678772,-0.17325758960868773,-0.09653264652744059,0.3128987203302776,-0.4878618500341091,-0.11879512488295028,0.35093521236904973,-0.7429643177825629,-0.1271447013674086,0.3416563599484862,-0.9339374716934592,-0.10503204593636949,0.1729266575726099,-0.7554544156307287,-0.03993821934152063,0.1721376645769588,-0.8937709324156194,-0.12628456152717032,0.1704467223403658,-0.6249727325158284,-0.16061079699667935,0.146110816595216,-0.6201312747777399,-0.18045532787124244,0.012147402489178213,-0.713389694129249,-0.026182864504561344,0.0310220792783515,-0.8746409702602855,-0.12632159650690378,0.06427848127566105,-0.5860577470185431,-0.14273738449096685,0.03889337216302335,-0.5973552848591813,-0.135331858959642,-0.11583740904302345,-0.6283683644868729,-0.028424404216998902,-0.12004548979214764,-0.7888042155774067,-0.12556137404800807,-0.04843335617950694,-0.5362364604624579,-0.07658416791617054,-0.05920459161501673,-0.5351775488103998,-0.026227366714123845,-0.2392657753958314,-0.5580605424494032,-0.03898860561219183,-0.2290404715247635,-0.6173311787448534,-0.087743362701684,-0.155652076152738,-0.4682086680311561,-0.043090293837618726,-0.14580993063693196,-0.47192453166623394,0.0009387814853751023,A,right
0.0,0.0,0.0,0.16886968118490228,-0.15482605486952175,-0.11308710333601046,0.30310574759957637,-0.4787393981054886,-0.1398222646169575,0.331046601591664,-0.7535580497443156,-0.14824409132528796,0.2996172946822328,-0.945697151372422,-0.12604116237716362,0.14364608393405015,-0.7308166444749044,-0.055798433225640806,0.16917641389752033,-0.8749035322598137,-0.15029334685133175,0.17013581501811548,-0.6062961031990136,-0.18636316327711805,0.13746456986638153,-0.5961567723776688,-0.20464260679458668,-0.012866311739939896,-0.6889601098396241,-0.033381881041668435,0.01938013234099899,-0.8273773428139422,-0.13758665135728335,0.05707701611614738,-0.5290333793875351,-0.1502370595609265,0.026296242925107318,-0.5575671784935804,-0.13880325505483135,-0.14043166905426524,-0.6151106488496851,-0.02962541505689205,-0.13221267184062402,-0.743465655306604,-0.13351081410063367,-0.0635006392295719,-0.48172441428157814,-0.08356630022796749,-0.07491980961442415,-0.4962583841545238,-0.03024235716266542,-0.26247491872155765,-0.5503606442502209,-0.03521097631106047,-0.24940202563897088,-0.5924396098715609,-0.0877186196709168,-0.17493909922379583,-0.4262270792922463,-0.042284932498529285,-0.16589990210562028,-0.42671535550501843,0.003881119343242819,A,right
0.0,0.0,0.0,0.17255378472176855,-0.16343600311603027,-0.10868069633659103,0.3034952463318511,-0.4907113500245406,-0.1351489346332806,0.3322456845516681,-0.7644269901315146,-0.1443729325630098,0.2805094711107836,-0.9519279113672424,-0.12307594475423735,0.13823480544773148,-0.7324417990368806,-0.04930072454842006,0.1644989336869825,-0.8666106156635195,-0.13733218820217064,0.16702176075513336,-0.6056972053786098,-0.16933683802504898,0.12776368798399715,-0.5997025004681994,-0.18596411472070334,-0.022885904134547573,-0.6905730693059022,-0.027280013218195242,0.01986930937780246,-0.8118199524677684,-0.1251871085553951,0.05880156158298708,-0.5209315223190305,-0.13728260681169974,0.021117816010231483,-0.5602635736727741,-0.12789095688665209,-0.15058450670597417,-0.6114602943649633,-0.023164145419913143,-0.12897733024185695,-0.7293126623938285,-0.11761850930001291,-0.05776334300665049,-0.4833321438106952,-0.0688522113107576,-0.07868543057545163,-0.5017210945301523,-0.0205882298649218,-0.26873664539563874,-0.5441815742213699,-0.02866351846691087,-0.24315374972133386,-0.5735210078797331,-0.0782352976246138,-0.16699956718035114,-0.41793806740933437,-0.037416601400518786,-0.1657882072404654,-0.42680676155342123,0.00347921466764089,A,right
0.0,0.0,0.0,0.16778684773926267,-0.16422240660484663,-0.11369871295854864,0.2991287707083494,-0.4941185631295344,-0.13987681253547982,0.32253598221088103,-0.770456873946291,-0.14770349442519448,0.26872980531895524,-0.9553085417045444,-0.12316607438565753,0.14109703387548297,-0.7484311371360739,-0.053197632108296915,0.1540612913332851,-0.8992471654653892,-0.14540598257484846,0.15418570150622532,-0.6332247081300503,-0.17525529305863133,0.12468809841829048,-0.6271333382208755,-0.18802188835110348,-0.018973122062248486,-0.6978827784031852,-0.03037148123307211,0.006244885214316532,-0.8368036941029671,-0.1329673499450206,0.04222241580266662,-0.5377584070231175,-0.1397865417858153,0.011638710274424128,-0.5741665631248818,-0.12388749644927241,-0.15120018346358416,-0.6194675192554614,-0.027190813075201697,-0.14230102433025427,-0.7589963001252578,-0.12997810204300064,-0.07686200710653324,-0.49862863571606936,-0.07750198179558704,-0.09310193713220212,-0.5137575160452578,-0.022880608977918864,-0.27615088028753676,-0.5523077935716644,-0.03382751186456071,-0.2593723830256667,-0.608281202198367,-0.08723364859952185,-0.19061415782624797,-0.4444100138274827,-0.042371638829850435,-0.1890806353144489,-0.44437699540019515,0.003732995629622756,A,right
0.0,0.0,0.0,0.14243229751772166,-0.18509379163499792,-0.11770524446768083,0.24345017880950504,-0.5246738897382969,-0.15060771359801442,0.2577203129661011,-0.8054925762545921,-0.16627238551197146,0.17066324006317604,-0.9737711542892685,-0.1504785618129183,0.0752068374257407,-0.7688208398171784,-0.05300310203431936,0.06458578561225001,-0.9086023479384385,-0.15281038857234913,0.0892903040446194,-0.6563515199541702,-0.18966611235479341,0.06064716362977145,-0.6434910094924481,-0.20508506380907682,-0.08011789637835488,-0.6951081309851431,-0.03045372457069196,-0.0822670167672011,-0.8282835947669654,-0.1377677282883756,-0.014562432817852754,-0.5357967682177962,-0.14497197784040214,-0.042896326294159695,-0.5795547764607686,-0.12661261852108727,-0.20527422364121195,-0.5980970589309589,-0.02922838875716085,-0.22127111135089006,-0.7131273029062236,-0.13432734624345719,-0.1301730961682073,-0.476768204483274,-0.08329491075612182,-0.14023556429408604,-0.5110764839460926,-0.028423877683234008,-0.3221928998519313,-0.5145067364392387,-0.03846834319132299,-0.3243220764540197,-0.5467024722604665,-0.0906832067750764,-0.23959748065139808,-0.4066121901758455,-0.04640280237258901,-0.22748364034054533,-0.42227058531501754,-0.0004911578439588295,A,right
0.0,0.0,0.0,0.13043322296449988,-0.16864594146815304,-0.13937199451852916,0.2298823786860799,-0.5122873729955439,-0.18420786766240813,0.23378131247331005,-0.801086990275136,-0.20806439644082655,0.1376221295869553,-0.9700709134469586,-0.20005642287148534,0.04490474100848118,-0.7856345490136464,-0.06332859523275366,0.038643666114099244,-0.9072680654181294,-0.1684471389672266,0.06358700517370271,-0.658376404901304,-0.20650955878130017,0.036487024583024136,-0.6434029550563014,-0.22169256261231876,-0.09676799156005209,-0.7123281524413089,-0.030650120123366403,-0.10772852730460235,-0.8232475955420568,-0.14466521704212723,-0.035730582090129824,-0.5319324167604281,-0.14956434330571317,-0.05670737579393845,-0.5852284539080016,-0.1269768638730739,-0.21574752548090995,-0.6122532851538903,-0.021914641698267828,-0.23967684329035072,-0.6969691339215184,-0.1318484087281997,-0.14856203162082873,-0.46578957247233427,-0.07679715470311554,-0.14961221896904123,-0.5122164874433663,-0.01766053898307443,-0.3310435994197607,-0.5188541465923889,-0.025756544879961422,-0.3438830972015174,-0.5304202170270237,-0.07871941136664526,-0.2553943249461801,-0.3948629051516738,-0.032916785111015257,-0.23162718353431,-0.42109893476430793,0.014722618521599177,A,right
0.0,0.0,0.0,0.16145490279755756,-0.1407320775799118,-0.12570894600506685,0.3086180086157974,-0.45820067528469527,-0.16627678125921896,0.3431339819405644,-0.7579117027803491,-0.1871901437782722,0.2699955426574872,-0.9463796347350785,-0.17739220361613592,0.14500587695782838,-0.7526236257370557,-0.06517175492263907,0.14877837921899137,-0.8857152062114936,-0.16361122575054562,0.15164876476072606,-0.6275748418721364,-0.19829656989264954,0.12505260045266334,-0.6134970074751248,-0.21366117853101102,-0.008955038969900663,-0.7091463043891785,-0.03628504162629066,-0.009752394250231122,-0.8402106536551411,-0.14362791308928233,0.0321690834203382,-0.5360681783408762,-0.1455499836747375,0.012688129120890035,-0.5727415363051462,-0.12359803221582528,-0.14052847430719675,-0.6363941193637118,-0.028126067891118184,-0.16115401548214126,-0.7543872008330059,-0.12741130965421332,-0.09003603101705494,-0.4975112953801276,-0.06410902509167944,-0.08559539223203978,-0.5185497290373454,-0.0026517032025654085,-0.26889130256671406,-0.5687332623888538,-0.031667367205822396,-0.2821766887247804,-0.596608295149368,-0.0782397464902876,-0.20565223510678818,-0.43977948614536977,-0.028388424221847702,-0.17786708688212444,-0.4565146781763595,0.02063519018388372,A,right
0.0,0.0,0.0,0.18709698837080008,-0.12128815177600592,-0.11479954799036104,0.37334683147592435,-0.40885621747457707,-0.14727301086454195,0.4486412367766265,-0.6923901668825585,-0.16149905929559666,0.41677072838798807,-0.8975128166130552,-0.14412808183780929,0.2525024452621153,-0.7116686678159609,-0.05242300057265828,0.2784802897196396,-0.8601367419509743,-0.14670061514511928,0.24169308238092002,-0.5971396402126534,-0.1806993226044768,0.21641903733480794,-0.5901983007920242,-0.19683622674356047,0.09081199309448607,-0.7021279476705784,-0.02981500833562422,0.11517041250579196,-0.8490548942443582,-0.1346563508754887,0.11300689576218219,-0.5409498212482265,-0.14089028928021044,0.09765971075172386,-0.5732819735238697,-0.12362587342246409,-0.052139819697780296,-0.6590836459048831,-0.02679513779185329,-0.04520749925350498,-0.8023024363600179,-0.12736327137705333,-0.013060275900093808,-0.525356569829809,-0.06804983869892504,-0.011669358192826768,-0.5364926910224492,-0.009299583852536824,-0.18893853563996704,-0.6206403789168788,-0.03396888545824196,-0.1858919573531655,-0.6758596602488752,-0.08313103374414661,-0.13828173894779464,-0.49484864519617505,-0.032839580419889415,-0.12095341206955743,-0.4942024714566884,0.016682566193464,A,right
0.0,0.0,0.0,0.18661631020316125,-0.10501257764529545,-0.12649690644153935,0.3799946334442503,-0.3870531316591764,-0.16171783455029515,0.46496404261615126,-0.6633626288069061,-0.17557899814265895,0.45841552458927254,-0.8749422043527558,-0.15598508216455434,0.2802512089851858,-0.7033398906709825,-0.06030728794656309,0.31544224979892677,-0.8439745924775169,-0.1572531502297114,0.26421869679078547,-0.5793723270183841,-0.19020892436268488,0.2355495272581832,-0.5784403330077442,-0.2060408234818532,0.11584480083372053,-0.7054041305917238,-0.033186471417906996,0.151336741194989,-0.847554165409013,-0.14419751896498595,0.1343760875315014,-0.5334185692867326,-0.15149707190878783,0.12006429696938749,-0.5721152623909259,-0.13371251611666418,-0.028320514522076914,-0.6696523844594907,-0.026945991176354735,-0.015742126874860644,-0.7959474450389361,-0.13358420842416854,0.00530984565638208,-0.51917002461511,-0.07526666666531227,0.008744546973237661,-0.5451770879347508,-0.01616333560019302,-0.16387539950744237,-0.6396258361197973,-0.03174588172634015,-0.1639747629749908,-0.6828889146219712,-0.08449946810073142,-0.11904738652202197,-0.498826197378035,-0.03499221984618224,-0.0973217007867393,-0.5040103538662581,0.014101146056942373,A,right
0.0,0.0,0.0,0.18445293674898242,-0.11632445477739196,-0.12001379070555308,0.3590995016722233,-0.41192985702754253,-0.15039001399115517,0.4254099385377276,-0.6764546935708288,-0.1599655555641467,0.4822448561313885,-0.8651980087926042,-0.13737650569194448,0.25701218205330506,-0.6860928482441377,-0.05585536256157376,0.2834582122859677,-0.8163329904941732,-0.1435457072749327,0.23839375469738272,-0.5615169598282175,-0.17081142337178679,0.20577813101222908,-0.5695248609074286,-0.18486869998625619,0.08887607970325724,-0.6820680999475042,-0.028308527885405832,0.1292374150968532,-0.814101437042471,-0.1277068007447617,0.1211599332864086,-0.5154599445779382,-0.13400356062981614,0.10040124851514966,-0.5568761544419706,-0.11820489240713045,-0.04800971054065345,-0.6338987360367238,-0.0206752683875854,-0.03363723703681351,-0.7545852909637186,-0.11804596542925266,0.0016316299162540456,-0.49600211363137725,-0.06821529465572375,-0.002566534972069136,-0.5284575487100098,-0.017427904359147733,-0.1721394411909173,-0.599609733996576,-0.02319234895050827,-0.1710305843070185,-0.632521649257037,-0.07094044119850985,-0.11765826387149833,-0.4645224909615377,-0.029033350267087043,-0.10290355511992635,-0.4773529484139649,0.012265182857860362,A,right
0.0,0.0,0.0,0.19891953842368895,-0.10760690786555946,-0.1232728192263355,0.3847869908030963,-0.3748017668998343,-0.17005250429916044,0.4961941819414067,-0.6134605082368367,-0.1975669011686203,0.6195317606601941,-0.760652969970294,-0.1938748483136764,0.25673146479793435,-0.6627325995155806,-0.06203231997125868,0.28358892512685435,-0.7888396380687004,-0.14801668925420317,0.2435770215970459,-0.545170155099192,-0.1725600091299331,0.21752965584189107,-0.5523399151029013,-0.18513477466992723,0.09372795729270325,-0.6581474521416155,-0.031616180334238145,0.13268637528299945,-0.7857835781958689,-0.12754273677408623,0.1257980785748748,-0.4881443014715524,-0.1269877135906735,0.11076834650847706,-0.5335222883790173,-0.10743248268889793,-0.04642142558215883,-0.6150495747655317,-0.021272607236159872,-0.023048716538427466,-0.7350552958411765,-0.11068591057717196,0.008405524376352431,-0.48413779307884824,-0.05556178965425549,0.009012415443643533,-0.5164809926791997,-0.003297536480301784,-0.1726264399523407,-0.5823168136473784,-0.02188234995117194,-0.16719380553780572,-0.6177906314331599,-0.06119994571935565,-0.11500011618605328,-0.45959028071441593,-0.01846082828867041,-0.09615967628040152,-0.4698197265271318,0.021671245753458846,A,right
0.0,0.0,0.0,0.20417693590493266,-0.10921590278509626,-0.1286500205558052,0.3998652230285314,-0.36653455238483645,-0.18219526999679803,0.5414815211120659,-0.5778010084115556,-0.21623991256038727,0.6751129810919553,-0.7044909673007915,-0.21889481435778305,0.2446982072895228,-0.6820249087081506,-0.07943433725413332,0.2832614113473102,-0.8018312243554805,-0.17385881086478996,0.25247678936617934,-0.5594603736763762,-0.20417581175973226,0.22934092949177678,-0.5622103276538568,-0.2197300754376658,0.09055769443189171,-0.6774043945564941,-0.05323402561514213,0.13286186717918752,-0.7977819332373925,-0.15502744602716304,0.1378965616320985,-0.49879729130327466,-0.15564886813788834,0.12324131262033111,-0.5369350164759761,-0.13759282122230057,-0.048114223036956796,-0.6407795421758709,-0.047454378184238796,-0.017589089336838976,-0.7511748957858874,-0.1465767024779949,0.016412368371099495,-0.49220688043503236,-0.09324677067988242,0.015526377408108123,-0.5250744608004846,-0.04022409021976812,-0.1734354608647417,-0.601540470482587,-0.0529663667139423,-0.15922707463497604,-0.6452696297222256,-0.09704376783333984,-0.10724729516867902,-0.47880888323483606,-0.051191157298199,-0.0968374321594822,-0.47563913757889614,-0.008080073011218972,A,right
0.0,0.0,0.0,0.20210023030408114,-0.11020409376427717,-0.12825088155340608,0.3987123308586477,-0.3755054644515888,-0.17718903776873549,0.5273178632281631,-0.5922418184909377,-0.20518885137998064,0.659526292250177,-0.7242555577653292,-0.20119382912198383,0.2374614943249644,-0.6874467716831352,-0.08098868589508999,0.2898165218964868,-0.795840250794524,-0.1714768254225411,0.25466828027650407,-0.5514425743753749,-0.19772960156793767,0.22188313281501665,-0.5622848236940368,-0.21148401558624944,0.0801300578545059,-0.685112540090338,-0.05254378462783822,0.13540224994020866,-0.7856763096471505,-0.14994011486358047,0.137995638586164,-0.48900254212224653,-0.15087404802208018,0.11859749452977099,-0.5403756364219084,-0.13466125928882478,-0.054582823718635105,-0.6419027035782411,-0.043698795500513726,-0.014357194688285075,-0.7370917482696601,-0.13661648978926608,0.0211264890338269,-0.48511079254847006,-0.0856803773856903,0.014891568804910918,-0.528021018962572,-0.03694677087419498,-0.17392430580147988,-0.6009773277779346,-0.04630139781983662,-0.15371649481022762,-0.6299002700242341,-0.0874856607969487,-0.09906011321418344,-0.4693124391991855,-0.045178840029636284,-0.09167765979577946,-0.4757206105770558,-0.005985757332087082,A,right
0.0,0.0,0.0,0.2194156557103666,-0.09779890521821229,-0.13766492878824443,0.42871085165158007,-0.3282423656659292,-0.20381237588697343,0.5863068354837707,-0.5255450949948887,-0.2505909235834871,0.7210769790309707,-0.639386516123304,-0.26689487314535093,0.2490009051100447,-0.716724800280424,-0.09657360930798124,0.27727958413292153,-0.8144320303349192,-0.19688320828434222,0.25340226957886397,-0.575230084180749,-0.2300286825963528,0.22953149186256708,-0.5595370499381417,-0.24494626453021479,0.0835668542151192,-0.7142805809806617,-0.07115296330213164,0.11909512546720158,-0.7993935567612513,-0.16795245976545317,0.1316279175226501,-0.4990751270933811,-0.16359731153677728,0.11970081928800301,-0.5455934966893893,-0.1428587552945551,-0.0605319148393202,-0.6742633356902601,-0.06700283860535543,-0.034595097802977134,-0.7506722728398908,-0.163167683853771,0.004928297366357781,-0.49976715500314384,-0.10902983267234267,0.006366082803574774,-0.5409754599640633,-0.05639306264986288,-0.18676989075814726,-0.6222737923236222,-0.07561416076231381,-0.17691018704161868,-0.6497330548179366,-0.12000414694460244,-0.12068756291973244,-0.48564798402772313,-0.07296599411735649,-0.10721482142481699,-0.4852299452811737,-0.02766326210396478,A,right
0.0,0.0,0.0,0.22710088654963614,-0.10517096712046367,-0.12369944884906162,0.4531818350222334,-0.3242807844029187,-0.19217377057332635,0.6301130728939617,-0.479498216139986,-0.2453743634850999,0.7831337897840203,-0.5595650176452476,-0.27127192690396823,0.24804250135333072,-0.7139627360895814,-0.1086306179489421,0.294065980510306,-0.8047872608682466,-0.21520166842976976,0.26893951363318247,-0.5582785186666243,-0.2578326796232586,0.24650298442127166,-0.5439439162675186,-0.2818980321842865,0.07712757627951627,-0.7140546172886977,-0.09499907296884641,0.13055685849535675,-0.7933000024957699,-0.19836760141613471,0.14404652690188327,-0.492211070772166,-0.2009347807714073,0.13066260702461324,-0.527552326564279,-0.18849637357798205,-0.067529924103516,-0.6756005919053418,-0.09921084874757688,-0.03349300829956352,-0.7548643857904365,-0.19684622960172993,0.004394727221984001,-0.495883237107896,-0.14278924795829936,0.006764337670507261,-0.527483638677561,-0.09319274171177204,-0.1928857228413081,-0.624309716873523,-0.11511225671378365,-0.18153210984936416,-0.6539184130148603,-0.15699111730122367,-0.12656923067281103,-0.48297899710068126,-0.10584572759263029,-0.11213244794635628,-0.4777243332190073,-0.06070553553027043,A,right
0.0,0.0,0.0,0.22345699768339336,-0.1052355505208751,-0.13068990337854364,0.44082085755338507,-0.32481738766988577,-0.20169712623855707,0.6172982748418172,-0.48790540626302015,-0.25618188094444716,0.7668033293153469,-0.5765314062578603,-0.282177589027254,0.24573194816563446,-0.7115728220817918,-0.10693190429063533,0.28992168261921725,-0.800161264606244,-0.21462185155156094,0.2620741023426684,-0.5629421825598575,-0.25562931264881483,0.23936724095096645,-0.5556258589266858,-0.277296462081162,0.07773176555018477,-0.7136274083144225,-0.0897960576417634,0.1288180306292489,-0.7911786091031269,-0.1980462472006842,0.1397319265701543,-0.49221279871088414,-0.2003782009696998,0.12863521883962575,-0.5345379813119188,-0.1844521883796241,-0.0656472481978513,-0.6788294489879686,-0.09182307765414131,-0.03372885543648024,-0.7496158913015698,-0.19500443316603572,0.003981412865138184,-0.49467762808159793,-0.14159392844582144,0.008952400874193545,-0.5337694976870586,-0.08931408013649428,-0.18886448093000155,-0.6324040820342443,-0.10611120735558043,-0.17684175685159687,-0.6563089304301143,-0.15196475580382351,-0.12326987739149739,-0.4866499595391989,-0.10254169280550574,-0.11026512176365517,-0.48310639615789913,-0.05653991573515078,A,right
0.0,0.0,0.0,0.22774526015717275,-0.0940376025575122,-0.1238414276395447,0.4462132856577373,-0.30386290348797446,-0.19368055929575675,0.623722596734893,-0.4747027394438288,-0.24900944605490066,0.7717248157185308,-0.5728914159848679,-0.27610909853725013,0.2588292170130029,-0.683319083446507,-0.10205454922365746,0.29132114144020516,-0.8024375097084238,-0.2092931979583504,0.2685687913638022,-0.5525054268423798,-0.2475923339771877,0.2528872108972517,-0.535010329154119,-0.26661568938734476,0.09661483948999883,-0.6884679928691431,-0.0879039166413831,0.1359817142548059,-0.7958397176972305,-0.193671660279519,0.14586874632754013,-0.4859429129649071,-0.19076311399537638,0.13625682683035822,-0.5185999704014682,-0.17124577112523556,-0.04598766101565834,-0.662310940552703,-0.09283841091646089,-0.020203589995877146,-0.7631691583049982,-0.1953153801799114,0.012639712598910363,-0.49111015231524213,-0.13319405844407062,0.01838107147038605,-0.5139477692874588,-0.07448637887952195,-0.174819066867204,-0.6231704076629636,-0.10947801651039944,-0.16843075974399824,-0.6647503757073103,-0.1555847095398034,-0.11758812278916124,-0.484710061667087,-0.1014595732725067,-0.10059415223138293,-0.46909394522803266,-0.05150618330116969,A,right
0.0,0.0,0.0,0.2412363564843194,-0.09168649096930022,-0.11822978637239509,0.46053802898755286,-0.28022657981075594,-0.19196029752455043,0.6438923153006523,-0.43972789515275446,-0.2580816373952827,0.7876931105260916,-0.5371086931192376,-0.30175124756241656,0.2819724699709295,-0.650207548691688,-0.10261481321920435,0.2975042331139395,-0.8112634135664978,-0.2186216037541262,0.28204576344081406,-0.5563667591414241,-0.25880642377947416,0.2704281693960638,-0.4478806769033228,-0.2696268892962248,0.12145406296727099,-0.6719197050949077,-0.09452057938433668,0.14027749705856177,-0.8189031410278741,-0.21720172890412767,0.15266798149736566,-0.4957765531647739,-0.2184830410430013,0.14746025710724928,-0.4225383429166443,-0.19248867643597278,-0.02519673973498903,-0.6512805617818378,-0.10512502149824327,-0.016269578558247528,-0.7871097408312542,-0.2273928508593497,0.02295169291873932,-0.4875786041065792,-0.16807375094725385,0.02975954776932653,-0.40445868036906923,-0.09847232586261344,-0.16807797490259904,-0.5990386143834504,-0.12581065570304586,-0.16623463586260154,-0.6847041212533395,-0.19593489650966198,-0.104989255753349,-0.4885051129809665,-0.14844314770165729,-0.07851385104769885,-0.4154186185610178,-0.09346257036089155,A,right
0.0,0.0,0.0,0.2411611438779595,-0.09312173532285328,-0.10574484080323714,0.4703671546801876,-0.2851689917398493,-0.17097346178415013,0.6493752795039028,-0.4406963840049601,-0.23362863142964463,0.7890279626863902,-0.546451325281431,-0.2807593688501459,0.28681777774877154,-0.6456430096534385,-0.08416602397392647,0.30704307192822017,-0.7768062564724956,-0.2177770589608731,0.2901515814170061,-0.5204324098660965,-0.2852865422565923,0.2829157437626565,-0.3609098633550449,-0.3087525608304795,0.12119241139262377,-0.6683100055753435,-0.08336836923069062,0.14934071500293564,-0.8239460108195644,-0.22971901502800676,0.16052203183504435,-0.49888490636359345,-0.25461188025916287,0.16303291799589245,-0.3235666718354747,-0.23622778100578093,-0.024578912242482903,-0.6480894657753578,-0.10167204877024744,-0.007497820357169292,-0.7890409142718237,-0.24014887349577757,0.03190041069922504,-0.48338940002916897,-0.20275260506754791,0.0502008369726623,-0.3209858635076976,-0.13871422864007046,-0.1612983892125179,-0.5893717317992638,-0.12898715762618726,-0.14906389535730918,-0.6826204418426014,-0.21722190318651563,-0.08837440545705211,-0.47238202790775596,-0.1867604915024108,-0.050249528376127534,-0.3492016301231473,-0.13754013258239695,A,right
0.0,0.0,0.0,0.2382445649006669,-0.09134845664405476,-0.10863019578151832,0.46874921189669444,-0.2833652478686315,-0.1732887474654617,0.6441522934682816,-0.44315882405987467,-0.23586711506698146,0.7810807475244083,-0.5555175890438644,-0.28515447411815903,0.29076743696601254,-0.6611321481821382,-0.07914954729394937,0.3047658714161811,-0.7629623645804738,-0.21481655036776742,0.28327616128044997,-0.5122885466825112,-0.29165436550756046,0.27558956467927764,-0.33561751227748443,-0.32085917015397386,0.12249430371729024,-0.6828691940425273,-0.07547380690257355,0.14482180339907308,-0.7998252679185497,-0.2255418488473017,0.15463431138732678,-0.4820358518563238,-0.2596135085155252,0.1616827671208194,-0.28370183349327327,-0.24641624093973147,-0.025335376457451392,-0.6610220760273547,-0.09172707720079062,-0.012635515803662893,-0.7684176320261483,-0.23070880971990382,0.025899292110963364,-0.4685672008929762,-0.20436639144724106,0.05120053640172376,-0.2854708269363204,-0.1471644831397746,-0.16294394251446148,-0.5992086404940636,-0.11783853175698096,-0.15033251520164512,-0.6636079551057529,-0.21073779727614425,-0.09208246153971349,-0.45174347226216555,-0.19097615056299638,-0.04694552904741514,-0.31904136433903524,-0.14804152876031595,A,right
0.0,0.0,0.0,0.2347622624780973,-0.09855537629355204,-0.10789175439629627,0.4636730075912056,-0.3013793692452792,-0.17090690087567278,0.6391545218872874,-0.4617375336684914,-0.22951117469675134,0.7750079975969055,-0.5693734498574949,-0.2741832931785043,0.2915246882706311,-0.6995092402959908,-0.08090325193095066,0.31099725792824273,-0.7669022661049689,-0.20961138891220543,0.2800783266868613,-0.5269127935838154,-0.2856751544415295,0.2599461329047687,-0.35508693202563724,-0.31693010041012987,0.12134594742809192,-0.7278497216854287,-0.07644776352366699,0.147457833515314,-0.8073023445421024,-0.22045108137119615,0.15096882475078918,-0.5008373557298867,-0.2570979817810094,0.15460960725604098,-0.3061084264944981,-0.24674561270729434,-0.02663840546617246,-0.7020141471494931,-0.09026662930859426,-0.012013935735476431,-0.7645780649047795,-0.21963398633192094,0.02447114987364556,-0.48172603574593714,-0.1980046470202964,0.050134827752784904,-0.31372780439894066,-0.14687313990360848,-0.16254061351431817,-0.6326410367198452,-0.11432318052852718,-0.1481605328245962,-0.6556744613822049,-0.19905172556266418,-0.08967105881591968,-0.45602962719166734,-0.18099247453883371,-0.04127936175915642,-0.3424139378810525,-0.14102765346857407,A,right
0.0,0.0,0.0,0.23468990670428735,-0.10610773821350095,-0.10682991101132748,0.45977575660585124,-0.31320581578574275,-0.16887236238011438,0.6335827499231298,-0.47564946998333535,-0.22618189741710062,0.7685893763443672,-0.5806760187386196,-0.268487861610992,0.27940579888197775,-0.708095281370296,-0.08210731169682874,0.3101158387509752,-0.7770857040088207,-0.20628365129561932,0.2827270502714948,-0.5335459030210121,-0.27566194450136555,0.26133574547771865,-0.3620831943299542,-0.3029472766292707,0.11413312772552082,-0.7351497828159146,-0.07768818775614363,0.1480739904693251,-0.8079114213890531,-0.2179773045639311,0.15446311593818543,-0.500010476240574,-0.25127252303957137,0.15736070045949732,-0.3117913879740311,-0.2395586625072677,-0.032224656989602966,-0.7066677853878591,-0.09091557135309324,-0.010561743980814088,-0.762963448179408,-0.21782649626040682,0.028428756732507995,-0.47900524715723775,-0.19429160812908,0.0524932284490913,-0.3156232660344809,-0.14294473857292572,-0.16904291907842448,-0.6351482683753875,-0.11417388012112989,-0.1496414449468755,-0.649329008302182,-0.19718407025013843,-0.0874211414212578,-0.45110680001947095,-0.17823135064787837,-0.03920701287521521,-0.3426606659233478,-0.13825019990916554,A,right
0.0,0.0,0.0,0.2274465498620509,-0.11761308715704301,-0.1056857094294802,0.4423742726155286,-0.346909224315566,-0.16075904443132938,0.5935108731817366,-0.5392779764501457,-0.209468872367825,0.7153443320684012,-0.6548442132903126,-0.24384737623727815,0.2604611704252953,-0.7214673730667986,-0.07764273219495742,0.28517985956666647,-0.7686630042220216,-0.19557724922961015,0.2612980199440829,-0.5321415666847942,-0.26252710370042404,0.2454789612082609,-0.36711271199110174,-0.28913956910555283,0.09851753776524041,-0.7410809646489308,-0.06979421160204945,0.1274349083800911,-0.7846499061035532,-0.20339435838794157,0.13714283603997904,-0.4946643533860661,-0.23758681901494041,0.144859519312373,-0.3157798419425252,-0.22818438875360517,-0.04460202863625101,-0.7048251099551439,-0.07909160679801708,-0.027681183762074298,-0.7317915406220954,-0.20163991244227417,0.013786642298487603,-0.46722310329375166,-0.18337610549985844,0.04185596333501559,-0.3149862151887042,-0.13673026318259116,-0.1788707874269275,-0.6285503383110804,-0.09809588457789489,-0.15893263073925237,-0.630354573253801,-0.17847676959774836,-0.09572761870976881,-0.44429894763508126,-0.16316433609015935,-0.046010948801576385,-0.34469634494713014,-0.12644151975925724,A,right
0.0,0.0,0.0,0.22264484635666973,-0.12811979984509422,-0.09946572434167025,0.4204349660871815,-0.37241069186628145,-0.14707242293942252,0.5415009608170033,-0.5880016529107039,-0.18885178880672135,0.6298340791014531,-0.7460430242496504,-0.21616854250991313,0.24173621738901882,-0.7335389525301778,-0.06766054143919895,0.2787522538643657,-0.783543049467899,-0.18297934527794443,0.25895723457514497,-0.5501503649428431,-0.24624691913873778,0.2395672100086507,-0.3903871645549983,-0.2696569173131659,0.08151653582062779,-0.7489397389793293,-0.06162546847015491,0.1221608438297547,-0.788869171155113,-0.18930873111987273,0.1333104688418755,-0.5025394259300484,-0.21795825829797738,0.13953439566194537,-0.32837934482356484,-0.20529335154554873,-0.06213805961850431,-0.7050752016441911,-0.07302731798032419,-0.026393385784619222,-0.7290368547590061,-0.19458454925464505,0.017373952817064643,-0.4614840282281104,-0.17132532139283593,0.04288910153067849,-0.30576909093105925,-0.1213012554083901,-0.19720492240541576,-0.6181144941894477,-0.09332921222412947,-0.16042707094521688,-0.6244555887896964,-0.17521948599655643,-0.09553825509116476,-0.44022220626984687,-0.15606325566084,-0.05252156017358373,-0.33911595541547945,-0.11570398774938645,A,right
0.0,0.0,0.0,0.21404968167415164,-0.11665305469690683,-0.09877324164927587,0.3881525484377741,-0.4011774985770501,-0.13308601017122956,0.44564550701475736,-0.6488269410087147,-0.15769706389641167,0.5254100088321628,-0.8337425257380534,-0.16975783750660234,0.22741092537179525,-0.7186668108831148,-0.05350213568945265,0.279079728116948,-0.7537060607187444,-0.1505197509478934,0.2591016477544342,-0.5377873719084869,-0.20299135915845906,0.23341966103996928,-0.3753165395149408,-0.22049532983698905,0.07552251449836725,-0.7334503317838404,-0.03826365129048231,0.1321380568575253,-0.749957376641647,-0.14159964803511493,0.1335812842614414,-0.4880892120321102,-0.16346041352266197,0.12854544788255123,-0.3194584754208784,-0.15118072394306964,-0.0630037180959673,-0.6860081736455911,-0.04023218648338447,-0.013996058147447714,-0.715631757624758,-0.14696593683831116,0.02005533909570061,-0.4515749590232699,-0.12223456548668554,0.03765872587595738,-0.29123364834497273,-0.07506956915965445,-0.1921525940679655,-0.5918131890701371,-0.05004931478779377,-0.14114890178794923,-0.6190077958611687,-0.12927789255505634,-0.08592604155262838,-0.4326294353992548,-0.10937282636831133,-0.0538597731907286,-0.32558512411530727,-0.06947042841470814,A,right
0.0,0.0,0.0,0.21014384240556258,-0.11474694872454787,-0.09669501540869296,0.3683668762008709,-0.40841958188873656,-0.1267993254371697,0.3977168646472691,-0.6748735274492044,-0.1458896974510985,0.44343585345165015,-0.8831958063312499,-0.15274099499643165,0.21767860941594228,-0.7055088353874952,-0.060065929796576614,0.25742794386504647,-0.7682576394139802,-0.15727867422988615,0.24248494551641295,-0.5544103886815572,-0.20399489773971424,0.22262937653305753,-0.39237375835297833,-0.2162717266017866,0.06791114507488152,-0.7167531410243786,-0.04465647851995102,0.11845538704085919,-0.7625912777038796,-0.15011264867273424,0.12218119453949337,-0.49745990499467563,-0.16752146181093072,0.12031546142111012,-0.3237043423683634,-0.1504425452464911,-0.07195502081270427,-0.6739585409306392,-0.045952560420913086,-0.02513949430801214,-0.719603573171374,-0.1579331721345989,0.012126361443261758,-0.4464576196143192,-0.13068805743786416,0.03287663980020813,-0.28032807115077063,-0.07999827980054541,-0.2050407609203852,-0.5844220565215132,-0.05406153216455485,-0.1548667733341499,-0.6108451412625443,-0.141570076119702,-0.09685323281424028,-0.41430781328977595,-0.12372248481969186,-0.061315021252203554,-0.30372082302834896,-0.08326471761805107,A,right
0.0,0.0,0.0,0.21120442947206466,-0.13020891772773371,-0.08730008020483557,0.3537990777644471,-0.4311067914255915,-0.11369066772209517,0.37194525270972184,-0.6964339922599887,-0.13047208093410848,0.408419682884835,-0.9026607169239911,-0.1356355143556334,0.19694411039996226,-0.7323011981324976,-0.057697593897235014,0.2562030960795949,-0.7838394102513888,-0.1476472961516697,0.24313602773422022,-0.5661889274036513,-0.1901190352478787,0.22161337877180692,-0.3995907664975356,-0.2010357646982845,0.04933584746059844,-0.7451910901801213,-0.044296599643364847,0.126095580143699,-0.7642185590135838,-0.14259748494073368,0.1266467249842027,-0.49519082554959926,-0.15658472313427135,0.12131340203565469,-0.313565346214555,-0.13829346532107267,-0.09061808302968062,-0.7005431377262641,-0.045879153758705354,-0.019708332034819514,-0.7035412928897675,-0.15232138880842983,0.016760640477550447,-0.43235366962101346,-0.12863690228842015,0.0371903331532129,-0.26192778881442486,-0.08131736459933574,-0.2245589347219156,-0.608212376850512,-0.05364786477924834,-0.1545409183613597,-0.5942542857398855,-0.1403584194779067,-0.08957622312165615,-0.39471161600509724,-0.12766132529892926,-0.04904247831401001,-0.2794057560081819,-0.0907405631143647,A,right
0.0,0.0,0.0,0.21286441288761676,-0.140532532607494,-0.07711911697378986,0.34935937550694085,-0.46023789021532135,-0.09719376924638495,0.3579903299173379,-0.7163119438032006,-0.1105764045437043,0.3834444097286217,-0.9168329000241878,-0.11130057538533376,0.1817862137447803,-0.7599287894415071,-0.042616890393948,0.25686641654487113,-0.8126321981904812,-0.1293942477426889,0.24601535395811575,-0.5921708811279727,-0.16763365503801467,0.2255387391069985,-0.4171442859313548,-0.17430084850851854,0.03286764644842804,-0.7680285457147326,-0.03336996651001879,0.1269137528426182,-0.7894339491951439,-0.1303802775505575,0.12594998752212633,-0.5155673688313802,-0.14060631826925055,0.11932298202115922,-0.3229780818462984,-0.11783055579356776,-0.10980965354798641,-0.7208209531741497,-0.039515918182284955,-0.01605123458305558,-0.7253217571128038,-0.14458815969641547,0.019457152050803363,-0.4521877809516397,-0.12013341243929707,0.038363214007355755,-0.2717566238997319,-0.07101775125844595,-0.2461633832720475,-0.6265312531888928,-0.0514246604738731,-0.15218814197495237,-0.6180165838442551,-0.1363425601524582,-0.08652147633001984,-0.4157402452941745,-0.12331700620550079,-0.049155761087036225,-0.2926256076042382,-0.0855706759764752,A,right
0.0,0.0,0.0,0.20537605784455437,-0.1483401512777101,-0.07680266040178774,0.3371357434091689,-0.4698673344896298,-0.09657531035167248,0.341725110206805,-0.7271772999162587,-0.11013697129686853,0.3494752739868732,-0.9303376185405422,-0.11108081922686926,0.1617939898767,-0.7637696099176637,-0.03746614071195425,0.24377507859316022,-0.825987385432435,-0.12591568649729248,0.2429307630289958,-0.6062729438753174,-0.16624868181611163,0.22854693170831364,-0.4330753074992133,-0.17368306888199073,0.017081146862538737,-0.7653171851363495,-0.028760012269790188,0.11763052917387275,-0.7960837009125727,-0.1242337988682239,0.12409923872946255,-0.5219812650971974,-0.1334969787483041,0.12063798256002219,-0.33602749506896584,-0.1108823015497388,-0.12299191617386933,-0.7141658180362926,-0.03596763733772931,-0.020892938750155413,-0.7385380236746615,-0.14250627271941824,0.01696037405207463,-0.45955241069138514,-0.11413621352741633,0.03370403034321192,-0.28000002042893757,-0.06191559676384553,-0.25938549035962905,-0.6177688321867553,-0.04890948548664456,-0.15660185313582767,-0.6300189824684924,-0.13428323288904068,-0.0903791333989345,-0.4231820365096273,-0.11628430734949163,-0.05789629711832481,-0.29695399815098067,-0.07450741942814784,A,right
0.0,0.0,0.0,0.1918861465799392,-0.16513219113635305,-0.071836266965323,0.29969219944981323,-0.495899447742578,-0.09106723219123351,0.28320280159744676,-0.7506203139377083,-0.10571744651607934,0.27268237021487607,-0.9560833849650261,-0.10746574322924965,0.10744182305484319,-0.7805089152946777,-0.02859173785720399,0.2070087227792735,-0.8378050210254597,-0.12239468636107109,0.21960737150420104,-0.6196539715434563,-0.1660832698657404,0.21371041486431527,-0.44623416566996643,-0.17375938762160448,-0.0348469559366176,-0.7744095803176514,-0.023862330703672066,0.09243528165252032,-0.8076255647986283,-0.12484806510549344,0.10805800195485556,-0.5278515914528705,-0.1351683684581082,0.10729080717932092,-0.3404904606775639,-0.10960932612959211,-0.16795729716476757,-0.7131741785480338,-0.03552558485597238,-0.036317952947849015,-0.7372839910547211,-0.14955701390138204,0.005125581198870553,-0.45571728009513607,-0.12390360798059045,0.021740228376246472,-0.2798071627104913,-0.06908046719870803,-0.29380394541970334,-0.6056069355287738,-0.0520915331462294,-0.1681216229140647,-0.6195520144975528,-0.1395502924546982,-0.09275855800978243,-0.41450359723014363,-0.12161445900079858,-0.056259897929528783,-0.29016941136243013,-0.0776372229411188,A,right
0.0,0.0,0.0,0.1826573632821939,-0.2072683269727441,-0.062296878592468234,0.2553659192882394,-0.54870108472007,-0.07862372225371657,0.2147599199402321,-0.7871305299606648,-0.09337145139758886,0.2038820170579246,-0.9744100732294073,-0.09464212756195324,0.02486565400662554,-0.8209289197985682,-0.0072929436370834586,0.1558350517862625,-0.8698342121700295,-0.09693761258971156,0.18110917791446335,-0.6464276078356043,-0.14145513423517092,0.18071090031707288,-0.47763419268487356,-0.15301387798319113,-0.10772812888930992,-0.7962230088022626,-0.00840495536962677,0.0636978061464719,-0.8214249957127149,-0.10655264719005474,0.0902685375201471,-0.5349760585791933,-0.11770609380602329,0.08877374381297781,-0.3516530274254389,-0.09446669319184454,-0.22428454293413946,-0.716408437468025,-0.026327719259167326,-0.04916646225799315,-0.7512839910986104,-0.140977622290382,-0.0023796438487036645,-0.46678220808439186,-0.11537364282881085,0.01241105564657906,-0.29003421305849086,-0.06127067662142615,-0.3331924720121619,-0.5882170475287549,-0.049147762073403885,-0.16668703638674418,-0.618883817767914,-0.13388068916011295,-0.09064452539516736,-0.41386951737129096,-0.11452431153266197,-0.062164826170745875,-0.28760255985759,-0.0709078551538043,A,right
0.0,0.0,0.0,0.19293566055303665,-0.20439662989716942,-0.06345075822820084,0.27604161640869607,-0.5500138887197151,-0.07685045224247458,0.22907828340606284,-0.789360096822806,-0.08746686174031798,0.21536642723791163,-0.9728638664386494,-0.08457658894055192,0.04180481205394972,-0.813758328465432,-0.008468451762797667,0.15548474986907126,-0.8742021634734886,-0.0908680488810667,0.18262868507835403,-0.6499677385277179,-0.12831651346770956,0.1845032959647927,-0.4820939992784259,-0.1359093731158828,-0.09265013947348635,-0.7909936342418561,-0.006796057464051271,0.06083347498954491,-0.8316820279524101,-0.10095027085918903,0.08909061770050508,-0.5461991484198838,-0.11056512553713282,0.0863608815629338,-0.36305889815425285,-0.08673711660405263,-0.21190349105499637,-0.7164012685919625,-0.021079049560454876,-0.05386204338311722,-0.7663538952343121,-0.1322994107550975,-0.003845894142449275,-0.4833490044927429,-0.10623032650588461,0.009541580232649999,-0.30581826826795455,-0.05328506521284153,-0.32516471775415334,-0.5923508327038399,-0.03992573993996837,-0.1685330899351157,-0.6343055997439838,-0.12544633554727835,-0.08757319126034831,-0.42777575603279555,-0.10672252901590773,-0.05699677947472097,-0.30142444832525656,-0.06403785412792494,A,right
0.0,0.0,0.0,0.2034923737225787,-0.14712672362869572,-0.08201115058180208,0.3252206517433192,-0.4805693301294312,-0.10118173218973524,0.3141492290288827,-0.7418851354451573,-0.1124218838862464,0.3221088166672139,-0.9402716672111927,-0.11015943929201617,0.16065657993021162,-0.7291938809520214,-0.05307897405021822,0.20692562529495448,-0.8431623662441688,-0.14608130800550356,0.20809503781870273,-0.621362840301081,-0.17836818009764474,0.20118407988714965,-0.4534438579927157,-0.17943203347197847,0.010938729369681807,-0.7136938388256366,-0.04378165380622572,0.08167669591344728,-0.8374958907121892,-0.1523382982785762,0.0961921064506569,-0.5515148921398642,-0.15696049522088212,0.09920429570276183,-0.36262943871374115,-0.1266549121656907,-0.13416093985782157,-0.6602610303832658,-0.050586937257549466,-0.05977659039590177,-0.7697592094162189,-0.1731401294158754,-0.00895638138615964,-0.47748165161671996,-0.1406361103686762,0.01336059260384526,-0.29688902897602704,-0.08120369333573188,-0.27760563286196555,-0.5651958108395488,-0.06165657234435632,-0.19006467955375003,-0.6366897603898086,-0.1589629002815626,-0.11230243731056576,-0.4270664005516527,-0.14019123747745577,-0.07352947552403125,-0.30313886873858115,-0.09645345186703838,A,right
0.0,0.0,0.0,0.2041411349572005,-0.1386926615464885,-0.0803568577653067,0.3450447986871422,-0.4478229170151986,-0.10126282324050612,0.3594944668001619,-0.7139348742777943,-0.11614436119076597,0.402508480425859,-0.9077103397004115,-0.11852789708009445,0.199694057860445,-0.6749181361491255,-0.04210400478417237,0.2260118550410226,-0.8246204237980903,-0.13801513086463926,0.22194848592385447,-0.6148352269260918,-0.17633930425730202,0.21339090932534133,-0.44654039927697503,-0.1812269592042753,0.054489468832424344,-0.6688848915130958,-0.0360720321329541,0.09431861101464867,-0.8306096324687207,-0.1482447649709756,0.10779647281377557,-0.558754115812749,-0.16203571851688736,0.11130363991752208,-0.3737274462257843,-0.13746293572734855,-0.0865648693088566,-0.6248967705951337,-0.046290724194509664,-0.050498064797449255,-0.7775541492266771,-0.17013767164367122,-0.0038271617856480145,-0.49209754941254236,-0.13968713878241135,0.01899354498957174,-0.3180018759429897,-0.08119117566245448,-0.23144843218191236,-0.5382781853428982,-0.06065625782679008,-0.18448879605643903,-0.6405312838816806,-0.15860579287677362,-0.11287076487716413,-0.43672394947661486,-0.13913824634252558,-0.07194461141996583,-0.31535432262146995,-0.09516774972873342,A,right
0.0,0.0,0.0,0.20380116835164414,-0.11587239159264229,-0.09349131498531338,0.3511851063985476,-0.4209087771385837,-0.11990671947672348,0.38064483927230186,-0.6915461505772345,-0.13656387969214245,0.44053108972566457,-0.8865587349100584,-0.1412301969827824,0.21659356886427952,-0.6579669047605999,-0.06095211955009877,0.23158689949475325,-0.7920811195095407,-0.157425882728274,0.21115793388034948,-0.5808270466757259,-0.19813780713648346,0.1967504289226682,-0.4149370719495939,-0.20564811024558682,0.06817510673978938,-0.6572872630552753,-0.04622250132856331,0.08588610499636148,-0.7902771091395641,-0.15724668061820965,0.09257814047347537,-0.526779495454688,-0.17175461443978962,0.09983846731698194,-0.34745606897126224,-0.14995942475178675,-0.07122292887015017,-0.6144451077518266,-0.04809521114848088,-0.06098574138414856,-0.7470665835358534,-0.16459720798021507,-0.016230548292724477,-0.47915399635196754,-0.13475706870378237,0.014027520052752826,-0.30900423423175705,-0.08024059655256723,-0.20776924183625975,-0.5319326332799551,-0.05575639640215729,-0.18539951324854761,-0.6255089553583509,-0.14499387215850065,-0.11935272661419749,-0.4399744878968717,-0.1264749376481223,-0.07444684339384201,-0.3279304948011135,-0.08587088856406144,A,right
0.0,0.0,0.0,0.1942303026100421,-0.11164133040539187,-0.10660654842655935,0.3400271240882827,-0.4146185386456472,-0.13954132867406127,0.3774064571241874,-0.6886321729382676,-0.159289367788608,0.43236768785061475,-0.8864295391248489,-0.1652297027462711,0.21173562206588825,-0.6551979994307578,-0.07592238451411604,0.22064790454673738,-0.7809196986443248,-0.17843399911257898,0.1979615661964188,-0.5657860808881325,-0.22037691178030083,0.18023116194832647,-0.4084899549156439,-0.22878348002731214,0.06280359756795517,-0.6544324350486087,-0.056445597821793855,0.06681930497668304,-0.786479540039369,-0.1749192107161627,0.07484556129825448,-0.5141300655809639,-0.187609183246347,0.08143063558658019,-0.3434924708445687,-0.1628274239076572,-0.07347078581765981,-0.6120666528644018,-0.05498428130725333,-0.08346518995626061,-0.7293230423672611,-0.17640576571672859,-0.03423969806904408,-0.4610843805445206,-0.14234178345467202,-0.0017935581605517538,-0.3043839518643581,-0.08400939393114143,-0.20346618988903986,-0.5316034895481735,-0.060647565075751586,-0.20276063843084013,-0.607703945788867,-0.14988969826528453,-0.13729685539377529,-0.4244288353395895,-0.1293866024793952,-0.09060447560522346,-0.32710371145561706,-0.08758609336002793,A,right
0.0,0.0,0.0,0.19303609507941402,-0.10751900381098888,-0.11376142669804011,0.3363403391130783,-0.4120316848928291,-0.15087004593335246,0.3767032587208906,-0.6846868989504075,-0.1731214246781208,0.4493099699025515,-0.874716353785243,-0.18163659148645664,0.2044211665278586,-0.6677260728915864,-0.08191343718008967,0.20002444526507723,-0.7644646017714578,-0.18755791999948654,0.18321469819678074,-0.5439216797342892,-0.23529142875703443,0.17037873538436502,-0.3920478061085646,-0.24776419529150936,0.054872534635594904,-0.6665802151997563,-0.05669049197797552,0.041280335204870316,-0.7480216105255633,-0.17563286740976897,0.06314000624660579,-0.48212756705740406,-0.19133577149769285,0.08113362624018843,-0.32699890208752974,-0.17049367426957499,-0.072152983238437,-0.619611833154319,-0.05035940378643167,-0.09818773691247193,-0.6976054852776041,-0.16893026272429035,-0.04165459587963344,-0.4412514417979348,-0.14040679129211237,0.0004751202793938199,-0.2952608113129769,-0.08797370190266256,-0.18430423442649785,-0.5336022271823356,-0.05217447337164323,-0.20146467553036698,-0.5801452173626233,-0.14039000181515932,-0.13423992543502525,-0.40184991481924137,-0.12724842668544378,-0.07709503372653384,-0.30940542398853554,-0.0910391535370066,A,right
0.0,0.0,0.0,0.1852574320959097,-0.10627163218936692,-0.12141942254420958,0.31193925815072926,-0.41400186724556265,-0.16246335616835791,0.34485596656423534,-0.698962084130136,-0.18758405311448786,0.4168756427174155,-0.887575233502764,-0.1960227113919602,0.18576431625985385,-0.6754915320900555,-0.08767842978694133,0.17142384547620698,-0.7735071048557055,-0.20503989383139726,0.15465142539805443,-0.5453610784709494,-0.2545040734221147,0.1435136920887764,-0.4003654638312434,-0.267040155058326,0.03446091757780176,-0.6600935745658019,-0.06435550100438733,0.007404277861178724,-0.7639581998197418,-0.20192357123858656,0.03943421612510563,-0.48624159043328175,-0.2187169325057156,0.06278913261712395,-0.33717178000672876,-0.19307800608647727,-0.09319975750219592,-0.6032845803907927,-0.061754597539018054,-0.13522305978400315,-0.6863641142654606,-0.20062154545251215,-0.06313860278154908,-0.42426668727141637,-0.16992207419244248,-0.013355940443345272,-0.2887324715579062,-0.11011899230519101,-0.20542256728341396,-0.5101841766189269,-0.06738982126145607,-0.2303482288384145,-0.5617572153486672,-0.16717269873649473,-0.15382216124301787,-0.38559175812726537,-0.15273046659202325,-0.09213160097464985,-0.30138101898404673,-0.11274022639137185,A,right
0.0,0.0,0.0,0.18635992259907955,-0.09754580965137717,-0.1221894115882909,0.31291910420867375,-0.40414375283110343,-0.16349949519751583,0.35364867495058994,-0.6883913729904405,-0.19006048546893045,0.43437050510509867,-0.8782470549589956,-0.20001093657745977,0.19978617706478186,-0.6563557091793314,-0.0798672363945824,0.18898768100806346,-0.7780573304015388,-0.2015671118935867,0.16039047576952686,-0.5477182588925762,-0.2560447320783162,0.14355444735957013,-0.399618016771779,-0.27182059305596973,0.05372891030978542,-0.6484136270413406,-0.056523913497877366,0.02278141396196299,-0.777373417664311,-0.1986072210877399,0.04085341439973849,-0.49875654212201537,-0.21783139883958375,0.06153886516220555,-0.34351875665080506,-0.19208085200775735,-0.07188333626664221,-0.5984085154731734,-0.055253206712796245,-0.12006153138779654,-0.7001764422659966,-0.1983144701525477,-0.06067332875211844,-0.4354637385886612,-0.16727082210908598,-0.01210094248572315,-0.29691698381194737,-0.10506010168020768,-0.1805635738868075,-0.513070719330645,-0.06258909502596535,-0.21403682364076407,-0.5730438419289731,-0.16480011032865066,-0.1483857192093097,-0.38940615217104707,-0.15015251710315586,-0.09051211971661723,-0.30024029311284656,-0.10923766865010709,A,right
0.0,0.0,0.0,0.1782060902087461,-0.09981771461540458,-0.1260417731317748,0.3003142932116378,-0.40759351514000364,-0.16939705727696866,0.3431718714481452,-0.6908276585576363,-0.19797062629849882,0.4243945887507695,-0.8809429468272494,-0.20935318835496,0.17411906762179025,-0.6750232168633202,-0.0768746501403999,0.1563670041107497,-0.790198851279858,-0.19859444061671117,0.1445300496628345,-0.5525728362150677,-0.2543070858351359,0.1371141156280721,-0.39952848839629335,-0.27011888249290184,0.031234742584353443,-0.6648590010654365,-0.049733387216638496,-0.009989415124490262,-0.7754529056805424,-0.1913357447024315,0.019794681210828304,-0.4937995295008293,-0.21292149698926327,0.046348092666283376,-0.34059350996210946,-0.18901580363779674,-0.08865879156440372,-0.6126262502594698,-0.04543124054102006,-0.1466465606870021,-0.7016768482880272,-0.1878453333796198,-0.08089181268535488,-0.4396223188250418,-0.1599320441726588,-0.027635140986400002,-0.30187107089587495,-0.09960326579573041,-0.190105390001045,-0.5282439231443391,-0.050278071235911756,-0.232911827183284,-0.5819139850319641,-0.15102540683325003,-0.16487243506776392,-0.40116266504169495,-0.13877275088221602,-0.10264050834469125,-0.31294200933738164,-0.09933377856016648,A,right
0.0,0.0,0.0,0.1792949424065506,-0.09598360211983463,-0.13078555928977484,0.3056349957380635,-0.4001413209379934,-0.17682440746184266,0.3505835302647101,-0.6837693194114473,-0.2075524364770481,0.4379773526262465,-0.8714726084949523,-0.22070643676501156,0.19064092909431615,-0.6775762767711331,-0.0787921857316061,0.1732623433971365,-0.790847374448843,-0.20771220083770728,0.15285047643922736,-0.5501821318797948,-0.26706173996055765,0.14177239393447194,-0.39757897773527845,-0.28376411213292346,0.04593401979214127,-0.6708828836713735,-0.051368063486542895,0.004170107935896201,-0.7851429308928066,-0.199750321508339,0.025389423429160667,-0.49687476947675524,-0.2218054111060042,0.048428232189694206,-0.34110614808263057,-0.1953914783360093,-0.07513129633772729,-0.6187706293301697,-0.0480312715458632,-0.135458509118302,-0.7058597310616392,-0.1975432536233696,-0.07570874396951459,-0.43615093080252026,-0.16897477753978274,-0.0236483858747153,-0.2975782393377978,-0.10535048040954782,-0.17752904356128837,-0.5321293025414999,-0.05401928920027938,-0.22401768750512277,-0.5853929199410257,-0.1586450810229366,-0.16049348933576216,-0.39885125089648016,-0.14537874641888465,-0.09878851272557426,-0.31001173768124085,-0.10340948267793815,A,right
0.0,0.0,0.0,0.17020889238684533,-0.08400089690164331,-0.14351197875768457,0.29182644063800733,-0.3856037162271053,-0.19876468687238247,0.34198708728618993,-0.6756533671777512,-0.23479417903357505,0.4323919060165792,-0.865475749814352,-0.25296040420317734,0.17232082262277681,-0.6765792913062206,-0.09544203442336997,0.14838769824248615,-0.7595959524487282,-0.2244864045054117,0.13419678610400018,-0.5216109204098547,-0.2837711063049099,0.12174567242234924,-0.3737357861089001,-0.3003769068573393,0.029947763950332378,-0.6699896735002316,-0.059676508320375285,-0.013349866069879117,-0.7553017413820822,-0.20454638257528146,0.01686302411815403,-0.46891886297157026,-0.2255109607058213,0.04103854194356736,-0.3290438557249711,-0.20096743057925648,-0.08783527334445371,-0.6177891286304702,-0.048012273775903384,-0.1460097674306778,-0.6892413222586553,-0.192360630530071,-0.08220621691006356,-0.42682956831070223,-0.16340559350769973,-0.030935362548606883,-0.29680942841705665,-0.10276232991743123,-0.18620141196553688,-0.5344987996388494,-0.04678256337028408,-0.2333675176174259,-0.5746823733597753,-0.14642416382346957,-0.16701271555579106,-0.3974608852600664,-0.13421056747019006,-0.10397367288498519,-0.3161875871838809,-0.09499262460086451,A,right
0.0,0.0,0.0,0.15387490553606367,-0.0830650994421625,-0.16774846166356433,0.2554435184887795,-0.39326364905267974,-0.23008118816320114,0.2898031290645453,-0.6852562353200001,-0.2668201166831915,0.3803099828603542,-0.879950583566156,-0.2846950779664774,0.15211413925332043,-0.6875598989840526,-0.11069905907015032,0.08439544137347105,-0.7526532483337292,-0.24116513190854363,0.07485903518070205,-0.5153276215387902,-0.29983776800372725,0.0788475274979619,-0.3702036777586534,-0.31491152080749135,0.011932675096001018,-0.6739941314951778,-0.05965624630202597,-0.07209547883136505,-0.7417971674798235,-0.2082820548682698,-0.03300513394569342,-0.46387564395533143,-0.23237815144817697,0.008727227079794554,-0.336547573650722,-0.20862385753922985,-0.10205090690536121,-0.6186207987261034,-0.03435100423088203,-0.18836252335389186,-0.6710576986986181,-0.18336767866052286,-0.1216088134019647,-0.42186380045134064,-0.1593722711104723,-0.05728310748203085,-0.30685229362804217,-0.10045787133740919,-0.1950743697460285,-0.5368753072746391,-0.02099707372677179,-0.2634839400456025,-0.5736575215768737,-0.12235300173008247,-0.19685400376288822,-0.4045058184163683,-0.11316106502581647,-0.12615273714298575,-0.3333523262116174,-0.07502583250935325,A,right
0.0,0.0,0.0,0.15277776702187648,-0.09817391805196048,-0.1691662316144963,0.24910042115416783,-0.3983439134080269,-0.23294680063556356,0.2687194288956632,-0.6864059293858202,-0.2706568374774838,0.3200664526179419,-0.9029899526587719,-0.28664718960051844,0.15326400673756876,-0.7284635041850701,-0.12505544462601495,0.028014993759092142,-0.7993198590646445,-0.2643069473604313,0.028180434610305255,-0.5494742681726743,-0.3229995585947191,0.053522378861675074,-0.39141028184642657,-0.33558287176192547,0.012935595178744692,-0.7100676064182151,-0.07554792151246706,-0.12361751377161298,-0.7666678573016505,-0.24135564741584797,-0.06572823721784253,-0.47991462112568034,-0.2701083859657508,-0.005534243399722232,-0.3440431668931319,-0.24610728768450518,-0.10158198586880374,-0.6527460553725254,-0.050927911887644006,-0.22779535027664635,-0.7027980860305821,-0.21351931537201177,-0.14898030960622027,-0.4447504837177111,-0.18746654819305725,-0.07203817323214565,-0.32324961141690467,-0.12365440171267107,-0.195859195712527,-0.5641216137174532,-0.03862413168437327,-0.28842647284467593,-0.5911980118679216,-0.1546715176012937,-0.21703603621221146,-0.41600904549128975,-0.14955897003625565,-0.1384380509205847,-0.3418943563679228,-0.10963656477992419,A,right
0.0,0.0,0.0,0.1605479901607275,-0.08357161204174894,-0.17067412797960485,0.26749887918035237,-0.392347804329838,-0.2340821473117311,0.2936771863428471,-0.6856637977003742,-0.27021088684672084,0.3676280515071905,-0.8848020531953745,-0.2863126654660533,0.1514004186667878,-0.685456795894192,-0.1416397392384058,0.061709597342349466,-0.7531121954363951,-0.27907701142268393,0.059298132319177424,-0.5112288621061478,-0.33360687966545977,0.0678549800288295,-0.35699608357852164,-0.34423500441078725,0.009523739628925745,-0.6661686538450301,-0.09189352437084268,-0.09897350059136314,-0.7288556124681694,-0.25065897320986374,-0.04549189373584811,-0.44590282923953034,-0.2708566244753051,0.006196072949517617,-0.31215461549231655,-0.24370132047182008,-0.10503930287796327,-0.6081057073994258,-0.06679140793661568,-0.20948012934317436,-0.6593623098856091,-0.22409661276035484,-0.13109105003731847,-0.4077569154136628,-0.19601611206376132,-0.06042597410631812,-0.2883594795721872,-0.13390704728741848,-0.19883716195873524,-0.5202995036714775,-0.05379021272927803,-0.2750757813997263,-0.5465873415592025,-0.1655537487949919,-0.19836716714079333,-0.37737403315210066,-0.16008423628234625,-0.12054926439360923,-0.30701601431772274,-0.12325597111743787,A,right
0.0,0.0,0.0,0.16330780502660133,-0.08640392170909562,-0.16359980778606473,0.26232679894570293,-0.39643753971664536,-0.22234741957499324,0.2856082774754061,-0.6908987935249279,-0.2560110418944201,0.3620426083793692,-0.8917410731277549,-0.2715198118274668,0.14878453752258963,-0.6985411246931477,-0.1175645128392244,0.0708306225455574,-0.7478884721348373,-0.2471639758713998,0.06132096737860832,-0.5048738944725132,-0.3034226292918993,0.06579410358385461,-0.3531921030234948,-0.3170586824858677,0.0009650166940252125,-0.687365096062578,-0.0684779786896751,-0.08837382464498916,-0.7373857513457323,-0.21840430793667642,-0.04627819365571621,-0.45285381809576586,-0.23995717109557352,0.0010334026521346808,-0.3161011354275475,-0.2146207078813132,-0.118527490916234,-0.6307946821450624,-0.04401225938807648,-0.20748039236080051,-0.6775344142348553,-0.19703838754461328,-0.13783436954663544,-0.4223985590639523,-0.1725631599902941,-0.06883080075299097,-0.2992187527182458,-0.11205753989128903,-0.21401004926333483,-0.5431890642150471,-0.030797365858729712,-0.2805989726523065,-0.5796395145021781,-0.14058132134916923,-0.21104427581247218,-0.4065957261718767,-0.13478875855591121,-0.1361886320801397,-0.32973772288681363,-0.09707212455684543,A,right
0.0,0.0,0.0,0.1745278117231785,-0.0740153641979247,-0.18144618517848088,0.27196157666028836,-0.38337829406174667,-0.24436249258329631,0.280990029372792,-0.6833549428998729,-0.27703306368080505,0.3296448864904659,-0.8992375743779331,-0.2875865672064312,0.16778703516379181,-0.703693994828026,-0.15003016174595865,0.03558069929496643,-0.7345143317207364,-0.29100305810998023,0.038715411227998604,-0.48440506565660446,-0.3448529547532432,0.06662302165398785,-0.33705135295963023,-0.3540633196253393,0.022058839691463734,-0.6990265038963694,-0.09290931058904948,-0.11185062836847011,-0.7148996639388016,-0.25396273108950157,-0.060128347829460915,-0.4304491396407023,-0.2718857090584309,0.0017774160431302673,-0.3105813849038463,-0.24343667594686466,-0.096923904560856,-0.6509719802231517,-0.06176040505961312,-0.2238606172517709,-0.669435548099048,-0.2190076650531665,-0.15636877432942733,-0.42093014701569936,-0.18707543547138136,-0.07965673974738839,-0.3195732619797939,-0.1232129250097588,-0.19722802418900465,-0.5700402897348291,-0.04427275794522578,-0.29229250066920676,-0.5781986553554898,-0.15487157016255054,-0.22556421579890099,-0.40921135303651834,-0.14776778540701685,-0.1438380545165333,-0.3466832703641641,-0.10901703105480516,A,right
0.0,0.0,0.0,0.15891356866907352,-0.06286346909979924,-0.2136859781872893,0.24394349267966145,-0.3740956401517934,-0.2858883360111553,0.2269149664604298,-0.6873225373170768,-0.3218971395259195,0.19413911982608914,-0.9241661388795579,-0.32897864657390957,0.12059112094569104,-0.7871026007066162,-0.14765267691196934,-0.05510524628512061,-0.7696884822876554,-0.28110920610363627,-0.01176558585718088,-0.511130855936953,-0.33462859889548835,0.05093792363861441,-0.4257324496524169,-0.34796960847203084,-0.021092825270077598,-0.7943958703892195,-0.07388331381626695,-0.178870513291875,-0.7377960174809797,-0.21369018286053973,-0.09877174269957546,-0.4551361847439979,-0.22170609207870995,-0.02386011913852646,-0.41245878765607635,-0.19202861637668114,-0.14474567642404088,-0.7374503241720081,-0.030029190683779235,-0.290554425300545,-0.7071039413821844,-0.17238134320846765,-0.21198069515679652,-0.46210392898759284,-0.12602009719067064,-0.12469029512185235,-0.41223089800631196,-0.05778350617750781,-0.25261076221067663,-0.6442153534551747,-0.004752216679611374,-0.3582899639685419,-0.6359121613023214,-0.10486682291684962,-0.2869914106709859,-0.4668894660162554,-0.08579033869289625,-0.20305717718413735,-0.4180838031709317,-0.039176434587561926,A,right
0.0,0.0,0.0,0.15438324830131414,-0.05027156814653748,-0.22357521205658543,0.22868901765812294,-0.36577015524946616,-0.29951302997464646,0.1832865208394693,-0.7019554670079156,-0.336753027790716,0.09415039369278734,-0.9356606679807012,-0.3401100083228969,0.07023646970949161,-0.8330863959396563,-0.15976424970990913,-0.12044047176438147,-0.7924322938951281,-0.29601348978101044,-0.04735121151865635,-0.5350133115225798,-0.343166175989604,0.020559259546454968,-0.48824655468321115,-0.3549796998008746,-0.08486979966473748,-0.8425908525621367,-0.08559387209880444,-0.2587758947804601,-0.7525637474976995,-0.2256645696494859,-0.14842201822250664,-0.44994464712001414,-0.21996819305936213,-0.06797540159999256,-0.4505713505729208,-0.18204846119363188,-0.21336876577112612,-0.7802911623912587,-0.042802892574224136,-0.38168021279464004,-0.7185568390794511,-0.1900354161425027,-0.277423497152355,-0.44451284448982625,-0.12295818034235564,-0.17790774880603555,-0.41796743687331783,-0.04186353122514931,-0.3226236950228485,-0.6751179119171199,-0.020430766803478342,-0.44363192960699716,-0.6328856704270158,-0.12728586438447542,-0.35562697543791716,-0.4459413162572135,-0.09826066739636569,-0.25814823294327477,-0.415205133786064,-0.04348129387074737,A,right
0.0,0.0,0.0,0.14822343300341703,-0.09809416563085835,-0.21628586724526513,0.21149630546156364,-0.4051048094936646,-0.2978184792959389,0.16555322094783115,-0.7243710427976857,-0.34529849613282876,0.04811603012990792,-0.9314980454946402,-0.36054991177949713,0.05308970584938414,-0.8144803306127912,-0.15057583882586922,-0.10422512824857003,-0.80013717424565,-0.2895623213159648,-0.026586846877769316,-0.5591994375522438,-0.33950935733924537,0.020840667859551066,-0.5221130979499838,-0.3524928290895019,-0.09375244675079111,-0.7984556390095505,-0.08051426911373831,-0.23642170620682146,-0.7413092477536998,-0.21921134295526915,-0.11405464936840047,-0.4586602734831585,-0.21560082881291398,-0.058569858776627313,-0.48552566350875387,-0.17934967437587984,-0.21882056083240314,-0.7257718714440343,-0.041477523837766,-0.3571353525541662,-0.6864943515008037,-0.18052102364662692,-0.24111220283148976,-0.4367800717787109,-0.11297111342703274,-0.1651748504083293,-0.4357011323844687,-0.03375844031563907,-0.33418826491762915,-0.6222153240160299,-0.022656303458176794,-0.43078726038105836,-0.5815570645300387,-0.11519874390114825,-0.33666841928713515,-0.42423643549835727,-0.08226793195829707,-0.25813771812232855,-0.4210125207013967,-0.02868272547144779,A,right
0.0,0.0,0.0,0.15429707708320414,-0.08396725478516544,-0.21057651824137583,0.21179519232307864,-0.39624283637164837,-0.28538492844678837,0.17477535952241424,-0.7200263393205876,-0.3249047563199328,0.09374348738796764,-0.9380667437763697,-0.33353102223502495,0.06104272273896568,-0.7624909183200868,-0.1524492359008981,-0.09262073128251402,-0.7648141541807144,-0.28043800806829616,-0.020779461581876674,-0.5339245840649982,-0.3201813644829297,0.037531976135429204,-0.4927892694019297,-0.32551832755661186,-0.07915919968685979,-0.7340984836869306,-0.07938341695017799,-0.21437490161807504,-0.7219306417872805,-0.20660835702800703,-0.10833741749674759,-0.44393360032941526,-0.19232378749870635,-0.044399561854239704,-0.4618868868323137,-0.1481575792149853,-0.19649356793000236,-0.6633029038789132,-0.036790309039322504,-0.31933093858499856,-0.6518333330015162,-0.16469681028520025,-0.22058534264432467,-0.4209627555069723,-0.09943190915575441,-0.1409332113895012,-0.41999500840970166,-0.021802567387088734,-0.2987857071561562,-0.5709419332152016,-0.013327398958980222,-0.38780313643530234,-0.5631441473502072,-0.09407497643663774,-0.30687287482412745,-0.41754948928814173,-0.061242710713687414,-0.22998552134791572,-0.40795551280005043,-0.009692684940751657,A,right
0.0,0.0,0.0,0.15710907404029986,-0.08966948192573032,-0.1830551632735329,0.22036928046297766,-0.41120022724857513,-0.2399447547321726,0.20058552486651995,-0.7192884689322617,-0.2664622222762863,0.21316930099034567,-0.9408681521101192,-0.26329825191249734,0.09001250993256867,-0.7172727878853299,-0.10871997967850501,-0.036148669930635424,-0.7626765413637068,-0.22998421005325767,0.004936798067451455,-0.534999566003957,-0.2710944791532681,0.0596329473896689,-0.4703291862883795,-0.27707370651502183,-0.046150339841017275,-0.6786352924814985,-0.04630441929444988,-0.15639986806189016,-0.7212269380379955,-0.17204257185173175,-0.08378203736532991,-0.45970403335723176,-0.16557969746941936,-0.016562506091987336,-0.4446607096567841,-0.12570724506826134,-0.15979195068846402,-0.6124520625706171,-0.014408513847872216,-0.2595835844733853,-0.6489365431661447,-0.14244970809198224,-0.18631343543234022,-0.430996238708715,-0.09159643589341585,-0.10824065598709792,-0.4167639127433709,-0.02109329277034918,-0.2535970716815538,-0.5292911932295797,0.001193062448529952,-0.33020200718645853,-0.5574766157327087,-0.07571178970626771,-0.26636921362136173,-0.4166215404602627,-0.048543948584927055,-0.19668318978197735,-0.3953990826437784,-0.0018197281929602455,A,right
0.0,0.0,0.0,0.156190232758756,-0.09390034464871574,-0.18769607799718502,0.2156238981864724,-0.41620371474717227,-0.24783646221394653,0.19966754702389,-0.7190000203475706,-0.2760225009779293,0.23110077149088976,-0.9337114128677125,-0.27345096616559167,0.08773682443396377,-0.7144950738861786,-0.12140380294456578,-0.03670829049374335,-0.7590964321353971,-0.2443097328912156,0.005051147775547624,-0.5327166993501237,-0.28299921752916535,0.059850535230108685,-0.4654218099194373,-0.28682498802346185,-0.0487146670341438,-0.6749667222595664,-0.056793583882819895,-0.15953382677179379,-0.72257475142858,-0.18321842136182764,-0.08800918296969085,-0.458790213529091,-0.1720560897931506,-0.019896745672781872,-0.4439958894706362,-0.12898557609299063,-0.1629819924297107,-0.6093096946499963,-0.022954102618173107,-0.26213092286606354,-0.6483110051864178,-0.14916866254240357,-0.18992551765579763,-0.4316348463901522,-0.0945335369022744,-0.11106763545899821,-0.41778740170968337,-0.022543964615419937,-0.2552098654161341,-0.5280256153608469,-0.0061641473090356886,-0.32993281611047026,-0.554993495660354,-0.0797743202436286,-0.26800494828844373,-0.41662314824150354,-0.05089667919652381,-0.1994370846116919,-0.3977044510434393,-0.0042688787472332885,A,right
0.0,0.0,0.0,0.1519571211201233,-0.10000322327243522,-0.1878104440094116,0.20321296178924556,-0.42195319124173253,-0.25116669597064833,0.18072580009846886,-0.7205081043139177,-0.2837071376553728,0.21839708504839342,-0.9328954084009446,-0.28637190893451747,0.0652150560893599,-0.7072966125845221,-0.12009165881098356,-0.05747485926654427,-0.747394841351192,-0.2441050919736959,-0.009813890064294804,-0.524722181017071,-0.284274712196265,0.04848515405656912,-0.45736461663910216,-0.2894149967529554,-0.07001169758219493,-0.6638709269592461,-0.05664479206002989,-0.17966412022159114,-0.707205391092095,-0.18547738120382296,-0.10050979510246599,-0.44952568518344815,-0.1761413235452866,-0.03003487584553365,-0.4340005451351905,-0.1340463779823689,-0.17952309924095128,-0.5927179634021885,-0.02403381287424841,-0.27824975352315273,-0.6267861988651466,-0.15256301118570922,-0.20011003479939046,-0.4193403470657844,-0.099258601416107,-0.11956531328840238,-0.4080601978378633,-0.027768336085165116,-0.2655152464779206,-0.5067869850960013,-0.008381946239085464,-0.3419421686518177,-0.5327667597584955,-0.08413487416511035,-0.2758344451008496,-0.4011594781020628,-0.056572561193531705,-0.20569848150601158,-0.38466594079636995,-0.01075478287448822,A,right
0.0,0.0,0.0,0.15091074963178716,-0.10197898663518028,-0.185974787288081,0.1994371371840687,-0.4266406134297813,-0.2477406320306001,0.17689749774463975,-0.7245999375379881,-0.2787546388707343,0.21733173703466735,-0.9351969308312437,-0.27959545175362993,0.06182657854119933,-0.7037371772336801,-0.12268838083610785,-0.06607375818426556,-0.7418174173383891,-0.24788678869998848,-0.014870073157679974,-0.5205227710974634,-0.28833666879732883,0.0467189101483025,-0.45696617752780655,-0.29348280754900136,-0.0719000495557306,-0.6604289189982367,-0.059104424094331975,-0.18592413892010098,-0.6957236120791894,-0.18780955781841405,-0.10511769616588906,-0.4393169521126899,-0.17722582400682993,-0.03261706597951875,-0.42911881611763836,-0.13478268041443242,-0.180970106859722,-0.5896970020653717,-0.026158907341753874,-0.2849219118672287,-0.6176919705042997,-0.1527738362920509,-0.20614729074159155,-0.4110390317454736,-0.09738093655318834,-0.1221306093694871,-0.40127751984665994,-0.025341450601179764,-0.2657288448266103,-0.5055361417866581,-0.010329786109860222,-0.3471196835193849,-0.5228336550541938,-0.08423544781700107,-0.2801015106453027,-0.391235890812875,-0.055816063846658076,-0.20567803355949568,-0.37732430742345746,-0.009747645026882894,A,right
0.0,0.0,0.0,0.14334456341046192,-0.10472633942862325,-0.192885566828006,0.19022805931922543,-0.42384969158299635,-0.258494652869898,0.1651257760150263,-0.7209866351757664,-0.29234551952213367,0.19271508206937132,-0.9356771497463368,-0.29558276097493685,0.05267355015352983,-0.7216432091818049,-0.12005502888757709,-0.0768216788895597,-0.7569058094279334,-0.2464335707606388,-0.02445061702305427,-0.5310405047554975,-0.28979111503561045,0.03526890070376221,-0.46937746165020033,-0.2965812840289688,-0.07691890489893873,-0.6751717632022856,-0.05261042057516746,-0.19693605708091894,-0.7025726524130795,-0.18187074202942988,-0.11123544169091173,-0.4472017740771595,-0.17343864061642525,-0.03886374286773308,-0.44535308716621774,-0.13213383517896896,-0.18354148311348653,-0.5988614161901559,-0.016547847700005464,-0.2878377665681546,-0.6143437628555773,-0.1452884611914673,-0.20646805259525142,-0.408415626319231,-0.09020141297036172,-0.12427951125209023,-0.4093854988711812,-0.017477193179982583,-0.26967550366808585,-0.5100005575716899,0.002091259843894832,-0.3514584613411532,-0.5211583364379445,-0.07146962186050958,-0.28131981050487553,-0.3910940765896216,-0.04113296809468502,-0.2062247886099838,-0.38325783266724855,0.006568963478253379,A,right
0.0,0.0,0.0,0.15866557673812615,-0.10020511027723292,-0.17804269469612347,0.2285128361028085,-0.4187882912105855,-0.24030352327951465,0.21964435825882744,-0.7180513071125704,-0.2736154233272354,0.2504277479089927,-0.9279795084981032,-0.27593472939238534,0.09076249498206358,-0.7238607838151578,-0.11912717799300841,-0.012330094872106307,-0.7900048033107205,-0.24687396866341674,0.02652606982437998,-0.5528491195182628,-0.2878319888635872,0.07039027771307292,-0.48506831517897486,-0.29450180547242943,-0.05339105133361876,-0.6724698178572837,-0.06543378158622301,-0.1531882814647603,-0.7322264915721827,-0.1930945449296253,-0.07527677648664362,-0.46305784706998154,-0.18035850236106601,-0.018064072766407285,-0.4643897046880061,-0.13865073334881772,-0.17370863099396353,-0.5955304016834769,-0.04249253078394059,-0.2649024287444598,-0.6425061200347724,-0.17027757895947465,-0.18073561760493775,-0.4210982348904184,-0.11082882276950132,-0.1124769651154095,-0.42557012326226057,-0.03859461743756277,-0.27392533596902685,-0.501477544692967,-0.03585653204377033,-0.3442698679346252,-0.5193914194771345,-0.11014607665092038,-0.26855136011512104,-0.3829642732691385,-0.07738046845464149,-0.2045589900195285,-0.3824600371859048,-0.030527666811110903,A,right
0.0,0.0,0.0,0.17053316879705424,-0.10730182944039986,-0.14865287556442983,0.2647389556298466,-0.4383897377832808,-0.1986614475636196,0.25215940653615065,-0.733949628657539,-0.22676527333680538,0.2936408537886649,-0.9287352140233514,-0.22633150734986876,0.10855569158485016,-0.7004249189751427,-0.08478472546941318,0.05711117972318239,-0.814211298315844,-0.20032196951422965,0.09131998499766006,-0.5663572120967464,-0.23534795233517203,0.112528826998373,-0.49404677825899573,-0.24028743315756587,-0.03983769892862255,-0.6504951997951559,-0.04612329808144853,-0.08876321462423496,-0.751560125160124,-0.16231995952003692,-0.014657063404524275,-0.4704929161485502,-0.14851229579890332,0.021091225330163835,-0.4658309885274649,-0.10727688410309386,-0.16045564095917467,-0.5730238564887024,-0.03557076629534529,-0.21204199060837284,-0.6482127788603361,-0.1529416403119119,-0.12608453407257023,-0.415109487071865,-0.09019836317188143,-0.07842032801167106,-0.4191947374063733,-0.018076158779757406,-0.2656449327561583,-0.47822106273375037,-0.038464460121848586,-0.3119669803015617,-0.5120523943125582,-0.10150949061313554,-0.2327119966243854,-0.36175573392260746,-0.05913171945648601,-0.18169823149684491,-0.3583855097478491,-0.008516517715158661,A,right
0.0,0.0,0.0,0.17891238262705378,-0.13439714451732795,-0.11606580060821034,0.2811028067223068,-0.48127350776505995,-0.1457968138442037,0.2766986557711526,-0.7570670445711697,-0.15997437642962614,0.31822688987983866,-0.9364883564147195,-0.14738115502689766,0.13387251255220767,-0.71676801187585,-0.0532017222907976,0.12927958044131876,-0.8561857185674866,-0.1597418817424022,0.14540933241168466,-0.614532881950811,-0.19475344035442652,0.13637903333592202,-0.5321087714285886,-0.20300298901965977,-0.022491140862007965,-0.6800626454698803,-0.03211080483732286,-0.03011223140602932,-0.8144530353680661,-0.14339169068727603,0.02651215867378185,-0.5352350459274038,-0.14258853513541703,0.031074033463666842,-0.5056241883133662,-0.11320537608083626,-0.1581877487588301,-0.6060852906377411,-0.03500619278794317,-0.17811157726484472,-0.7107690048194198,-0.15090012010300313,-0.09702620440248909,-0.4683194016849707,-0.10215384427085798,-0.08272577042040422,-0.4548949094986448,-0.0415411997638746,-0.2814430445483724,-0.5093511364690871,-0.047322936139368985,-0.2858193413999715,-0.5538178388103383,-0.11201754670971524,-0.2067957289866842,-0.39918058248654753,-0.07447003771691539,-0.18497559338295852,-0.39097344168788695,-0.029179128217625926,A,right
0.0,0.0,0.0,0.19112713077656857,-0.1176648029634448,-0.09899055401020024,0.2977874764220206,-0.4644320205016005,-0.1193781357989821,0.2917284694221536,-0.7541239952047061,-0.12609064171002113,0.32149498746160415,-0.9410678588864444,-0.10503455625624473,0.18150762680411667,-0.7031738968281195,-0.05250978726749106,0.16498506200997554,-0.8855036530322109,-0.1605679604829409,0.17090640403545146,-0.6322182369666862,-0.19003860808536682,0.1696221136500209,-0.5435509219899824,-0.193353456843066,0.020579966769528148,-0.6723311154756515,-0.03994078390423095,0.016606984744045518,-0.8509437716939618,-0.1526637875849158,0.055430401326214254,-0.5517016353758754,-0.14630819086674257,0.05396066383771506,-0.5203748414547149,-0.11354064011935058,-0.1269174188533528,-0.6095461996180782,-0.049407135592672756,-0.14037173000662073,-0.763700378719571,-0.17094651561842433,-0.07801190028161163,-0.4916041000633599,-0.11392415361480704,-0.07124949081735583,-0.47574524069072754,-0.04662315739246923,-0.2678419210772508,-0.5259056956877514,-0.06597935810971925,-0.2671850624851561,-0.6146664626020973,-0.13482754202589076,-0.1995228004105447,-0.43310275006767324,-0.09011568826067,-0.18732262445784076,-0.41538060619244904,-0.03930127911115677,A,right
0.0,0.0,0.0,0.22123747182331308,-0.05981480853067034,-0.11775479815587117,0.4002885676243148,-0.3847788189120954,-0.1407326182515893,0.41940471738906937,-0.6949970593159959,-0.14121747623615374,0.4422728646133733,-0.8897617387990369,-0.11277748621065814,0.26072819255917623,-0.6906887957848238,-0.08682148795126293,0.2673111987488805,-0.8587863592808441,-0.18670703416058843,0.2580543401517683,-0.5942346880110367,-0.20844618733633133,0.24070729647827202,-0.5108486259890239,-0.20811550424055114,0.0908360618916761,-0.6782355473235724,-0.05970125344767672,0.1084685915853581,-0.8435930449708039,-0.16802866133119548,0.1324497099370491,-0.5338275435450964,-0.16308577305909813,0.12092593723193261,-0.5058139900313006,-0.13393215943816789,-0.0571121294979541,-0.6410712962109445,-0.05175190454401967,-0.05212834253665024,-0.7863630482307896,-0.17046915708525068,-0.006410778078090471,-0.4961300730282879,-0.11509250566419606,-0.007384298576447868,-0.4692769740932118,-0.05091473434919086,-0.20142472738962267,-0.58606614426535,-0.05135466047774645,-0.18606408695755153,-0.6782258165084302,-0.12173161036901499,-0.1340383935460475,-0.4741630139189523,-0.07754492994078967,-0.12830928467607336,-0.440956497500308,-0.026605761148507944,A,right
0.0,0.0,0.0,0.21391727685958214,-0.05247075303369914,-0.1240254675335417,0.41217493418511436,-0.3618434837417433,-0.14980419248083582,0.4657521455134891,-0.6573690948660678,-0.15170717781592574,0.5353747427412374,-0.8358124020683534,-0.12162036582531252,0.2948873088529925,-0.6683844325858909,-0.08628395099648607,0.3289478897290464,-0.816381062318349,-0.18193387453620963,0.2911860114873349,-0.5422569626518725,-0.19800614948990625,0.26055548033521825,-0.4890618188573436,-0.19743718217726008,0.12917356644531702,-0.6778891965405394,-0.05678946425798734,0.16831982302530643,-0.8240094308220374,-0.16370376657174118,0.1595489507515587,-0.50189937502589,-0.15514144311985628,0.14137782464394297,-0.4985507721205763,-0.12455915996069541,-0.02072419014072857,-0.6529707490820746,-0.04765152375598296,-0.002745693374398779,-0.7790293192140516,-0.15952410513312165,0.019971369145793304,-0.4888369879243668,-0.10207762597432339,0.01829782921726428,-0.4904591068427408,-0.04030926621315263,-0.1678523197369295,-0.6169468864783813,-0.04726998656929765,-0.15557176407330625,-0.6695842319808055,-0.10959027000787279,-0.11236128948617019,-0.4747770767415006,-0.06689809418159226,-0.10128321668343587,-0.47021975373006064,-0.02065306379999934,A,right
0.0,0.0,0.0,0.20922526067662747,-0.05909199854608624,-0.1329668834624483,0.40243604107426517,-0.3765999239702363,-0.162383899995492,0.45639157978473804,-0.6641126571926279,-0.16509521959623621,0.5287934267449812,-0.8379035064540615,-0.1352598451251833,0.28235300563891985,-0.6706573034210841,-0.09923404802125187,0.31699255177547825,-0.8011058418716795,-0.18933073857213825,0.27510558982844135,-0.533666138995589,-0.19492140713840045,0.24100440643275015,-0.4867043697783719,-0.18800562639881974,0.11516685290131348,-0.677795625539508,-0.06401788930008827,0.15665394397198162,-0.8160406707844736,-0.17174272459628798,0.14480801308326247,-0.4978998486857923,-0.15891925222587452,0.12711491109051287,-0.4993735191594342,-0.12488552091660216,-0.033544081061488935,-0.6484458695171148,-0.048776425954158834,-0.012284813557904367,-0.7595955527170687,-0.1614832152288419,0.009416123171495167,-0.4748723716728015,-0.10285218281323162,0.00571961647430376,-0.4796800874900204,-0.04047579623350942,-0.17624761691405044,-0.6099479177431767,-0.04291176049928725,-0.16092970612858176,-0.6478320607554973,-0.10711167844550562,-0.11863395632396094,-0.4585100594625035,-0.06724804832931251,-0.10997661252274599,-0.46134531116935573,-0.023584713132743195,A,right
0.0,0.0,0.0,0.19277212484499853,-0.06354245301453482,-0.14776244251377393,0.3886981525272199,-0.35308100536280856,-0.19229603302371628,0.4451227442875282,-0.6443769664265392,-0.20836575848598426,0.5042651920177259,-0.8411602139415387,-0.19536148699564837,0.26055109735046206,-0.6616640635510768,-0.11500197440354593,0.2909380975268374,-0.7666059884347535,-0.2062303206551122,0.2559145080369391,-0.5136206220509423,-0.21431320574896784,0.22283596725555424,-0.46606856702193605,-0.20997519094675418,0.1003873962852744,-0.6737089365877542,-0.07236923995131325,0.12360110767559894,-0.7851426204453027,-0.18310958704251246,0.12053492272130908,-0.4698506697410621,-0.1712170125909852,0.11480363965425613,-0.46750682248362013,-0.13864076792583724,-0.04352739329446556,-0.6367134745149964,-0.04943435463044748,-0.04291699124388209,-0.717294872034525,-0.15687725222391585,-0.012415512873910885,-0.44716930419824735,-0.09107191619352305,0.00021598939580158702,-0.4515375912046254,-0.027292944699850778,-0.1842236993347654,-0.5867562332741784,-0.03782935420029108,-0.19775157666615945,-0.5886572323501755,-0.09617754192600418,-0.14619850559279454,-0.4153403618665574,-0.054579616292186856,-0.11227164389429133,-0.43002878492736446,-0.012013675352895836,A,right
0.0,0.0,0.0,0.18582833549404318,-0.06569737298542815,-0.15731710193045656,0.37281012916978895,-0.3581649965187997,-0.20924621169933907,0.4302023392290633,-0.6490830750235967,-0.23241801229015094,0.47571770427262117,-0.8501368425014725,-0.2257432498729776,0.2604229915396854,-0.682190559057677,-0.11871948577375961,0.27041366871044337,-0.7826594488657708,-0.22035941495521386,0.24293564624276645,-0.5227583727016485,-0.2377390679527201,0.21406312925587984,-0.46713628262157747,-0.23742421161167349,0.09461579308363985,-0.696817150451935,-0.07436152417931563,0.10241212152085653,-0.7963890994651429,-0.195524151614454,0.11169583077314077,-0.47578664894570943,-0.18659479638037946,0.10889784112465764,-0.4694685807053624,-0.15301307020204036,-0.05451723519271265,-0.6557432864545003,-0.051997580845283664,-0.0699909040021033,-0.7145704337742042,-0.1670239748648878,-0.026518437426747407,-0.4464432200402877,-0.10180131655574677,-0.00737407981709282,-0.4494143814263973,-0.03562925139555667,-0.19449304279021007,-0.5939351970857509,-0.04228847275935325,-0.21654639757246733,-0.5834007630590086,-0.10311004276155736,-0.15911296471910102,-0.4111466676305702,-0.061265471525380866,-0.12149515497394346,-0.4294043451408116,-0.017044729856739983,A,right
0.0,0.0,0.0,0.19814748635214077,-0.07179182370457896,-0.13787938056639348,0.38050206990227203,-0.3832315724133428,-0.17819848905039073,0.4318673806763981,-0.6661344716014058,-0.19447232252241048,0.4930586227549784,-0.8507788678065117,-0.18184749825288843,0.26553940269558424,-0.688419034361963,-0.09391365690119029,0.2807902007125213,-0.7968959434873661,-0.1931064429668101,0.25188199581658344,-0.5376456853540489,-0.21310573520342346,0.22550847362049437,-0.4816362915124146,-0.21479064883509313,0.09666308669105805,-0.6979785711279953,-0.06045557476047837,0.11598212971156469,-0.8085827598374725,-0.17752571843856094,0.11786575434314203,-0.4947952790703978,-0.1731957512160695,0.10953727974032884,-0.48264146221646825,-0.1425990742036416,-0.051971757593673965,-0.6590091120371251,-0.04850285207870915,-0.05429952742006571,-0.7356006084950977,-0.16303982107337592,-0.017198996129157047,-0.46161683452848584,-0.1042113405885876,-0.003233823709351436,-0.4540525373081523,-0.04063988442867159,-0.1878362124351145,-0.5985499920468703,-0.04740684237038456,-0.19998401168869742,-0.6098672467295354,-0.10889135567355016,-0.14826869644825658,-0.4313871877410458,-0.06791720390759036,-0.11909322909077004,-0.4379432475956106,-0.02293803714603011,A,right
0.0,0.0,0.0,0.2082834559595962,-0.056029265016345746,-0.141330389247253,0.398229245684192,-0.3657648850641141,-0.18316086734055043,0.4473000356438767,-0.6563589132410875,-0.19967097574373352,0.5321923927736234,-0.8258794151926996,-0.1862644588611844,0.261987133385827,-0.6708864697946276,-0.10295990142806954,0.3042139158300563,-0.7926052023629482,-0.1978897862970742,0.27266501332181947,-0.5268235377184285,-0.20871914663923555,0.236408604959722,-0.4633720009067203,-0.2032928884827556,0.09668437651142815,-0.683914772487466,-0.06534984242567594,0.14210281654195514,-0.7994285515351682,-0.18048770030332303,0.14328993751169683,-0.4773221962773255,-0.1704897536110426,0.1296716867218758,-0.4556955637572905,-0.13477174626407085,-0.05069009927410652,-0.6511504707855506,-0.04815225850797532,-0.023728760053131705,-0.7319159569708952,-0.16612215088003215,0.008538612539920753,-0.44795895777209865,-0.10680643837255036,0.007371529034246121,-0.4301516352339266,-0.039826201834679956,-0.18865041000533125,-0.6004448495322372,-0.04085801481928924,-0.16801436197649855,-0.6267445573340739,-0.10798770332286399,-0.1192877084067204,-0.4373485278912052,-0.06769802155098195,-0.10921642741813258,-0.42775532386218906,-0.02060775500047572,A,right
0.0,0.0,0.0,0.20981663897280695,-0.04566393539399326,-0.14546031714755897,0.4031143919750116,-0.35558607558362776,-0.19034976056459282,0.4521685584639958,-0.649006174312698,-0.20932058920009713,0.5368730366491082,-0.8197072358587618,-0.1996181104007186,0.25703562890712883,-0.658176259949438,-0.11066588293650814,0.30535005889359895,-0.7803667732850176,-0.20727890332756604,0.27278677711177723,-0.515509221133835,-0.2165257189889273,0.23896300095542164,-0.4502285412413371,-0.2094483586370333,0.09589885828466893,-0.6701464172401939,-0.07140858329483064,0.14539448219257178,-0.7940844391122832,-0.19039847565328233,0.14485786422993183,-0.47159060667764535,-0.17714773909737105,0.13331095259886522,-0.44247880875458917,-0.1374603643862933,-0.04833931392175357,-0.6371737810504674,-0.05270230712349294,-0.018527703172572164,-0.7222848244551341,-0.17552223020620966,0.011638900156663875,-0.4348084861008777,-0.1128215221928963,0.010041351511466574,-0.4057744026218606,-0.041658030476414094,-0.18641173917464682,-0.5869390222296947,-0.04406883261314695,-0.1623829909154355,-0.6168961629828086,-0.11544966226109382,-0.11394840707002532,-0.42230335154651155,-0.07453003370753059,-0.10288550165271368,-0.4055894958412159,-0.02589465735493313,A,right
0.0,0.0,0.0,0.19981266749911145,-0.06953159094606813,-0.1365566295598961,0.37741691871880806,-0.38480971658448176,-0.17920139159694853,0.4170732208582142,-0.674597800305735,-0.19743715057639555,0.4998391658728532,-0.8456840173386677,-0.18702767462988487,0.23826356417084113,-0.6521464827422845,-0.10931963627290912,0.26034791459200163,-0.7979477692674768,-0.20809467978292773,0.23771374110930274,-0.5270919158376645,-0.22100363557128594,0.21759854390549363,-0.4549203164052864,-0.21544246977717316,0.08236529388722424,-0.649324821336195,-0.07199188998018079,0.09993504882383127,-0.7907981865117872,-0.18579492707645703,0.11217457463607983,-0.4712595597983477,-0.16994114627335663,0.1126068175756302,-0.4421341057909831,-0.13084506268002857,-0.05617918601658662,-0.6089792528055262,-0.05454002245346958,-0.05555624150907878,-0.7249288397745087,-0.16836360861132327,-0.015284212858977278,-0.4404826490420282,-0.0982739566725721,-0.002172773953516651,-0.40912202202174675,-0.02496100822520775,-0.1913175036854751,-0.5570954025442343,-0.04699384869357228,-0.19512013270183406,-0.6125226615885343,-0.10851925588180288,-0.1409470790601814,-0.4231289109665469,-0.0603946939657923,-0.11784948926039435,-0.4039180555372811,-0.008478766442850852,A,right
0.0,0.0,0.0,0.1958918004407344,-0.0801337077645147,-0.1302524639239154,0.3641254266473751,-0.4008643365290534,-0.16880486779391987,0.40649300641570113,-0.6872299997680527,-0.1854653733070159,0.48011808579863713,-0.859781150505449,-0.17396263082794258,0.23269539349330337,-0.6628170388334546,-0.09497620095856601,0.24250101256156906,-0.8023348849697134,-0.19713092918881206,0.2258814482049291,-0.5338705206533023,-0.21839166530925325,0.208968392958429,-0.45861884976708595,-0.21813941122627256,0.07780624479667879,-0.6560592928342563,-0.061683398839075,0.08361137942299014,-0.7928044521737903,-0.17630794851047785,0.10156625534404268,-0.478826479079421,-0.16555682653385284,0.10611793501012111,-0.44693541346185794,-0.12969081810004288,-0.05850320294497947,-0.6105419819988227,-0.04918344033628203,-0.07504245322138793,-0.7216078196598263,-0.16282487522372419,-0.028045193492674113,-0.44354268345545833,-0.0980841039179474,-0.0052972843251291165,-0.41382477699345543,-0.02820735451532337,-0.1901691394281819,-0.552865006297915,-0.04669421802375448,-0.21053775682323456,-0.592253663817654,-0.1087830757307601,-0.15022609880149274,-0.4104765230942263,-0.06481683056979758,-0.11359598827562102,-0.39722130630334074,-0.015813123174807004,A,right
