f0,f1,f2,f3,f4,f5,f6,f7,f8,f9,f10,f11,f12,f13,f14,f15,f16,f17,f18,f19,f20,f21,f22,f23,f24,f25,f26,f27,f28,f29,f30,f31,f32,f33,f34,f35,f36,f37,f38,f39,f40,f41,f42,f43,f44,f45,f46,f47,f48,f49,f50,f51,f52,f53,f54,f55,f56,f57,f58,f59,f60,f61,f62,label,hand
0.0,0.0,0.0,-0.16079929181286878,-0.12364436770504336,0.012691686234631674,-0.3492852065379265,-0.15707333900391068,0.016728736541167636,-0.4755370848705315,-0.14687547631199196,0.00747847087239202,-0.533634341443328,-0.1190013866560296,-0.005378201742782451,-0.45865113073335756,-0.12452878411549295,0.025245215212743557,-0.6488260921049952,-0.09492626749040753,-0.020603575280939118,-0.7941606081916375,-0.09499928517178972,-0.0646783908860533,-0.9195725780825005,-0.09988285537884092,-0.09738570367328934,-0.45958313170021353,-0.06948247701056233,-0.015869288480019648,-0.6727957868654755,-0.03669220531794269,-0.05933144170467571,-0.8373060587605021,-0.03573251506179853,-0.10303270347953922,-0.9900096177030425,-0.04021776971479288,-0.13514247243055524,-0.4429195123007315,0.005234916522241391,-0.0604160157831558,-0.6480056687186783,0.019038334891176206,-0.09992711894179081,-0.7940976406967376,0.01010228336741282,-0.131368255652074,-0.9237339706037463,-0.005245992237956668,-0.15291011250659614,-0.41317731859412565,0.09426459602934296,-0.10627924701034919,-0.5654204149110957,0.09658536868338682,-0.13668793216541425,-0.6716595004754267,0.08140692071898493,-0.15038197784166069,-0.7664797282431527,0.06110123680179573,-0.16068273957298515,SPACE,left
0.0,0.0,0.0,-0.15987238519370492,-0.07329004233545243,0.04506061754168307,-0.340979350526022,-0.05328520136826616,0.06786833627125151,-0.470715836734299,-0.01676483222657318,0.0728771504439588,-0.5555448704472443,0.01480092041549005,0.07356158944239212,-0.45176684090474556,-0.04827059247579585,0.06446503311433037,-0.6439050647933298,0.020889938525195908,0.03387977786519867,-0.7924177016154238,0.05214639472235211,0.00243334917150196,-0.9130989024861683,0.0729259975879881,-0.021350663075185766,-0.46884705272095434,-0.006301298884372465,0.014051605383320993,-0.6930370515390548,0.0552009724305489,-0.016907638719474677,-0.8526909679315589,0.08129598520730334,-0.05032010922623754,-0.9928443150785156,0.09346961639087711,-0.07432090438103897,-0.4663447826013911,0.06263520457971816,-0.038325786599674345,-0.6849883168904924,0.10567995620643375,-0.06528424211912497,-0.8320374329963326,0.12046220766051537,-0.09124593045554022,-0.9574000332629488,0.12039319543238759,-0.11036796815421578,-0.44666413129551635,0.15337978189579893,-0.08905776167860607,-0.6143296541773773,0.17240114617126148,-0.10814220580506347,-0.7263595744260122,0.174644777758054,-0.11716563329412508,-0.825748405283223,0.16565326055836607,-0.12512624100547717,SPACE,left
0.0,0.0,0.0,-0.16506710554963264,-0.06397978509051795,0.05344329086676423,-0.3522292719181726,-0.04016988312024631,0.07558603797573496,-0.48407661940971003,-0.018620815949603825,0.07965744423388042,-0.576762873992228,0.0020443588454874453,0.07836486789591997,-0.470413491199293,-0.04825073220537649,0.050479417060790746,-0.6733581650913201,0.017071244683908637,0.019246867761906754,-0.8200434163442211,0.044788650054931725,-0.009453973118930297,-0.9371855256969048,0.0637886566513088,-0.030905314536357996,-0.475841947703719,-0.014040990156810757,-0.0035599843979963854,-0.7077916398422541,0.05218552506776904,-0.033378476295434126,-0.8611458427154537,0.07576310888706612,-0.06387352980986234,-0.9923678833668405,0.08715855438051336,-0.08723170559100714,-0.45966798460687835,0.05419584874199624,-0.05730612794885891,-0.681265976503947,0.10608630011778836,-0.08254056920151555,-0.8233212179727973,0.11376404194931378,-0.10620065381601271,-0.943130948856689,0.10696426444549245,-0.12581724765629973,-0.42816449860824846,0.14924524805336714,-0.10786319655388082,-0.593872855402586,0.1678118939105748,-0.1282599355444117,-0.7036631633476149,0.16808417528065672,-0.13826593094386216,-0.8018564721723942,0.16011871871310254,-0.1479187603376269,SPACE,left
0.0,0.0,0.0,-0.16296218273529023,-0.08475631872872535,0.0451769900529644,-0.342446432679587,-0.06586633923108849,0.062334207655304175,-0.4725471178210083,-0.04450519198541958,0.06143453975379985,-0.5692147197522578,-0.0437631055430913,0.05584889066484839,-0.46648608203936454,-0.05300735394598232,0.050381903287008506,-0.6651061151808951,0.01248306776961575,0.01586975918162814,-0.809281275451767,0.03382620996889574,-0.016302114360344667,-0.9266853191517657,0.047689001459033376,-0.040342451055401726,-0.4718527795679987,-0.011724667362603578,-0.002373946164410282,-0.7013334622201555,0.04891831838320132,-0.03622531991091092,-0.8573672832099065,0.06644618130512758,-0.07076875679934967,-0.9926394951561217,0.07286612430981693,-0.0967334512165573,-0.4558911567311205,0.05727405256318669,-0.056120053738432256,-0.6756626429868954,0.1041350208391181,-0.08510534337586893,-0.8172443802500003,0.1038674320281445,-0.1097060809225693,-0.9373856883780884,0.08987830678710111,-0.12909279080221236,-0.42387161887557145,0.14807330255177242,-0.10779132879319182,-0.5873880785085364,0.16664595554122869,-0.13042824797222002,-0.6980526642369881,0.16367800767349322,-0.14060434456670828,-0.7966492930167135,0.1507368557126011,-0.14968808942071235,SPACE,left
0.0,0.0,0.0,-0.15385977036080603,-0.08739799712211148,0.03815777525911755,-0.3211662343427893,-0.08098609363531993,0.05119665434638068,-0.4414425325268975,-0.07696237352464264,0.04661861092694305,-0.5298489253099465,-0.09245138502388317,0.037614151469233005,-0.46336152882356296,-0.06030146103675863,0.052688193263506655,-0.6633450788545588,0.0018425532375899104,0.018043876329953253,-0.8106958674618574,0.02240390417274193,-0.01600077955663823,-0.9313002399078854,0.033640036704614996,-0.04133589714913239,-0.4754259207505449,-0.01901448030674294,0.0032242510253217035,-0.7022154489072506,0.039194286580080846,-0.0300155100608254,-0.8574781162519038,0.05351478129320289,-0.06572003117004217,-0.9941675066075683,0.05544213297691824,-0.09250480364100183,-0.4668886413865775,0.05182103627521053,-0.04826751745225716,-0.6842070436654281,0.09393985398586151,-0.07730666434878164,-0.8267395981006893,0.09301287256852447,-0.10232139012124866,-0.9485833622028584,0.07917332137994966,-0.12139128674433783,-0.4427867377698118,0.1465610124294734,-0.09846601595653176,-0.6115489889865323,0.1585543361034312,-0.11967426324754878,-0.7245265292393079,0.1513712212069515,-0.12738417761278892,-0.8256790857208673,0.13666386379947612,-0.1343251044728573,SPACE,left
0.0,0.0,0.0,-0.1526011305612977,-0.07149671884908383,0.026637812584330678,-0.3254547966810499,-0.062042677812945556,0.034064477029680046,-0.4479143749442902,-0.06280917403443045,0.026375225462575917,-0.5345663970042321,-0.08447844253149439,0.01513026585416271,-0.47427475619550674,-0.045152018249293394,0.0397087605651295,-0.6693561632438829,0.012780009267024035,0.0015986445527791013,-0.8131111795627923,0.030746695544216968,-0.03615372361677416,-0.9314888708545056,0.03750459238426422,-0.0646177738589873,-0.4801580623826407,-0.008000658054254806,-0.005006215704030911,-0.7017859772311136,0.04601250559441515,-0.041120952693782485,-0.8552800698594213,0.06021509324998855,-0.08020449215201725,-0.9919496585718095,0.06296737232248659,-0.10986803394105045,-0.4639832384743276,0.053349287548352275,-0.052137396092900676,-0.6741594529659298,0.09592800883521231,-0.0829547589515697,-0.8121256181459405,0.0985749770238724,-0.10852769778568334,-0.9307832415403315,0.08883033361929317,-0.12859685554850325,-0.430568790919442,0.13514392627807323,-0.09915112055936377,-0.5900721916558106,0.15149003114811752,-0.12146640405970681,-0.696841468861312,0.14900608606333698,-0.13031185720954233,-0.7926168465036492,0.13876522890830367,-0.13852079421225108,SPACE,left
0.0,0.0,0.0,-0.14930135534577896,-0.08041252578737242,0.035023317516021855,-0.32477685071593254,-0.07954661092708863,0.04606772373972414,-0.44499968384904093,-0.09062716978224744,0.04068123615129278,-0.531445640943633,-0.12574939176705213,0.03162062155273801,-0.47055647668106027,-0.04500570798618945,0.049042355838176864,-0.6641631598888654,0.004209096881172978,0.013350480250346023,-0.8084896210261032,0.020144426609623966,-0.022718050486806855,-0.925720790019143,0.02783745429801318,-0.050068231269388606,-0.48029434522740855,-0.010343176848803875,0.00031481225406152744,-0.7053596214767996,0.032391961093807646,-0.032838825995706325,-0.8591472337351919,0.040513608671124905,-0.06949042407143764,-0.9944370916627373,0.04004550830502588,-0.0974229335934243,-0.468359025189373,0.04475067826706477,-0.050612780799381786,-0.6855784860741482,0.08054265202378799,-0.07864512569280208,-0.8262816839578309,0.08217781654016115,-0.10346543832869334,-0.9453337350481962,0.07325407792327822,-0.123516995082685,-0.4390646881710009,0.11642801569848295,-0.10087187637686962,-0.6022049244989519,0.13023848135964175,-0.12157989565023432,-0.7114209369775369,0.12848062639179106,-0.13040772149354155,-0.8085545071018125,0.11914800812456555,-0.13909207652210692,SPACE,left
0.0,0.0,0.0,-0.1471980317796651,-0.09792165531582561,0.028755431588613812,-0.3277540565257644,-0.08896952616849724,0.03736392110951681,-0.45362527860047264,-0.08919510153848653,0.03071132386663014,-0.5495029262593798,-0.11062724599771152,0.020341015866264724,-0.46474455438238976,-0.03621759967585799,0.03818814278882102,-0.6547599216169278,0.0027500486277439156,-0.004602005319317016,-0.8022052250760304,0.008188120937518832,-0.045952471704751585,-0.9226170097728811,0.006940665954582448,-0.07700550610155887,-0.47219019779886456,0.004456769764116649,-0.009895150797728656,-0.6952055688939397,0.03687809495891034,-0.0509410857109004,-0.8516033327417364,0.03478854161421877,-0.09281423835565018,-0.9919565929421669,0.026364162772669304,-0.12380245813336845,-0.4606807196882435,0.05887417784310856,-0.06064643184542389,-0.6802026537207752,0.08436046818653539,-0.09749113870980869,-0.8265790412930123,0.07551334255210952,-0.12791185921787326,-0.9530769720314793,0.0603883649357129,-0.15053734210192599,-0.4326815495348588,0.12284127449301283,-0.11080479537734442,-0.5962068822777907,0.12637752450206305,-0.13961980266296595,-0.708813709486807,0.11591890962388106,-0.15387215595550668,-0.8107430540853058,0.0987249984378029,-0.16573655918939287,SPACE,left
0.0,0.0,0.0,-0.16001763236055325,-0.08034323540210529,0.043713032121776664,-0.35098151628043456,-0.06331224065934829,0.06402108857520034,-0.48442818181071295,-0.044701959363613875,0.06599148177716546,-0.5868512678541404,-0.03254238340772021,0.06509595880012208,-0.4796989854465654,-0.04051798906105653,0.06929869957471298,-0.6634444196341565,0.019644101140044296,0.034732198505008506,-0.804884819564265,0.0339354893385186,-0.002439707315480303,-0.920766574702832,0.03344376714379331,-0.030917617675019077,-0.489404282076225,-0.009114267407679797,0.01711267376043967,-0.706056599778034,0.04166210548248668,-0.01693648622776293,-0.857319972758628,0.047196266320381076,-0.056038475298047445,-0.9955426806174454,0.04003148088634056,-0.08539468137464809,-0.48006525029829716,0.044664498635239205,-0.03831652012769932,-0.6964005555835394,0.08012095771832327,-0.0711183687128738,-0.8443494161520537,0.08545923183525206,-0.10445590521245796,-0.9718484089498522,0.07726600100829588,-0.12996204883329054,-0.4540686278259723,0.116559096445624,-0.0918882519751424,-0.611667997706202,0.12989270927623206,-0.1180896350294103,-0.7200770193674085,0.12975128901044078,-0.13406284548973765,-0.8181553026449142,0.11750877002855266,-0.1481302213400807,SPACE,left
0.0,0.0,0.0,-0.15936447880422827,-0.039585979815717764,0.07887542731680869,-0.34308812311313036,-0.0031595103819214492,0.11282708599135123,-0.4642490649270507,0.04428111902591008,0.12117655738678673,-0.5586673895177682,0.08046457939827381,0.12317360899430603,-0.47480138990937465,-0.051892052906654954,0.1032199543717601,-0.6601789876525505,0.01260687041382837,0.08425966308260575,-0.8003662434517583,0.028378590342430343,0.056658397484703735,-0.9192977047166067,0.02867561886566118,0.03207215443955738,-0.4853354990266736,-0.030842835703677976,0.03524926236780955,-0.7096444046779017,0.02415839840610092,0.012915982487066836,-0.8631236672625245,0.028991726937172505,-0.019238465427310687,-0.9986679974301678,0.022135652221730633,-0.04660733643469851,-0.47376716846924866,0.017763216482455244,-0.03382880161290359,-0.7003526646653031,0.05006096588834506,-0.054806472963474344,-0.8484485110017633,0.05396936816944063,-0.08234017497579874,-0.9748966076391884,0.04267969323690238,-0.10769873978207015,-0.44907587749450706,0.08870191918923165,-0.09843171288807769,-0.6118483719082607,0.10315188967028725,-0.11942761727919272,-0.7264177616328995,0.09914416381480971,-0.13513003644112362,-0.830337701267301,0.082455133752212,-0.1518684632971862,SPACE,left
0.0,0.0,0.0,-0.165992114068364,0.013831691761943246,0.07859935457212028,-0.34605886202821584,0.051741622013216616,0.11073619857916978,-0.46174796629065706,0.10765507176602236,0.11871030185305342,-0.5564230426471609,0.15461572323370912,0.12329245387558024,-0.4861037308019334,-0.047709839608700885,0.10936885250520684,-0.6664223583017258,0.009699732644381122,0.09107520717598531,-0.8018108362591714,0.024293824371402036,0.06351390927943086,-0.9134750748955772,0.02342386461512483,0.03919662906302781,-0.49657588885435805,-0.03554928815756958,0.04184145166359216,-0.7184959079653855,0.02094921225141401,0.01902389684103123,-0.8687425586978983,0.02141349129232879,-0.011661125563305024,-0.999209165892007,0.010303124421023633,-0.03736736800074408,-0.4892142604861606,0.006379756690440964,-0.02761483906163557,-0.7191505149894273,0.03890213823844428,-0.04912098555614223,-0.8683277074223035,0.039020966938403887,-0.07478244258151448,-0.9948769310649642,0.024634145415956075,-0.09804616726003988,-0.4716739319929731,0.06881518453390094,-0.09274215420024208,-0.6367140952792538,0.08108407294235316,-0.11420612243215476,-0.7508012270156863,0.08017750866175877,-0.13036259007129994,-0.8531850918468098,0.0680297804516303,-0.1470278197972326,SPACE,left
0.0,0.0,0.0,-0.15733373477866028,0.010303340418215495,0.04763138850727504,-0.33273689115174776,0.04395999176736817,0.06424793681933624,-0.44738349422249984,0.08846477796532315,0.06286565897873972,-0.5370472788301331,0.13757973824974945,0.058147792448850454,-0.4621442827286147,-0.028425391535155314,0.062277708698204315,-0.6457856085288989,0.010004843548706037,0.02682820738958278,-0.7883384064420083,0.012781803735886388,-0.011936695036674591,-0.9089466294307268,0.009001727717709802,-0.0423546130024511,-0.4676100092164761,-0.021328149849403406,0.007155935851075656,-0.6879992179388872,0.017347665772067814,-0.031106343207624898,-0.8486246640520274,0.01654015394299851,-0.07332945317855724,-0.9942557871156965,0.01335348654650347,-0.10619375774497769,-0.45621593269953903,0.008822615255534778,-0.04980319170586864,-0.674063723443835,0.02729364169409423,-0.08444201731937064,-0.8260077362221862,0.02884779005984429,-0.1172998238606171,-0.9565805060407386,0.027913365077032074,-0.14244288810592298,-0.434683287757212,0.052804763048047904,-0.1043831390477055,-0.6009510632382525,0.05236924299390415,-0.13257939677103614,-0.7154225691782474,0.048091337582260314,-0.15095336512047963,-0.8195541665031857,0.03728127667958089,-0.1671646024733611,SPACE,left
0.0,0.0,0.0,-0.16549452965340672,-0.012808136671580341,0.0794073172234539,-0.3427982448544347,-0.0017053346197096245,0.11176802387953506,-0.4581349194818113,0.006639244285631565,0.1199609711818573,-0.5472133959526615,0.014903455826898131,0.12509620331312823,-0.46051196807980393,-0.030154240640491006,0.09642635834499384,-0.6453139329965134,-0.00609872939538836,0.07081911682311126,-0.7818807750295964,-0.008211478381242839,0.040835823206933956,-0.8959074235938356,-0.019916908901269324,0.014733558652508928,-0.4683268702804356,-0.031789412269640216,0.02693020339097308,-0.6964837956741047,-0.0005336063392304813,-0.005806194844510522,-0.855598183395458,-0.007471249323650157,-0.041652834431831535,-0.9973059381000368,-0.01929463226050856,-0.0707713430446059,-0.4601572868736828,-0.01513815641772489,-0.0434174304753659,-0.6922101913701144,-0.003529255468270684,-0.0737397699474079,-0.8415120915489276,-0.009328381922033852,-0.101826325636632,-0.9730969809650093,-0.017458478839970842,-0.12577580805351987,-0.44201441781503864,0.004541833550649371,-0.10899823346611502,-0.6074830879380492,0.0008438573227835405,-0.14033888305798722,-0.7222928112524002,-0.005079939955218416,-0.16221856517599306,-0.8271476294634258,-0.01520895322030482,-0.18193820008618805,SPACE,left
0.0,0.0,0.0,-0.16650789906725053,-0.034780511100009445,0.06204163818935577,-0.36192300678809586,-0.03977878119810463,0.08155460432485281,-0.5004240531299599,-0.046924935744470105,0.0797070238833606,-0.6041796079169759,-0.054535127781770734,0.07208938163744967,-0.4452087248667618,-0.0781176545181182,0.055592751875052124,-0.632489259934321,-0.036189049678688724,0.01837132429394888,-0.7723714680117413,-0.029215084068549068,-0.019176755723091778,-0.8937864554552601,-0.03382249269597333,-0.05021449055183348,-0.4485416273766299,-0.0683014592760007,-0.009532940128281753,-0.6729743636849995,-0.02168998838528915,-0.050337718428125094,-0.839609222862233,-0.01627102746453692,-0.09459203956125167,-0.9911360000567595,-0.019949334478473756,-0.13134478842098407,-0.43720647362190357,-0.027284218137118538,-0.0740421255867667,-0.6628287907990582,-0.0061369186316533805,-0.10874712935721473,-0.8225510541228195,-0.006306084708117696,-0.14057817059757538,-0.9623073287218739,-0.013946505343033327,-0.1690511140771313,-0.417105939120265,0.033792378168538015,-0.13475162266605678,-0.5822532661193913,0.034804465837742084,-0.16762358281353543,-0.7006336445729033,0.02352195547093778,-0.18922439683586034,-0.8082060446070767,0.004051886852386355,-0.20996643351047006,SPACE,left
0.0,0.0,0.0,-0.16788333091919042,-0.08091371585453513,0.08050128047038564,-0.3623975961996884,-0.07011973823992185,0.11000133528946336,-0.4987539562043379,-0.05407512519194824,0.11651744195385601,-0.5999081412965755,-0.03200309970994905,0.11352398645312269,-0.4609363263529405,-0.10989650000553579,0.05080747650701808,-0.6447426379344058,-0.06926841401044795,0.016842745565322993,-0.7828609767697972,-0.06078908942393663,-0.014327660317953218,-0.903804043969346,-0.06091154157297627,-0.04128663931132516,-0.4567255094822411,-0.09053215283836791,-0.020291038347576444,-0.6794918936009974,-0.047454050393520034,-0.0623407973154351,-0.8424121723138398,-0.04094779369801979,-0.10069721021820575,-0.9900534457038548,-0.04524319989845333,-0.13321872057962775,-0.4337916053177545,-0.034777383796224505,-0.08783176108967375,-0.6505609082460967,-0.014602495625790057,-0.12629671578229396,-0.8021559514642456,-0.0173189351613267,-0.15634437251306024,-0.9366159939206711,-0.02999980304574409,-0.18331380509012832,-0.39987031062542266,0.04693303955520033,-0.14873275461403765,-0.5624339922849948,0.04931142918305349,-0.19071913722970704,-0.676812087239755,0.03440336677196117,-0.21665833222816044,-0.7827351430969766,0.005633772324790617,-0.23960765819049673,SPACE,left
0.0,0.0,0.0,-0.1743371523713576,-0.049403259362518194,0.10514949454634341,-0.36369652311954265,-0.02801351101055808,0.14517357775530168,-0.49249422764581213,0.009699339999982398,0.15756578562811505,-0.5884460242371661,0.04991475485087031,0.15841422155306065,-0.4641462470798007,-0.10245062965211965,0.07086355939220015,-0.648467421906238,-0.05905729217748268,0.04305615335263145,-0.7845046234342847,-0.04843056351780633,0.017827394664030875,-0.9031146771887121,-0.045576765078008064,-0.00651190454499396,-0.4575824321542845,-0.09220386247169142,-0.012544303946237465,-0.684838191887792,-0.04654022398387836,-0.05452697900753277,-0.8451955606152881,-0.037851497462552494,-0.09058384316872954,-0.9918558883968629,-0.037182835459811006,-0.12181680261621634,-0.4322398743791558,-0.04006365194572087,-0.0910984561239407,-0.6553680156219179,-0.018321237268789484,-0.13366124846955085,-0.8063026444830423,-0.016074259526188378,-0.16577165360303256,-0.9415098608714796,-0.02432617120969625,-0.19376983129511363,-0.3988082521522961,0.04471518960756032,-0.16039954234216197,-0.5660494957361687,0.043028755498560084,-0.21160548268900162,-0.6829385692303284,0.027408676255211862,-0.24587722759584948,-0.7911746169717848,-0.0012933099919028774,-0.27497499357997857,SPACE,left
0.0,0.0,0.0,-0.17886976825017376,-0.04448363370414086,0.11006752346542922,-0.3612203341868783,-0.016290973811471106,0.1488926092186707,-0.4848849097866762,0.014675839343549026,0.15867730657154946,-0.5796917511056893,0.04349177264362385,0.15853604927955328,-0.48156872944296386,-0.08578314121246998,0.08571535176996099,-0.6714410238942448,-0.04958626325329311,0.06359931314506856,-0.8051434699137912,-0.040133421807769736,0.039763441297530816,-0.9218184596495769,-0.037137792631049465,0.016631370368234265,-0.47707445427716216,-0.07696724509732426,0.0016592555679469405,-0.708631656660026,-0.035281182442517205,-0.02750803745601373,-0.8597342112421935,-0.02951518749562139,-0.05505171402869527,-0.9962197249873798,-0.029616341250046845,-0.08166475296619813,-0.4501872320837283,-0.030620396187809665,-0.07825359086369278,-0.6725479415768046,-0.006583954689873172,-0.10490049783335659,-0.8102747365988995,-0.008328972426034698,-0.12633059044785946,-0.9297236948413198,-0.020657767533339366,-0.1505008066313004,-0.4142640697175767,0.04167710200258854,-0.1498364019826552,-0.5713029178277206,0.04576717785104908,-0.1824219292475919,-0.6782933824503127,0.038011548600212185,-0.20312201738709215,-0.7761654596619908,0.01760306271647747,-0.22480277731906853,SPACE,left
0.0,0.0,0.0,-0.169178516934388,-0.07726054998712106,0.08384321686687142,-0.34540188799500987,-0.06644659699561786,0.11247848456982759,-0.46275740254320646,-0.051296442369046444,0.11531859115252102,-0.5523807929119429,-0.040303241935782635,0.10959831034486293,-0.4815605913885231,-0.11147312470084238,0.07586918454530321,-0.6722763990503255,-0.07960690671170415,0.04898153464273784,-0.8020973778227928,-0.08405151614191217,0.020300503137161755,-0.9187070379267857,-0.09552957704917012,-0.007210694284006553,-0.4786131993728982,-0.10051848395080919,0.0026286162356531748,-0.7059949691366009,-0.07009329640926089,-0.03306249209078232,-0.8506596632244796,-0.07861647370529486,-0.06894905282406825,-0.9903843110378986,-0.09390307452524091,-0.10159295765304856,-0.4540326682743999,-0.05192573639937013,-0.06932134656565986,-0.6811629738181773,-0.04332824908522459,-0.10398294190494399,-0.8166688617745961,-0.056078724453831164,-0.13318162855081897,-0.9373498184898629,-0.0781342573238651,-0.1612525821753528,-0.42010763862705547,0.02723944159829642,-0.13522757780040467,-0.5752835371078153,0.028049966139804,-0.17477918133949905,-0.6822667722932846,0.013375307492727851,-0.20195453123574,-0.7835045045068683,-0.015546933767014477,-0.22776959190681284,SPACE,left
0.0,0.0,0.0,-0.17032250886682537,-0.07599379909495202,0.10910121576771754,-0.33936688806114895,-0.08029115586667937,0.14654351975121968,-0.45172153015733546,-0.08036970868857937,0.15427335849397217,-0.5440322673240965,-0.08417052460630556,0.15333398786591418,-0.49305760080131916,-0.11584424537445405,0.09361683618318506,-0.6847393039882161,-0.07687610721278997,0.07619133905141896,-0.8067557079900141,-0.07514183024066226,0.05569995938316857,-0.9176645313058703,-0.08052681433237939,0.03284404276064101,-0.4876492154946947,-0.10954220412467225,0.009867987284728078,-0.7218593929394468,-0.07170396834208934,-0.019608159861226725,-0.8619599971147367,-0.07700534306798175,-0.05120104207323019,-0.992733276847714,-0.0874407561940724,-0.08267257825548252,-0.4606603238757594,-0.058686013601991174,-0.07012264781353111,-0.6919529930700037,-0.04621469477896215,-0.09662968313480474,-0.8257056943180552,-0.05804106906350227,-0.12215283113245073,-0.9445998000403949,-0.0782311433905651,-0.15108950641103205,-0.42812710823445643,0.02173796473824517,-0.1416600368415894,-0.5811950429135752,0.022427712607787822,-0.17691063036847335,-0.686725173419109,0.00814279962944014,-0.20386774219681214,-0.7854972329692798,-0.017693905538931912,-0.23188762490392947,SPACE,left
0.0,0.0,0.0,-0.17431522570834393,-0.07555803885535807,0.10879338960806947,-0.3404436882579044,-0.07947057382094366,0.1469965522210189,-0.45496614444176026,-0.07262808722954711,0.15592009730427042,-0.541979378719184,-0.07533294518635023,0.1550872133896543,-0.48034067930525426,-0.12332898927618896,0.08640269162906826,-0.6715653745651976,-0.06610846100718919,0.06564199355387425,-0.7949470744683287,-0.058019775709162266,0.042952935223478185,-0.906640955190823,-0.060476140710381106,0.01769505257131347,-0.4767673095307366,-0.11923430082174909,0.0029472683605916597,-0.7144702068603082,-0.06344753894486202,-0.031596145531088846,-0.8584808671663687,-0.0642408120990901,-0.0685798848178587,-0.9918119312753689,-0.07327959555712331,-0.10459060117815262,-0.45127453359145747,-0.06501610016336981,-0.07596866073741895,-0.6871302563886843,-0.03769064978156592,-0.10808479610600308,-0.8239084834818379,-0.048937429749524,-0.13905288063987667,-0.9466836688983362,-0.07159223317352402,-0.17171257490125602,-0.4205055919220641,0.019791938050660842,-0.14587800446277635,-0.5732989504088652,0.025789685503790193,-0.19191196236425073,-0.6794865309284804,0.014635506967815435,-0.22737470134944376,-0.7786059710983849,-0.008728742910895503,-0.26087098233807565,SPACE,left
0.0,0.0,0.0,-0.18913565983010344,-0.09643652764672211,0.11763661509294408,-0.36726953893295355,-0.09637850306167006,0.15909073111936722,-0.4919715587409744,-0.07744179378659424,0.16924934209508302,-0.5828226211988392,-0.054559745437756026,0.16876305348549547,-0.48552271168164657,-0.12534940649147425,0.09257706443321498,-0.6852586380805125,-0.0637822608213091,0.07388672674776668,-0.8123508449241634,-0.05060548974197876,0.05478346711735976,-0.9228605303305325,-0.04860869874628866,0.034114980580895654,-0.48134853482348744,-0.10987647215940204,0.00439170181817233,-0.7232314703119345,-0.05186805680250342,-0.024377425608695352,-0.8694406485876636,-0.04841166801654198,-0.0525589667755947,-0.9953944556594448,-0.05208751217119797,-0.08047837422719657,-0.4535831054565305,-0.050320157837502655,-0.07942909908675357,-0.6919733867933586,-0.025142545113520577,-0.10685106383350487,-0.8346742070160097,-0.03309936596464825,-0.1354746182564608,-0.9563361245106444,-0.05333657121478964,-0.1660240798571863,-0.41726211072434244,0.03406276039398714,-0.1534152110956618,-0.5708547843640336,0.03703266094449502,-0.1944501211212194,-0.6813745841476135,0.028588819522271106,-0.22636993111462328,-0.7795684848347307,0.009671141246421064,-0.2565872818162722,SPACE,left
0.0,0.0,0.0,-0.19184319180328718,-0.0657104541867529,0.1355009960500483,-0.3673576054265218,-0.05226232807582847,0.18448940470537664,-0.4965213390717632,-0.020890555177002564,0.2000869187335089,-0.594731414565462,0.00909198041883206,0.20570461348857025,-0.4795455041362749,-0.13905459269111278,0.10814342534588303,-0.6945873466318535,-0.0698056140508897,0.09995931956589409,-0.8206754781763769,-0.04862794087422636,0.09036177567351335,-0.9285177781116667,-0.03831312261079322,0.07745773951550247,-0.4727988357446204,-0.13324512205642303,0.01598639151483112,-0.7344641001645242,-0.06593906030580897,-0.002462561677917374,-0.8785618661056448,-0.05126903683975356,-0.02256310989864111,-0.9977414307140161,-0.05057065623037748,-0.04421138049391082,-0.4451168717483138,-0.07008339433366866,-0.0693202240805879,-0.6925002661420405,-0.042585430384407194,-0.08165077579113059,-0.8331960129584955,-0.04062081505916637,-0.09546355150240798,-0.9513269989855133,-0.05938646863409362,-0.11634780875885177,-0.41353483227509896,0.02905165255388345,-0.14363732833207266,-0.5784749197189694,0.03441741369213907,-0.16403048214057073,-0.6845555485211042,0.026302736188390047,-0.17814521375234538,-0.780017715316599,0.00537234456454639,-0.1960836060715818,SPACE,left
0.0,0.0,0.0,-0.1857309528163889,-0.13236688622781326,0.09904847969439694,-0.34756540735497365,-0.1562064427722172,0.12777299341968873,-0.4682408723139619,-0.16245188880062245,0.13040210462644639,-0.548239877252815,-0.16070373333000298,0.12243482577134292,-0.4800974393613919,-0.15063146352698273,0.06530873705536784,-0.6849332288382134,-0.09428938853680964,0.04299215060325328,-0.8142796216405451,-0.0767302396550489,0.022795475105544284,-0.9261884199350067,-0.07152471784841757,0.0035218191364060282,-0.4714186930935142,-0.12243630692979533,-0.012400024990332568,-0.7182777768545742,-0.0687128140888114,-0.04138809015420568,-0.8675081934567682,-0.056217496508679646,-0.06533310323141914,-0.9945789821673083,-0.05563605650298818,-0.08784803610688839,-0.4339241843413645,-0.05273910893689181,-0.08469787484809396,-0.6700159698618005,-0.02813917372717348,-0.10800507781631143,-0.8123136566637976,-0.031096972238937173,-0.1231474945115337,-0.932279562716944,-0.050550540137085015,-0.14202984720683023,-0.3826649704031018,0.0413150630353929,-0.14891622887007713,-0.5429990250183356,0.04826822400158954,-0.1809535141766989,-0.6547890717703433,0.04288155077367467,-0.1967509175433078,-0.755488314526943,0.02720288050983904,-0.21267835753683972,SPACE,left
0.0,0.0,0.0,-0.1857222513775496,-0.13745442946200848,0.06743571564085175,-0.3730986349510674,-0.13586510528421794,0.08848382819216115,-0.5048798702064489,-0.13705159054008545,0.08904151083741617,-0.5925697824050769,-0.1372111179694458,0.07982762081447836,-0.48091216045658547,-0.11818803486701882,0.0366962413998028,-0.6800860155475464,-0.07329408943129608,0.0001815069233075345,-0.8127025184118973,-0.06203526420885538,-0.030410637189997897,-0.9260287458110367,-0.05959346533042056,-0.054753827390090846,-0.4660817380140053,-0.07062658818682574,-0.029661839739587297,-0.699006097320835,-0.03019490798284757,-0.07017826135225966,-0.8549107906278294,-0.01591808753177237,-0.10542489806717469,-0.9909319658416786,-0.013209819953287065,-0.13371364825606957,-0.42712520408978755,0.00494213403135267,-0.09321242607352889,-0.6523745572538235,0.03744697346110736,-0.12965626227312305,-0.7911558625420942,0.04026652428668677,-0.15506385984620732,-0.9088276042518939,0.026673565119235392,-0.17661100820870435,-0.36901910689863493,0.09945377360242567,-0.1513270866070338,-0.5279762900245841,0.1255475240577914,-0.18966489894455843,-0.6345877313219687,0.12308047739063727,-0.20909620823592817,-0.7305637426387627,0.10605349732947558,-0.22503680971942477,SPACE,left
0.0,0.0,0.0,-0.1734905316012043,-0.13490134056213013,0.06590092872445955,-0.34182960778456656,-0.15085967150156723,0.08730341506330883,-0.4627976558355285,-0.15392467640099927,0.09031310662557251,-0.5470726685035505,-0.1625825877518883,0.08500419092989775,-0.475297081608276,-0.12515233189671687,0.0379876908236682,-0.6741516326093566,-0.0839793350262517,0.005270306928424913,-0.8066524856420565,-0.07009267531297839,-0.019628383141787258,-0.914592541679565,-0.06201271690607763,-0.037655913964168015,-0.4695203060737808,-0.06378467142923606,-0.022248257962125782,-0.705859181272474,-0.023759043340046193,-0.057713450284795235,-0.8619793628452279,-0.0013406929394772261,-0.08527337646762861,-0.9943916319212968,0.008586952388737978,-0.10541132108826771,-0.4388434524003554,0.023268756384226413,-0.07900750159901203,-0.6660799359186184,0.05484898282159538,-0.11123116081825977,-0.8016277098720391,0.05983915118057666,-0.1307356842505642,-0.915113396985186,0.04679353417264331,-0.14560194253398567,-0.38419238357927443,0.1295117641251163,-0.12995894523602217,-0.5414249593348825,0.1456320247013379,-0.1637098113744179,-0.6459184109830989,0.14418659156028976,-0.17554237895758426,-0.738839952193075,0.128614358156179,-0.1830125768132712,SPACE,left
0.0,0.0,0.0,-0.17804502874237643,-0.1284225282898742,0.06853193429525765,-0.34356981247586743,-0.1423222577534417,0.08501817814710927,-0.46604404101764363,-0.14875219874893295,0.08345664326346247,-0.5423306742733857,-0.15914379577532406,0.07169252798165725,-0.47499556914853186,-0.12513458337801805,0.015698393684751052,-0.6807227313566875,-0.0801089147299624,-0.02127931566129054,-0.8149288991782053,-0.06864368858952695,-0.047384701758360896,-0.9239833200789425,-0.06554012670874974,-0.06664939395972584,-0.46295291968147567,-0.07186943077833671,-0.047051942475722565,-0.7058461583385202,-0.027392359804758334,-0.08667537100205758,-0.8606970559398925,-0.010893770229521602,-0.11688260630994253,-0.9900130783035743,-0.00765578978138077,-0.1407675163903384,-0.4233155239888225,0.010519036751656862,-0.10403276904730561,-0.6578964559940894,0.0481613938880666,-0.1402573908472087,-0.7976495895717572,0.052570201526426656,-0.1658631165035887,-0.9130669950409016,0.03720683693244602,-0.1871843514678922,-0.3641903691649772,0.11533912106648113,-0.15377746877208523,-0.5241211558151369,0.13853254420901148,-0.1961961858973437,-0.633365118021547,0.14007679002278714,-0.21728156887009634,-0.7316140662166967,0.1272830553177759,-0.232721220299618,SPACE,left
0.0,0.0,0.0,-0.1794303501006907,-0.12687060292277294,0.06753130678544597,-0.3489940664065818,-0.1467794195425965,0.08088009314778734,-0.4733653656792215,-0.15590915817788922,0.07426019083419956,-0.5632549006961628,-0.17758124806188705,0.06012975052520401,-0.46805154842074437,-0.12764554811838755,0.028172733178868547,-0.6749079753997926,-0.07962521348679978,-0.00863038307882494,-0.8090455947356753,-0.0681843675447362,-0.035430121535445815,-0.9173561034832729,-0.06790277565820027,-0.05443237510126824,-0.46023767083527956,-0.0784042613338542,-0.03684048611955554,-0.7051579702988275,-0.03519433765917051,-0.07439961122787864,-0.8625806983789341,-0.019698676647683103,-0.10168282481370532,-0.9923257004782432,-0.01617807543747638,-0.12258863750569758,-0.4304427630158286,-0.0006554983493104961,-0.09804221600559702,-0.6642863942976737,0.03006785197050786,-0.12764472522272624,-0.8063377725638039,0.03393468688995626,-0.14565054008995573,-0.9238316359066643,0.021327045238384506,-0.16217924066484674,-0.3823589756251634,0.09861639727560471,-0.15382775768640666,-0.5448948935006336,0.1121913962371995,-0.18328017464462798,-0.6563544751229201,0.11540230042056344,-0.19454405278736522,-0.7553206732986516,0.11016566420123665,-0.20388539070016048,SPACE,left
0.0,0.0,0.0,-0.17894101326987708,-0.10103711869789803,0.06997958627277454,-0.35322539865745856,-0.10340129200519027,0.08531623230895133,-0.4863982931895311,-0.09438636303184618,0.07896407816316132,-0.5849028152346325,-0.09254770295163235,0.06514834641243036,-0.45758934113056576,-0.11743387170514243,0.0371884479886108,-0.6696463633594825,-0.05977594390757955,0.0018582848219678698,-0.8084126249578437,-0.034271837302638074,-0.02628007257685737,-0.9225918543215645,-0.016405312984969205,-0.048019710278559315,-0.4533118971264043,-0.08194235325209387,-0.030861921751718705,-0.7043778946010177,-0.030721644378961282,-0.0663805335464258,-0.8602008372190562,-0.00769252809023591,-0.09619864480363212,-0.9926729703314411,0.00575531259081213,-0.12069486463945386,-0.4273131626194185,-0.010970652532713399,-0.0956333320179599,-0.6648971951774593,0.016824983244234117,-0.12326998645185967,-0.8069301293562068,0.02251817815885406,-0.14396979109933083,-0.9247417968349874,0.014952777305369015,-0.16474516068529835,-0.38685061061574966,0.08413821888925645,-0.15509336647734417,-0.545559769506919,0.0920611723258142,-0.18068830717023707,-0.6510774581668808,0.09356448949488995,-0.1913947860660717,-0.7441494019164703,0.08871792264740339,-0.20287041944686143,SPACE,left
0.0,0.0,0.0,-0.16988659582824683,-0.01860935619551757,0.05199098734733577,-0.32746407532891114,-0.008250646276463972,0.06049559664967292,-0.443575850385534,0.010775507743790502,0.05049545817085043,-0.5330476270352467,0.021316196333952573,0.035969464461703925,-0.4868220815559841,-0.09659548852327432,0.0485705460605467,-0.6860055150056962,-0.03668981372955028,0.019753703804992296,-0.8212098650629374,-0.019755920590757974,-0.00800122212787346,-0.9339960231157278,-0.01828972065990032,-0.030371743980677202,-0.4888080441770498,-0.08536194762492993,-0.0072563573810205464,-0.7224232249420829,-0.027284207840996944,-0.03423847244881396,-0.8688913633701391,-0.019744191978983684,-0.059671882203251946,-0.9962268025994016,-0.027442358911342907,-0.08233513660615366,-0.4665644232994291,-0.025961343891928255,-0.0630537348140652,-0.6879828354917703,0.012171953299358952,-0.08445475138810257,-0.8185368527100408,0.01062093698651248,-0.0964797575278368,-0.9296186582834199,-0.011150946779639114,-0.11085640434166001,-0.4314459966294912,0.06912300559853218,-0.11652971132929946,-0.5887891508128122,0.07875997378671733,-0.13606340559170246,-0.6909930145684098,0.07118687089359343,-0.14066537333948806,-0.7839559668365793,0.0529771517119009,-0.14756388043459934,SPACE,left
0.0,0.0,0.0,-0.17457771202186415,0.03590934337352631,0.040180471836741234,-0.3486781098982256,0.035165518279407434,0.04811697480852885,-0.4775076033314022,0.03096996492299698,0.038495126390642634,-0.5726187139448784,0.019974900642390034,0.026052242172981414,-0.47489085830242367,-0.06585681783522898,0.048986723951959014,-0.6692888819556277,-0.020656307732866256,0.011109741639566613,-0.8088390789921422,-0.012509555476496315,-0.025635192292549038,-0.926479923707451,-0.019118900393651692,-0.05578079920718117,-0.4762643075996154,-0.07450899133001979,-0.004616513152062001,-0.703148559891079,-0.02301894944884113,-0.045154877912113,-0.855710315212291,-0.018727933263330145,-0.08469967434617826,-0.9927918991960174,-0.02728046584764068,-0.11670484597436581,-0.4579876071252963,-0.042051629435838365,-0.0603413332938165,-0.6801561982328362,-0.0016773097611722401,-0.09418118908181286,-0.8152448373984307,0.0011458071662597202,-0.1144658453977059,-0.9349391458076142,-0.013802988184839883,-0.13356277129894942,-0.4324633281509361,0.017661383034758664,-0.11528261282924593,-0.5830720203399135,0.03785493660268798,-0.1460741625990823,-0.6809799133072767,0.03561548498315186,-0.15964526726734707,-0.7723963338958035,0.01901824661495816,-0.1727896062443776,SPACE,left
0.0,0.0,0.0,-0.16832916042571858,0.006293180804824852,0.05632734099484454,-0.35385323366963556,0.013454077143848187,0.07247032521346095,-0.48862254575672326,0.02893071263748262,0.0697221552525466,-0.5865361155554827,0.048608959755196746,0.06219595426931432,-0.46882184729841664,-0.07170687168195708,0.043708956314375824,-0.6649435034823605,-0.013446423935061158,0.007677794698274654,-0.8090167423207157,0.015412902737701057,-0.023741844730327904,-0.9279259667635635,0.032777109812343594,-0.050087310861844654,-0.4676677961940827,-0.06690408731246858,-0.017832584092917308,-0.6950683805943711,-0.0005194945343885988,-0.05928304944557695,-0.8522895682250933,0.02508273204011398,-0.09655175574619632,-0.991129331771876,0.03960416790600164,-0.12686275097879499,-0.4483299849155158,-0.020452144868333667,-0.07878733038575012,-0.6719863028926875,0.023493635601800063,-0.11378082760620062,-0.8152926374298319,0.037464964098151,-0.1379468404843009,-0.9424153383236711,0.0366431678166747,-0.16028725792798199,-0.42067049664793404,0.05319719037489712,-0.13634503543096455,-0.5752465769796077,0.0706226231198359,-0.17031589736822478,-0.6801644162410077,0.0701498395494233,-0.1885381874901442,-0.7773373401618084,0.05729878247724286,-0.20540866363411653,SPACE,left
0.0,0.0,0.0,-0.16783687142874518,0.025138175995670514,0.03667021485720688,-0.3526448560777396,0.03315856576740211,0.04863043232567893,-0.4892106081303998,0.02616475108729651,0.0439049729099167,-0.5920358600979605,0.012198871199365528,0.036383788750285424,-0.46025064205249083,-0.024157138861631212,0.04925002041726147,-0.6556212579143701,0.025698088972684215,0.010735253104069323,-0.8009423959676313,0.05087337500543284,-0.025317635368867428,-0.9208090391377467,0.05985413991253753,-0.053846942779881085,-0.46725750641596453,-0.023944809638495643,-0.0019115969565658365,-0.6957870958478511,0.03587330771057779,-0.04279443868743491,-0.852878504562356,0.054413101619037306,-0.08325389024875504,-0.9914673653396812,0.061590291537305435,-0.11488733374372057,-0.4553178617393388,0.0033961800965550677,-0.05610633488279647,-0.6786509585066758,0.04636049544149065,-0.09537091206689106,-0.8243890067567083,0.067168351506171,-0.12784142138446603,-0.9472169765119763,0.07562984776258563,-0.15359693406150254,-0.43361052906166997,0.04967878524044221,-0.10903928296251406,-0.5911802902321377,0.06292448572749468,-0.14283758906690833,-0.6999018241348638,0.07018065341698033,-0.16427590795931132,-0.7992763863909671,0.06992278623625807,-0.18301346913954378,SPACE,left
0.0,0.0,0.0,-0.1673768893770023,0.047526716537170485,0.03179942633239183,-0.34968509254623253,0.05548187719524013,0.040114288417456775,-0.48751262570603,0.052433898597396014,0.03254714608887928,-0.593033186586768,0.04611561533446488,0.023892095191096658,-0.46260713799455067,-0.030892558956171455,0.04869333952628867,-0.6587635916563674,0.02565416487770696,0.010009192503633203,-0.8034610140944715,0.055797632652627945,-0.02601674518920421,-0.9217175051065435,0.06929548843091914,-0.05442229865279786,-0.4694157530494831,-0.03092333407286616,-0.0005456569594328004,-0.6978645504595538,0.03727708462275039,-0.04214450633278608,-0.8546895769554929,0.06027051295393763,-0.08265872266692174,-0.9911035248224479,0.06958557495689344,-0.11345329806769751,-0.45728235278132884,-0.0022089081516387253,-0.05319340287403207,-0.6807541375973286,0.04908700115309123,-0.09234964130807498,-0.8254744688666942,0.06971529966403703,-0.12190268915923311,-0.9492824873194741,0.07645670628026845,-0.1450631466761807,-0.43452808712831165,0.04583960531926574,-0.10518285634445367,-0.589909305234744,0.06123972212230941,-0.13784498451057062,-0.6940420877590608,0.070369443400059,-0.15623389301382415,-0.7900800485576172,0.07016768007894843,-0.17214159223481904,SPACE,left
0.0,0.0,0.0,-0.17495729490074463,-0.09668559238648822,0.06171457869724507,-0.3363157917046699,-0.1038002853020248,0.0765761535830007,-0.45351438628569624,-0.10689162126390858,0.07347707353051948,-0.5421282036626516,-0.14217387303358797,0.06470958604744294,-0.46006443436725286,-0.08027099044612691,0.03327908743400779,-0.6699216242210145,-0.011008404167164743,0.0005190650530290703,-0.8109963089105469,0.018093415777270198,-0.020497835573296624,-0.9224277698438414,0.03709141133940141,-0.03360739965282396,-0.46104027728638014,-0.029743468165146596,-0.02440697812861812,-0.7081006033933831,0.03498473868457962,-0.05941905082789128,-0.8632900088708371,0.06651846558815953,-0.08094685703012743,-0.9919721885182416,0.08393901177155232,-0.09458022789751235,-0.44117396353423066,0.051154889873607175,-0.0786592701684104,-0.6706560965242774,0.10408687790682444,-0.10578912088249491,-0.8072092823510815,0.11761161274622366,-0.11759682020393476,-0.9174904526927621,0.1114874633963722,-0.12568510718969064,-0.40152113953981733,0.1550408589441407,-0.12813120727307187,-0.5713564491674843,0.17990469249517793,-0.14708633469979412,-0.6763859885340625,0.1840106530818702,-0.14623939369997876,-0.7643101355782171,0.17873452102917137,-0.14471926809243119,SPACE,left
0.0,0.0,0.0,-0.1664324069297919,-0.1380230964908418,0.05763671533857608,-0.3288884144493486,-0.1531315890359202,0.07354939816009826,-0.45267783767295006,-0.1369965563146142,0.07446061476811859,-0.5471817052314703,-0.13448161131001268,0.06919661078571337,-0.46373435554825715,-0.10902486940682712,0.020331564087667935,-0.6807117812454742,-0.020094320752023564,-0.008833901108623032,-0.8160071812463788,0.0203224724789251,-0.02488515156955266,-0.9212006701843826,0.056795805705210006,-0.033345280512278204,-0.46257933743081814,-0.0331023914613147,-0.03195510569694761,-0.7150631608167455,0.04573786188160976,-0.06228468945724528,-0.8678726281332466,0.08927077991754548,-0.07656295034517656,-0.9890786608341761,0.12108682342362344,-0.08403204076808514,-0.4402489871603302,0.06814264665299932,-0.0801512690152583,-0.6777898705980121,0.1312083470031222,-0.10271912879832149,-0.8128087792248778,0.14778599407461718,-0.10821070521613414,-0.9183165471666884,0.14452171324197344,-0.11094097732517581,-0.39479859645461635,0.1879387016816773,-0.12356897934128558,-0.5761492744271824,0.22210413759552386,-0.14121018777156868,-0.6856151896410762,0.2265505295631762,-0.1371257816903054,-0.7752955019084099,0.2182409584797636,-0.1310967653608103,SPACE,left
0.0,0.0,0.0,-0.16144586940502897,-0.12168831306091185,0.05397621488741842,-0.3169051549192614,-0.13337629869927456,0.06968516281753034,-0.43173382893281775,-0.11878942817078728,0.07047410605021427,-0.5186642376242987,-0.12365755458923912,0.06591529317779889,-0.4618519206821589,-0.08406444020786874,0.026163619765909505,-0.668068725247856,0.004129958493685877,-0.005403111762796592,-0.8020971890055195,0.042219283341794894,-0.024367469863922096,-0.9092477960429902,0.07386133467774968,-0.03522384569081377,-0.45959987819745546,-0.015232592375388813,-0.025908036477970256,-0.7059989307861861,0.06489546582304956,-0.05963677569349377,-0.8605379576162228,0.1056930405431415,-0.07572253768890103,-0.9874910748115138,0.13351132600088259,-0.0838814818484235,-0.43633904430861575,0.0824064338083517,-0.07534353503274717,-0.6642902019198699,0.14482784649000824,-0.10246478931949927,-0.7984282002728214,0.15882586351646208,-0.1087660925757528,-0.9077112301730315,0.15363963854826765,-0.11073463375500534,-0.3890091736986973,0.20015374255593998,-0.12059120656294774,-0.5597453136498416,0.23293007925332831,-0.14074706909206,-0.6635493726686199,0.23563174584400876,-0.13667057349586634,-0.7498589919402597,0.22684684719021903,-0.13046091091604134,SPACE,left
0.0,0.0,0.0,-0.16018807538729726,-0.09590703467389758,0.05651403965088582,-0.3100933013257557,-0.10942745834448729,0.06880529883890324,-0.41957711419358446,-0.110112076677928,0.06258201038076425,-0.5040112728783003,-0.14267950654417472,0.051613419964275785,-0.46214987147644815,-0.06896929828540141,0.041254647020980716,-0.6616339148550877,0.009344841433804232,0.00801892415081967,-0.7992038075006709,0.04529724482251256,-0.016191579171808714,-0.9093289101633129,0.07063497894124714,-0.03338149879264984,-0.4650317677576932,-0.02092631300081191,-0.01720784164698521,-0.7023133795386826,0.052969275587785525,-0.05503102389148099,-0.8576836230849813,0.0911824414603253,-0.08147740642500324,-0.9884098004774715,0.11451060892676526,-0.09966637729598801,-0.4455931593268456,0.059543832861999116,-0.07397251961095484,-0.6701016276129416,0.11338187307239235,-0.10263745872388991,-0.8057044594510863,0.1289724685031038,-0.11603288435958618,-0.9198744731564882,0.12783015820150265,-0.1268573919596299,-0.40628265707887506,0.15991014200818965,-0.12717120678478844,-0.5654440106394542,0.1862648627440141,-0.1494239849460953,-0.6685496158131788,0.19322923975024692,-0.1522614043453236,-0.7594417834878254,0.1929237461297971,-0.1544918985541486,SPACE,left
0.0,0.0,0.0,-0.1702988521706225,-0.033615083068073745,0.04302260379442543,-0.3511104391158174,-0.02022227645035799,0.0569813668896997,-0.4778735955048537,-0.005507296745570267,0.05439246367369327,-0.5744422249745211,-0.0019792190104827487,0.048254573369514955,-0.4696896276241378,0.0052396570260904544,0.047816739648532516,-0.6650915514160208,0.06186025047483427,0.012915669301160634,-0.8064994218107184,0.0879497812873403,-0.01867237290436588,-0.9237561632916194,0.10224467346928022,-0.04260592683734203,-0.4745994604718724,0.026764382858502456,-0.0037368088877336226,-0.6990783715356137,0.08733081307222808,-0.03759638826376363,-0.8509196709742906,0.11041234189932152,-0.07040711398657372,-0.9876571323849438,0.12352929058713331,-0.09630110703511804,-0.4577954116772658,0.07145350447311809,-0.056728125312108656,-0.6731015671760923,0.11445474263678708,-0.08661663090112616,-0.8118426282881531,0.12995483537742858,-0.11132888381353911,-0.9303908615372092,0.13454073376427791,-0.13193350394324482,-0.42624351033617486,0.1326976631064886,-0.10792003861468864,-0.5821292650649234,0.15146216599777615,-0.13176222274098817,-0.6867706426342332,0.15815918567241583,-0.14367460435715193,-0.7798572163471883,0.15839477437124147,-0.15518145153142732,SPACE,left
0.0,0.0,0.0,-0.15779243316349434,0.12727780533146402,0.030766057679572047,-0.3331614153765158,0.1550724946089106,0.036262133578871904,-0.45639510688315366,0.14742313261090845,0.024799811173850876,-0.555444499713755,0.13646624196906423,0.010717000801058373,-0.46907633490807693,0.08635287284803497,0.046709171068790446,-0.6541826403091434,0.12413348112052054,0.0021349962990121,-0.7940339533267353,0.14061130977974634,-0.038790287056820354,-0.9100238580305592,0.14002385501754683,-0.06998203651440912,-0.46977272795260094,0.0639425765856527,-0.005794763232643862,-0.6894450826716985,0.12496790776500849,-0.05356154846737422,-0.8438962907537125,0.13987607786935013,-0.0974854173819318,-0.9814402774189658,0.14214280610405222,-0.1287260833423019,-0.44885847232512205,0.05111533066429698,-0.06258096160854798,-0.6651695735580386,0.10776770326597135,-0.11094449688282837,-0.8077363593372743,0.12013321326274178,-0.14495336241012255,-0.929952391361825,0.12018409623684613,-0.16807696759937735,-0.4137061861884206,0.05000619009046901,-0.11886167958811354,-0.5622233027425727,0.0860581305139943,-0.16031059844317044,-0.6630170613609537,0.10043351798788686,-0.1815536142440929,-0.7552842679862676,0.10306481731896433,-0.19740709460171704,SPACE,left
0.0,0.0,0.0,-0.17139611126800122,0.09886623442398239,0.05432928874067051,-0.3554099277302249,0.13801457413152723,0.06536993538486101,-0.48710455154580484,0.13549753127503733,0.056458291668476206,-0.5784537528015609,0.1590890084937323,0.04219282175022188,-0.45426680263229735,0.140371034333534,0.03654707456699668,-0.6517981754666546,0.17190727487173885,-0.010141885139659154,-0.7879074183522333,0.177809389388136,-0.04651925899696951,-0.9008690927725591,0.16841964959318997,-0.07365327765334821,-0.45103295410496325,0.12406019550111196,-0.029016541457151747,-0.6883222389381131,0.16420505687715184,-0.079090449562154,-0.8449008899481483,0.16568252426436106,-0.11850266929054672,-0.9765144870454795,0.1580823250585922,-0.14638796089287454,-0.4252169859431914,0.08647155326612778,-0.0952941552955714,-0.6630309388331203,0.12044474589476473,-0.14377598574272685,-0.8064610660491845,0.11734754638731548,-0.1722701476721591,-0.925092204012718,0.10486087449983193,-0.19284501755242206,-0.38709137456548937,0.03330064412568108,-0.15843879661456337,-0.5466182749771502,0.06218934333048052,-0.2030905017782787,-0.6559840210796837,0.07363884648288879,-0.22450371740675903,-0.756088386544893,0.07127717169010363,-0.2411306239513928,SPACE,left
0.0,0.0,0.0,-0.17337975243395398,0.08282516953893104,0.07436190851135129,-0.35181096509390763,0.11341280665852604,0.09743623935013718,-0.4756443229093896,0.11590750618273972,0.09701550352090635,-0.5713591728589027,0.1257366116538622,0.09125332794525444,-0.459826713338022,0.11173728804256766,0.0647452227359965,-0.6487459986507023,0.1538774935065955,0.02707549464746316,-0.7861032328587386,0.16523761892915728,-0.003940470776014609,-0.8987175012753692,0.15826279491238818,-0.02751770103067982,-0.4645412319776314,0.10107288706557989,-0.005070216385803444,-0.6963309404295085,0.15983057212779728,-0.04990045052356131,-0.8533146890985405,0.16491372883504626,-0.08435121282660211,-0.9817492306563916,0.15588715696059852,-0.10893870937515715,-0.44267012720160814,0.08543386985284827,-0.07456337604088778,-0.6733384727454199,0.13873310121554494,-0.11320112032686226,-0.816060536172648,0.14268663794818467,-0.132760637682402,-0.9330362670448878,0.13105003397489326,-0.14821466996885066,-0.41062232108866065,0.06945218437854278,-0.13985249229958235,-0.5719568779338904,0.10845923262462,-0.1755478575583192,-0.6821827232634375,0.11964489422181769,-0.1918503533740933,-0.7789551436230392,0.11492864426180387,-0.20562275748123351,SPACE,left
0.0,0.0,0.0,-0.16561868629844323,0.12232064703279592,0.053894085424732036,-0.3351497584993111,0.1490199027833907,0.06971624715426572,-0.4489337037982422,0.15343731229759242,0.06558854684303736,-0.5392764279310266,0.1634465735558345,0.05957765263156648,-0.47209940861997773,0.10923644579203136,0.07322766378207937,-0.6611332173683491,0.15660790272976158,0.037159359885252014,-0.7995279830025239,0.16634675976326416,0.002877304855672348,-0.9137630055977493,0.15551364006108948,-0.02228121672486383,-0.4796354801928414,0.0885046480518812,0.016040554506535052,-0.7041469958743574,0.15508529824438774,-0.020673713636932455,-0.8558067703503166,0.16165168143321057,-0.055490750571289195,-0.9851076132064123,0.1517944384704688,-0.0807554261471071,-0.46304261597425084,0.07402887402469617,-0.0440479853739906,-0.6835312970625406,0.12180674447632586,-0.07846495269953387,-0.8230477693762566,0.1233341920224413,-0.10213196475657466,-0.9376770978335275,0.1107636242792167,-0.1195845647458069,-0.43462165213001636,0.0668295297028389,-0.10201944767524805,-0.5864895436883995,0.09596349971180933,-0.13041594397302758,-0.6850808074409234,0.10664648453099433,-0.14327330331145238,-0.7709356286198227,0.10774720461398857,-0.15408158551114323,SPACE,left
0.0,0.0,0.0,-0.17936819299325124,0.06290630718258519,0.05389751380624109,-0.3585696224287412,0.09637575322527803,0.07303541400865694,-0.49129458626311745,0.11401866520272287,0.07203658939513209,-0.5955497831058767,0.13181368168325483,0.0702351437138003,-0.475723980464337,0.041023028288838914,0.07653739828911668,-0.6705516932090212,0.10494659317376805,0.045324568299725906,-0.8112702799032492,0.12839207004086534,0.012213552534388206,-0.9264297961224955,0.13790566203766721,-0.01257299353427887,-0.48047243828484987,0.0452819543752783,0.02161908023278494,-0.7081134362671323,0.12046192492235501,-0.010233900335559072,-0.8579132400886439,0.14014701804867513,-0.043043995715789776,-0.9868000868464478,0.14706098135876255,-0.06781339367441261,-0.4661353448665425,0.06612645768825984,-0.03589156640189857,-0.688691802664727,0.1199164467043874,-0.059215488269471414,-0.8262597684979276,0.1318273993307481,-0.07566577603815333,-0.938720942763204,0.12527655021901188,-0.09065009529875795,-0.44452036701935577,0.10154932363134209,-0.09222345567153976,-0.60106373945121,0.12732397635075224,-0.10789044643588717,-0.7028201726623524,0.1379123863746737,-0.1139360624866397,-0.7920459383486147,0.1366256172451091,-0.12150438784167256,SPACE,left
0.0,0.0,0.0,-0.16947527518116215,-0.02336500525914684,0.03621154197092109,-0.3528558230901694,5.040418904668891e-05,0.0486536290703381,-0.4913848385507205,0.033001630540626,0.04572807739379164,-0.598940821333877,0.06267562842714254,0.04028174426615292,-0.4504019983574956,-0.004819951801358983,0.04812561445581242,-0.6442461280804717,0.06350244836291384,0.010847708395833837,-0.791356968963915,0.09716616319706098,-0.02397258365796381,-0.9108740433835847,0.11465190910455866,-0.049674310558963056,-0.45790935399436833,0.021823921083470026,-0.000325320589443618,-0.6801182020591114,0.09075540601456991,-0.03710651179225057,-0.8409348844617058,0.12111648539405351,-0.07528315596017683,-0.9851404497439731,0.13655150476995787,-0.10417284110219299,-0.446659248276522,0.07492329997861481,-0.05096063331774586,-0.6608142172345394,0.12528760278356488,-0.08163386181039242,-0.8094068593179244,0.1462351193225266,-0.10706507171677311,-0.9374787130102662,0.15066713644395988,-0.12764050733242494,-0.42049168814834825,0.14815457640784932,-0.10058319886782559,-0.5783731802684623,0.1711626544421208,-0.12463640400557044,-0.6889949397967784,0.17794276915085103,-0.1366948464157453,-0.7884925357815057,0.17486688424853847,-0.14773291134034086,SPACE,left
0.0,0.0,0.0,-0.15849479651306023,-0.04846491303490484,0.0269183869389424,-0.3274267140074056,-0.05151642620527728,0.0315786664509727,-0.4511984093243883,-0.05776810004209986,0.021444081875892515,-0.5428042173216678,-0.08058747795601855,0.008516620071359721,-0.4525206036299637,-0.022790231346060317,0.03917400327627256,-0.6457180987416006,0.0420974478330449,-0.002299262163548263,-0.79316157659796,0.0701088893577349,-0.041718313002389755,-0.9142577494699434,0.08537930619633465,-0.07054032306330364,-0.46117051006393306,0.00863069619606271,-0.006793631617519894,-0.6830527324177884,0.0718358235033436,-0.04523880438593338,-0.8417645383769942,0.09485896242347219,-0.08487157455541687,-0.9876794112335813,0.10632151265577468,-0.1148264628553635,-0.4508756773275565,0.05941117156291604,-0.055467196196032756,-0.6626109195347168,0.09994146143597589,-0.08818201192378117,-0.8057815105430387,0.11218209254569762,-0.11433329795903484,-0.9274425968938771,0.11145409077123504,-0.13436624742514303,-0.4258453997571808,0.12575829888532966,-0.10425071351070198,-0.5830081981191133,0.13986974219836096,-0.1271349342578306,-0.6891164108919244,0.13941744045895874,-0.13630275532998337,-0.7830009505581315,0.13225440643896452,-0.14480432891832348,SPACE,left
0.0,0.0,0.0,-0.1643979798890278,-0.007163162979508998,0.03224979378276564,-0.3516781604252169,-0.0029007922707240522,0.04403638474893546,-0.48895027402811875,0.007761223064233514,0.04094998153685061,-0.591821881170752,0.016926581738803657,0.03642533577713513,-0.44841701541441553,-0.0584640138658804,0.04513843426628273,-0.6426479496808789,0.002391612651991341,0.005326781683860721,-0.7942709945695423,0.039160381811321344,-0.031121592049639085,-0.9168431829665454,0.06439339546153705,-0.05898139890514371,-0.4548864588246156,-0.04140021976926735,-0.0035379868031176847,-0.6809230418789599,0.022402145700900468,-0.04461568166968575,-0.8442093882561834,0.050717227600501485,-0.08397300024799105,-0.9911860435865294,0.06803523489433684,-0.11367248485079863,-0.44556430396074637,0.006485888807156193,-0.05509345520534781,-0.6628088765126386,0.042060420857757325,-0.09190938718963161,-0.8138942447970041,0.05948613922478615,-0.12099943488253034,-0.9466861803344886,0.06701436490924453,-0.14378952247613022,-0.42563424037327896,0.07335061315783825,-0.10590817827463585,-0.5814969337047039,0.07807533804211447,-0.13696902947117331,-0.6906722749141626,0.07807094423376741,-0.15434509780388042,-0.7916761368971544,0.07148588089534919,-0.1691523260864833,SPACE,left
0.0,0.0,0.0,-0.16257161351051894,0.014289198153161606,0.030531890650079926,-0.3340921492245992,0.021247775389573467,0.03508298225116227,-0.4625400819901562,0.032093824620663715,0.024872061562839616,-0.5585332663612147,0.043602336366823,0.012407640806166716,-0.4457719727649818,-0.05863029852116428,0.03624485351929059,-0.6429159670775442,0.0010540251802259267,-0.007623312105105113,-0.7938968525119087,0.03207063843263629,-0.04764685970296032,-0.9165175993792897,0.04657490030943996,-0.07783323589351653,-0.4553909284837843,-0.05130689371395369,-0.012588356365933234,-0.6849535906431496,0.014380641639616673,-0.05603082189611184,-0.8476934223137451,0.04059996161102794,-0.09639000130293224,-0.9905787792202104,0.05071044085663617,-0.12720901440826968,-0.44711677167057196,-0.0086430064778526,-0.06391531988454267,-0.6703320965605544,0.034704873305057275,-0.10048807131411984,-0.8204805268666079,0.05272846729316524,-0.12739639666253205,-0.949350188001133,0.054482928286198995,-0.1491169455237972,-0.4259832710648479,0.05842162282891754,-0.11468055437621429,-0.5810346337636786,0.07150076222017891,-0.14427703579260995,-0.6889125139519534,0.07688504460828027,-0.15877522016732226,-0.7869622895416681,0.07238148247458767,-0.17165405337043352,SPACE,left
0.0,0.0,0.0,-0.15758913242242567,0.03332822090587579,0.04778150734386783,-0.3268868519967551,0.04349645613170811,0.05851293686996359,-0.4514530985590707,0.05311006236690704,0.05268775144767134,-0.5463669311867131,0.06570719006896145,0.04292476482261595,-0.4552834633283849,-0.05399749099045256,0.03596777710713814,-0.6573913572032651,0.004360642567295439,-0.0027277387137345298,-0.8024399589878369,0.036452178702957805,-0.03550892908367613,-0.9217924928914097,0.055454003650498025,-0.06243674756057838,-0.46139928204186076,-0.05427391594448516,-0.020250992288507574,-0.6972918426940181,0.01496831118747081,-0.0630797121704472,-0.8535889164012955,0.04547090420441803,-0.10192768268450096,-0.9890954088313776,0.06306747630840878,-0.13308931460030224,-0.4460793796618513,-0.009734806235156905,-0.07608624429896516,-0.677642098113675,0.04031801393097526,-0.1135890685520174,-0.8188983630188278,0.06211967007020529,-0.14206074152379722,-0.9395962169219342,0.0700941852967982,-0.16644046899240864,-0.41803214297432795,0.06444170639967543,-0.1286394121247809,-0.5668904276933587,0.09040085611544564,-0.16455597578205283,-0.667826899584968,0.10660218271533299,-0.18551365182983237,-0.7604310382684571,0.11145096106227569,-0.20383987017210223,SPACE,left
0.0,0.0,0.0,-0.15800494693291195,0.02150352575322279,0.04734675413386862,-0.32799747094990517,0.030866671727029872,0.05798180920649304,-0.4574773499169332,0.03699375399364104,0.052510805058542165,-0.5530907101768224,0.04488761083418777,0.04299139618343749,-0.44981654618659284,-0.06106191849809415,0.03135834850691024,-0.6541045753597382,0.005490246188540453,-0.007583035963918038,-0.7992760995085846,0.04302033869734422,-0.040357128927125764,-0.917601487170097,0.06699538741161079,-0.06713128983499106,-0.4545982476477683,-0.06021712733707005,-0.023736851793795276,-0.6933288901620152,0.01614889327496532,-0.06733445994741248,-0.8522129007721579,0.05183997529105916,-0.1067709809428261,-0.9876223468585499,0.0736678772284425,-0.13847434365349195,-0.43819784683079294,-0.01383354753392861,-0.07788612405632406,-0.6721240098423238,0.040205774212544176,-0.11497224248114249,-0.8159573240506638,0.06739052316000142,-0.14250186521379934,-0.9377207196302524,0.07882952907698156,-0.16643673599368192,-0.41038627992538695,0.06260439263519307,-0.12865398913174889,-0.5636606705366937,0.0896076554275982,-0.16478857068929598,-0.667767814851593,0.10665870678302303,-0.18573284806844548,-0.7630036501637271,0.11165774872389775,-0.20392245877573487,SPACE,left
0.0,0.0,0.0,-0.16116516352710983,0.014338476961654337,0.03415878681489445,-0.3366619588012467,0.028384653041987246,0.03818099214726966,-0.4679509276693083,0.042862690648131294,0.027088618767781496,-0.5648834578211014,0.0584349409208089,0.012689371369926181,-0.4526719999517771,-0.07764925404470853,0.02633832385984484,-0.6527225800938263,-0.01171624892250867,-0.01593745987407603,-0.7954901565527106,0.023801935100123347,-0.05416323278392923,-0.9131132163380898,0.04552466179906796,-0.08539979252637485,-0.4590217027739116,-0.07204373843667587,-0.02439164156090351,-0.6962104329554515,0.0010760268724492384,-0.07008732198007787,-0.8524909739254214,0.028904787186275042,-0.11267230252620047,-0.9881308429444631,0.04468086138703242,-0.14697298339347173,-0.4423481902853082,-0.028552309716663397,-0.07599810095608615,-0.6746428985105185,0.023109853251094565,-0.1140615235096916,-0.8149244360511244,0.045417181712682025,-0.14174940777397804,-0.934808255676378,0.054894636782553005,-0.16587250604097797,-0.4120365582420614,0.03772387564334096,-0.12609585780667917,-0.5613917853569136,0.056332540523803536,-0.16024469240171554,-0.6660983338102197,0.07051684690527121,-0.1803493431803777,-0.7640635718642836,0.07596686375714476,-0.1985295052877287,SPACE,left
0.0,0.0,0.0,-0.1748738224685766,0.005048654262190797,0.04709742119647038,-0.3576732079121083,0.011420281971682813,0.05810555708708358,-0.4937760385646589,0.02083305790907651,0.05257467568233188,-0.6018289337900389,0.03400804587704291,0.04358887090785441,-0.46929791004389443,-0.1006541667245327,0.03964026979671252,-0.6747913320202281,-0.025293287878982947,0.007003532983313956,-0.8144563084312355,0.012513903792147011,-0.02348349305705999,-0.9321202344008845,0.034980098252478976,-0.048081947212952246,-0.4688718131645491,-0.09752616880204552,-0.01254076489921002,-0.7044252931632454,-0.013973542228147076,-0.04587124887104548,-0.8586613940578446,0.023402621352705145,-0.0775210154524659,-0.9935971379107335,0.042888049759818275,-0.1045243642573263,-0.4487389872078781,-0.04861308501541478,-0.06436152557600143,-0.6747287358324735,0.007636936179971113,-0.08853710166274566,-0.8152343327520241,0.03218017681243527,-0.1059942928222619,-0.9341920474512109,0.036462178730069496,-0.12439256533344979,-0.4194862388610251,0.029667070702135104,-0.11403907285335647,-0.5772648613073091,0.04929892588285414,-0.1344044079214157,-0.6814287419352825,0.05901854390459452,-0.1438119129981444,-0.7761667638213474,0.05765420866763554,-0.15489663361364697,SPACE,left
0.0,0.0,0.0,-0.19299798907914167,-0.03714890116282764,0.05934833826513141,-0.38297997390296107,-0.027308906029029256,0.07775504638369166,-0.523338563697589,-0.0121069264368184,0.07641086040780536,-0.6320863545513082,0.0132477593661687,0.06957121406391863,-0.4841641589177239,-0.11010277262948129,0.05817554727920362,-0.6836963260943539,-0.03919431634159559,0.0291639787171452,-0.8192396033578809,-0.006391013968645887,-0.0014673222789255151,-0.9370526304784639,0.01036695461499667,-0.027380833839833536,-0.47939514076764644,-0.10640091463035115,0.0005272155539905832,-0.7102379400920975,-0.032541664451810635,-0.028828880388415162,-0.8610277988461117,-0.0054409338006739935,-0.06053753221050329,-0.9960428223769279,0.0053802035373958996,-0.08871160804144984,-0.452848051090427,-0.06068098216281134,-0.05682726157654201,-0.6770295369957403,-0.007144865695763478,-0.08162109468684765,-0.8159899369256509,0.011558960257994414,-0.10334854106828975,-0.9346341721906746,0.010245294972823175,-0.12547924635367927,-0.4148426540997609,0.012568376879923265,-0.11079373533857992,-0.5648657186115327,0.03443853938006888,-0.13474366046147865,-0.6696226351476032,0.04722265803134236,-0.14886673208132112,-0.7660881782634668,0.045161014929764036,-0.16403670383805016,SPACE,left
0.0,0.0,0.0,-0.18795885172243038,-0.039861321447841006,0.07373827362690132,-0.38843199595836503,-0.027070756275591894,0.09229948159899212,-0.5358709835817542,-0.005393216073803173,0.08919392725935928,-0.6472091482188855,0.035132122509080536,0.07764459511230382,-0.4791341881385826,-0.11954026286043491,0.03799039556932554,-0.6754235052916597,-0.03655784799946009,6.067446376164766e-05,-0.8078918561339752,0.002546012537404694,-0.033198647869163406,-0.9237579852348262,0.025692979712661063,-0.0613522428906677,-0.4629274506609176,-0.11860072816786703,-0.03271209131919848,-0.6984574904469237,-0.0282972294316324,-0.07268962166490024,-0.8523978995716266,0.006049965359606608,-0.10716205707249458,-0.9901074079796353,0.026910674817022966,-0.1377067037029805,-0.4254385628576109,-0.07632412108127579,-0.1004577257153091,-0.6587799417584186,-0.013815992628553868,-0.13705023758013443,-0.8020546405430091,0.00798717753865658,-0.16078611291599,-0.9293001450242082,0.011461587025639111,-0.1840924300455087,-0.3774526354491343,-0.006435822082855307,-0.16231841386445126,-0.5290854552465417,0.022359207827841093,-0.202480607752959,-0.6385430402960979,0.03438447791395996,-0.22391491097436322,-0.7401999578082545,0.030847206250440334,-0.24384075792800836,SPACE,left
0.0,0.0,0.0,-0.1989672158667249,-0.05348682336219837,0.06939178927155704,-0.3960211124286163,-0.03679536609239475,0.08670110094698133,-0.5411794323280535,-0.015819977715736077,0.08266336867086779,-0.6535275777991159,0.01881992894626494,0.06960162960047293,-0.497713218225448,-0.10602064166365836,0.038966517035740854,-0.69448805391508,-0.02467505335237274,0.0003255434822942983,-0.828784365101594,0.01208282974844921,-0.0350375822654874,-0.9471489055500061,0.033658227112709445,-0.0637863749927533,-0.4774553480149716,-0.10323556168232056,-0.02872534106371447,-0.7025009804385548,-0.014253188667993131,-0.0668026781783558,-0.8520599909635963,0.02077401100443382,-0.101390231643221,-0.9905634868317201,0.039806468512916526,-0.13114657304068114,-0.4332190458505029,-0.06141316417514004,-0.09373841860324547,-0.6540645216533962,0.0038468794251162305,-0.12937169482253483,-0.7933132731014662,0.027340000345719727,-0.15121636062750615,-0.9196721859925245,0.031221926367956523,-0.17188350996565288,-0.37558351127354833,0.00475602938571444,-0.15323829861385665,-0.5266030465652239,0.03999997445691109,-0.18968316359474116,-0.6298244584182258,0.05332695840314039,-0.20384373413324486,-0.7247949267512656,0.0498176133171372,-0.2169819677900354,SPACE,left
0.0,0.0,0.0,-0.19485217153192833,-0.038025639366195574,0.06849810842317296,-0.3929246781393219,-0.02820957478320974,0.0815539484976657,-0.5393101757839275,-0.011999793989709084,0.07369375679829901,-0.6506891909899347,0.01766201234983512,0.05651608455122988,-0.47973750307306895,-0.1228449633079469,0.022681008971724585,-0.6846107219041456,-0.03930276798663207,-0.018443212034952135,-0.8210891237097421,-0.007432920121018955,-0.05262574590358637,-0.9402537703559777,0.009505574692411065,-0.08027492401601986,-0.45983385764295454,-0.12342288651132396,-0.046480472062458436,-0.6947486900825899,-0.03527363736835461,-0.08968759996614113,-0.8497505141765168,-0.008188730090753408,-0.1266233175106499,-0.987401465371624,0.001659719719910426,-0.15822639322319482,-0.41712822809706745,-0.07907025007129118,-0.11179494298687843,-0.6459030440753905,-0.01746454597591309,-0.15146778643521058,-0.7942452033555786,0.0005384856052018451,-0.17866986977656651,-0.9226991210675278,-0.0023276534414756306,-0.20320737499580108,-0.36344372798529184,-0.006847944547144678,-0.17087877506906152,-0.5218282772648173,0.023171120034692665,-0.21074749578809512,-0.6309427391864293,0.03400170523144237,-0.23044070683406406,-0.7286223391128986,0.02747093176797509,-0.24827420314019988,SPACE,left
0.0,0.0,0.0,-0.17625855372869853,-0.03622369328418814,0.05621738531597287,-0.3706595772789503,-0.029885494819771808,0.06179959461758348,-0.5142191609751953,-0.015975327152296496,0.05089045737692408,-0.6163794047771447,0.006852912488445152,0.03002125449771637,-0.45809868012021876,-0.13542209703779623,-0.014747408360614438,-0.6666388631007838,-0.054971100260650094,-0.06557044079079313,-0.805020824497924,-0.016961948605411146,-0.1030535652504826,-0.9269577151635361,0.00721568662053346,-0.13334814529324535,-0.43311091832492443,-0.12986269636005704,-0.08132305604885051,-0.6749128604609078,-0.04156859058507014,-0.13569508742131625,-0.8339919516336277,-0.01029428048057644,-0.17754761273943684,-0.9771404038575631,0.0054521489893106,-0.21252506962821321,-0.38626112288903036,-0.07981153210499774,-0.14280587436413228,-0.6224974550389971,-0.02052420994809572,-0.19460661706684373,-0.7695233380409116,-0.00386425951799668,-0.22884856492608174,-0.90041160515146,-0.00656643758382666,-0.25741067739911594,-0.3282155683071889,-0.0016629656532139384,-0.1977587230216638,-0.4825050248677159,0.02595594348443351,-0.25509937999337257,-0.5919096498208749,0.03322516186875282,-0.2856249745281848,-0.6921653294293607,0.022135149124378944,-0.30961938811973055,SPACE,left
0.0,0.0,0.0,-0.18191551431635994,-0.03232221956113505,0.055806061281817386,-0.3852042134711466,-0.01965835573793126,0.061766692331408385,-0.536596787933014,-0.008386245176420901,0.05129076054020398,-0.6462393098798936,0.010175434444654087,0.03066471130521954,-0.4443610903860107,-0.13300415948591254,-0.01877247411081882,-0.6566902769265198,-0.06796401154926285,-0.07049346776840537,-0.7984494825674744,-0.04218575946360297,-0.1067319080614676,-0.9216968244454473,-0.027557896344586868,-0.13495862548076065,-0.416673109200308,-0.1254697836638567,-0.0849798772584356,-0.6594988731886544,-0.05078363113206975,-0.14074999169865515,-0.8267643436024676,-0.02358226361128181,-0.18051156878682417,-0.9769787912013994,-0.012551414523091785,-0.21296690713846164,-0.3685215371106335,-0.07260424964483052,-0.14602558652082576,-0.600602529575424,-0.02632640833438694,-0.19668189404661468,-0.7521000082348092,-0.014952575245127726,-0.22713231455659272,-0.8848194537288455,-0.02268021477942133,-0.25232729839500634,-0.310542241629602,0.011247384442164794,-0.20081315588403595,-0.46641897055866827,0.031768972640778013,-0.2546633257916338,-0.5774783355059889,0.03351807286992519,-0.28172708609492414,-0.6787912459983311,0.01801843223427682,-0.30303331951093165,SPACE,left
0.0,0.0,0.0,-0.18302509953797316,-0.06305863964510205,0.05280690591677723,-0.38250272287513637,-0.05762851985821871,0.056616704583826186,-0.5338464558639551,-0.044434929810323626,0.04493090831383593,-0.6414797996361351,-0.02363862870218785,0.023119178002468897,-0.4399559627423046,-0.1499275343652431,-0.024720263800647763,-0.6549599645063837,-0.08117758807326371,-0.0770072553305811,-0.7980011780260109,-0.0524700793733377,-0.11375558724101344,-0.9236105107039885,-0.03722746529323737,-0.14242839827836046,-0.4150058724715889,-0.13693245757284558,-0.08700887120687298,-0.6612014685810748,-0.06108606054752919,-0.14304423202030017,-0.8268186700019888,-0.033954853894324344,-0.18280185133721125,-0.9760998886760202,-0.02599408825054815,-0.21576217162117114,-0.37054883358703333,-0.07910448763394999,-0.14346191552649928,-0.6056756528378362,-0.030160430870530955,-0.19300329202425173,-0.7566369737884572,-0.018104146590328433,-0.22290743094635065,-0.8868470549220676,-0.02591829909354129,-0.24809502982065307,-0.31663098458157696,0.008356761647074086,-0.19373019810151437,-0.47443019251604307,0.030576287567630398,-0.2448800565908976,-0.5855910578184286,0.03261406969768382,-0.27090758950034743,-0.6850878875431923,0.015272124073248855,-0.2919200395979814,SPACE,left
0.0,0.0,0.0,-0.19763399147908595,-0.011417977672263786,0.06174122591138602,-0.3978609678318676,-0.01088900955123418,0.06685801956769186,-0.5434234762875526,-0.01075822999141449,0.054731673269433526,-0.6540241168840562,0.005344114855740338,0.031645874061039844,-0.46226558799465567,-0.14331298104614057,-0.016610988758893643,-0.6764394756457519,-0.07461772049545456,-0.06614438996987228,-0.8172762711521373,-0.04190300043290194,-0.10128568931856188,-0.9407323739230016,-0.023377713884978512,-0.12864686283043267,-0.43184084876121265,-0.14276101000026017,-0.08422742173928681,-0.6770978352190671,-0.06616850823647447,-0.1350532889457281,-0.8368977660498459,-0.035865922466032096,-0.17174694489186992,-0.9787982485295033,-0.024743611698531245,-0.20332668874422088,-0.3820898849326715,-0.09059771357853244,-0.14583887209185467,-0.61812250022429,-0.03546178487253319,-0.19159822116174074,-0.769869027744383,-0.01486058350736574,-0.21936820473622076,-0.9009759826410445,-0.017492237090939833,-0.2442179322982069,-0.32399679142635207,-0.00246983990531349,-0.2005470405886408,-0.4858029342460555,0.024044997006727197,-0.24676910043243783,-0.600158405722295,0.03216205496290521,-0.2688158670685614,-0.7035964114428512,0.019810674124498457,-0.2880986885155845,SPACE,left
0.0,0.0,0.0,-0.20554929388273696,-0.04496143435501369,0.06976844534180203,-0.4023178568820497,-0.04733327541934643,0.08159697184175198,-0.5463518117349968,-0.046060549968478436,0.07394172744106771,-0.6546886905205492,-0.028650480113413163,0.0563662825902171,-0.47459803922272925,-0.15165025975550256,0.011685079088123102,-0.6899571156322603,-0.09968552856666917,-0.028494603142490596,-0.8283489574479802,-0.07656886202048406,-0.05913554781413885,-0.949592280895818,-0.06604428232385771,-0.08375824740630046,-0.4517976939338604,-0.14595110348598572,-0.055826794910766385,-0.6983042352789322,-0.08609146494124031,-0.0968352663173142,-0.8518524225783322,-0.06605585631301793,-0.12825332491906943,-0.9856803924541258,-0.06436729396589362,-0.15585575189574813,-0.40813481982694727,-0.08909470844993837,-0.11795080822205611,-0.6441681410522913,-0.048171459580761675,-0.15347348649073203,-0.7903457640404126,-0.03802995825750068,-0.17570939312966252,-0.9146702487454019,-0.0503324886996762,-0.1974039315925834,-0.3540683762136455,0.004594253661471981,-0.1734486029412342,-0.5140393007834537,0.021295933376418708,-0.20893581003330974,-0.6252159404808162,0.02415357196791371,-0.22524810768436637,-0.7261713010010632,0.009045589224653088,-0.240998007634466,SPACE,left
0.0,0.0,0.0,-0.2010654662207371,-0.0882597505733484,0.10534192431480276,-0.38596805937028494,-0.08900845100826821,0.14250674772065278,-0.5237617907635618,-0.081149982034748,0.1522259803306784,-0.6244570049644614,-0.05916653465146721,0.15203750115581885,-0.4831126621994154,-0.17091234974245445,0.08821318217898287,-0.693999133680463,-0.12340982649157023,0.07384280349510992,-0.8297567461619344,-0.09821460296151438,0.057346842107375416,-0.946222614735979,-0.08552409729431808,0.04167516149790202,-0.4742059460263966,-0.15713730499283354,0.011403185114536606,-0.7188067998552357,-0.10482727258994493,-0.004498595102190087,-0.869789911575502,-0.08369585207278915,-0.0224789908325467,-0.9960064213310341,-0.07958476972616897,-0.04046570269968596,-0.4426648592488096,-0.09362717577844654,-0.06075061782220161,-0.680115213282064,-0.06096525803550893,-0.07224645324771947,-0.8220923888191102,-0.0492357658675671,-0.08515020840971584,-0.9402776269659057,-0.061362471029368704,-0.1026048630301072,-0.39839875067072356,0.005018712372824493,-0.12502522112245906,-0.5601653239471237,0.02083786690755557,-0.1409894044584548,-0.6678327970751702,0.023555096784244247,-0.14904112493394717,-0.7642679879297961,0.010343741555666582,-0.15996144406846977,SPACE,left
0.0,0.0,0.0,-0.1991037752696828,-0.07529341283102603,0.05575949814714527,-0.4017646417898214,-0.08275102864542665,0.06776422137743798,-0.5533595792850082,-0.0782051195682118,0.0617174797792667,-0.6664731034138497,-0.05396533583307297,0.04725733798913307,-0.493981792313368,-0.16623667658361133,0.02711077016989596,-0.6990355979742634,-0.113637356401944,-0.006491147532046426,-0.8324599226148945,-0.09759571656341641,-0.03734880560096476,-0.9503665602776405,-0.09299421663033133,-0.06273748335365109,-0.47075566743819697,-0.15246666482075283,-0.030165468030130232,-0.7027969645172228,-0.0953492912835757,-0.06329716027297369,-0.8526974059024564,-0.07918127570328672,-0.09563001093718815,-0.988961205343904,-0.08034771897624282,-0.1244989091520374,-0.42668984510146,-0.09021455324927985,-0.08444688076276934,-0.65217817409003,-0.052712310706505526,-0.1132080340107638,-0.795177872919884,-0.046882385504982145,-0.13566329550073097,-0.919179246021661,-0.06063165621098667,-0.15774540638535772,-0.37269219180770763,0.007428795392376788,-0.13402324466501925,-0.5296600277283914,0.025515238144118123,-0.15817852668160914,-0.6324886405835405,0.02755159992954247,-0.1680649262829866,-0.7256010330029236,0.012992945656073725,-0.17996718778801415,SPACE,left
0.0,0.0,0.0,-0.18602250880743798,-0.05665570615283153,0.06357641361633513,-0.3855433734215903,-0.06246178336041455,0.07547455545518983,-0.531928589136409,-0.06307773699671396,0.0702520507777465,-0.6396187353845177,-0.04157574278895543,0.05542351280320939,-0.48019174137532716,-0.1649341156886592,0.0024176773406546265,-0.6890779580030749,-0.10839681396754104,-0.03853717755985888,-0.8251360519499787,-0.08473234136090305,-0.07009252635759025,-0.9422619663922364,-0.07340485876462884,-0.09526984267781363,-0.4547772637975351,-0.1524353689361346,-0.06129130646396725,-0.6942814882137166,-0.08846640366134953,-0.10301512135590234,-0.8494248730044767,-0.067321752775545,-0.13599554814840775,-0.9843989085988047,-0.06084597007853556,-0.1650955985927066,-0.4078214491637749,-0.0926110599540973,-0.1198386056387197,-0.6376305432972926,-0.05240028846576141,-0.15680398369881662,-0.7850351647861006,-0.041793632002447026,-0.18347721315184737,-0.9101474268235015,-0.04864241998327733,-0.20823189926207478,-0.34923167866393,-0.0015021700865731423,-0.17189337556373657,-0.5086664410062065,0.014651076200114329,-0.2110183345597676,-0.6200523090721118,0.018955735095293816,-0.23218069912444353,-0.7201856213673139,0.008332915487332839,-0.2510275679228009,SPACE,left
0.0,0.0,0.0,-0.18834496926647368,-0.08044236148260747,0.06018189906287547,-0.3910295657890074,-0.09395842254634737,0.07092732966259334,-0.5392695508328917,-0.09143864043735088,0.06310640926404158,-0.6487757549938675,-0.06947960887161352,0.04625941776124388,-0.47723206668350343,-0.19286246318917397,0.014936075323957586,-0.6844670804806928,-0.12816976497384444,-0.025034642411763997,-0.8225109566805445,-0.10235954541783743,-0.05868628408732062,-0.9431392238845036,-0.0913212982342278,-0.08621673370820221,-0.452849972892536,-0.17949727067230659,-0.04863458424056674,-0.6887046656125928,-0.11442890856928088,-0.08981370035809831,-0.8449588939929016,-0.09422699509141941,-0.12601355897443983,-0.9833867553672074,-0.09038521377313702,-0.1574198288003782,-0.4083479725076985,-0.119234873766257,-0.10830267243439586,-0.6388743885387689,-0.08132381488715687,-0.1451563625904285,-0.7879035692427122,-0.07155727739720896,-0.17041176939672562,-0.9164797506857496,-0.08196491576259601,-0.1934389557012466,-0.35331242907087534,-0.028057931767525936,-0.16243464020522522,-0.5148230575183192,-0.013290059739328132,-0.19855529584941764,-0.6280707051630466,-0.010262437941378632,-0.2156051903222161,-0.7297112431656531,-0.023661156801995452,-0.23121422082832557,SPACE,left
0.0,0.0,0.0,-0.17863767338286532,-0.06621488713733668,0.05033045825160842,-0.38849051902145315,-0.0810414387104506,0.062309787885127685,-0.542548859875466,-0.08040531071798548,0.059067389422689395,-0.6538495601687334,-0.05825233061969727,0.047388839595975535,-0.4620403206872408,-0.17840543617926694,0.002861093398659449,-0.6613896426245077,-0.11841100427929291,-0.045049325012747304,-0.8039570756997361,-0.09412921895394062,-0.08239198243195901,-0.9254028466192052,-0.08438148663306286,-0.1117662827743295,-0.43847092996608117,-0.16565817024447574,-0.056655525619277954,-0.671975448332284,-0.1060167131137081,-0.10647705897882401,-0.8347722242060597,-0.08903160159318009,-0.1459045474783731,-0.9799527017839401,-0.08901387766228568,-0.17823925451448558,-0.3958411165433017,-0.10677851988887907,-0.11352020000853587,-0.6234767580104292,-0.07490627317690715,-0.16455272766005322,-0.7716361449917278,-0.06788448142759083,-0.19870488953718446,-0.900482677528365,-0.08177059048567063,-0.22443192715477278,-0.3416894590259947,-0.016688423659131743,-0.1647876905893876,-0.5002743844126788,-0.006628105647934251,-0.21778134433993152,-0.6144188625635149,-0.006868184348231363,-0.24692734165427338,-0.716323623709718,-0.023930099569301838,-0.2689708630520682,SPACE,left
0.0,0.0,0.0,-0.1754337177036278,-0.07379819120265599,0.06084648642670599,-0.36992414489790754,-0.08232085294041254,0.07989658872572827,-0.5163276365667764,-0.07700227486735914,0.081180628536835,-0.6214433609689541,-0.05521763395481222,0.0758950683200347,-0.46786070606413677,-0.1458411261347332,0.036664198249181996,-0.6756758656687756,-0.07975675573507172,0.00602725556771989,-0.8140168216317663,-0.04935126840696293,-0.020970620949143044,-0.9313960729591151,-0.03316469882434889,-0.043716719872148306,-0.46234962037304617,-0.13517462078306805,-0.021245824056936986,-0.7054873212146463,-0.07137804026536604,-0.053980174466478015,-0.8601396774273132,-0.050570998219541564,-0.08437770902877145,-0.9927447945724376,-0.04701356556686645,-0.11066841239494998,-0.43457986548226596,-0.07678997584425795,-0.0764663543149293,-0.6688564232877954,-0.04260587484395388,-0.10576161622652701,-0.8116441700666299,-0.03437496737987253,-0.13028336018770595,-0.9328938478769832,-0.04498422247201107,-0.15283197347158323,-0.3947385120237157,0.0153041625470775,-0.126625486154331,-0.552374446685641,0.02326542418509172,-0.15725392848765776,-0.6582944744809318,0.02872881741715003,-0.17506696539277555,-0.7536279348923283,0.020525714463597623,-0.19131840009869386,SPACE,left
0.0,0.0,0.0,-0.18261434170181837,-0.03966318454921563,0.08209570514962163,-0.3682218235855737,-0.05196781519976829,0.10476012256653389,-0.5054279455298197,-0.054490696486322696,0.10532578216661984,-0.6029360971257266,-0.03687659047130114,0.09715411216579226,-0.46196287265595326,-0.1521284490395625,0.038849493832194895,-0.6664884509099028,-0.08458735253843624,0.003791030985267363,-0.801987119277721,-0.05823776030961182,-0.025319459386179577,-0.9202370626427573,-0.04554649547777893,-0.05133290997537542,-0.4515266124331353,-0.1560376441809608,-0.03238393958194109,-0.6973285341402914,-0.08241788109135585,-0.07347797476076684,-0.8525218636507562,-0.060630346657803445,-0.10949907096091854,-0.9884747426026407,-0.05419818348222197,-0.14135147733175918,-0.41922248947255464,-0.10507176409310337,-0.09847899919670146,-0.6611335197879757,-0.05723599869295844,-0.1370611456400518,-0.8034709374672652,-0.041537193572818244,-0.16288044961440773,-0.9282956571095264,-0.045731094431730984,-0.18687121116607278,-0.37968933961881557,-0.017722627298571388,-0.15696349144934812,-0.5376624968921534,0.0007509742219750882,-0.2021459071293184,-0.6472200676148692,0.009172867757894164,-0.22764886418857816,-0.7475079602260203,0.0013455424693375989,-0.24954687172732695,SPACE,left
0.0,0.0,0.0,-0.17036581066373116,-0.08423015296598882,0.08635667211064901,-0.3428276765323912,-0.09295295075640292,0.11574072967415837,-0.4707519450013176,-0.0869480732542789,0.1205338180518502,-0.5660171080974743,-0.06990741665316878,0.11721791877411741,-0.4466441573724805,-0.15416763629995323,0.06115667481468082,-0.651445468276142,-0.09691921502432524,0.03175272739208056,-0.7913438115961472,-0.06949340384139474,0.004730206111207011,-0.9115070315757104,-0.05560352007639717,-0.019826655102220574,-0.44808335941281535,-0.14815529980029168,-0.010590953908484945,-0.6969311273319607,-0.08865264643381,-0.04598921031801267,-0.8554490509276965,-0.07483812161300607,-0.08054529448076309,-0.9910975342795895,-0.07381316307509071,-0.1108029534884703,-0.42757834449148896,-0.09661701027873237,-0.07839320547925552,-0.6669890963817808,-0.05896883521281611,-0.11027914154155288,-0.807296069731832,-0.05085929005499823,-0.1366551372695164,-0.9256182245666155,-0.05586950639064799,-0.16147643184063598,-0.3980659364200947,-0.02311474129688135,-0.13926322958633244,-0.5546981946795891,-0.015986092763690108,-0.1768409094358308,-0.6621260606779542,-0.013740011742310414,-0.2005052519713734,-0.7578739823982411,-0.022140380907210287,-0.22176966204921444,SPACE,left
0.0,0.0,0.0,-0.17300020899957674,-0.07907556272700295,0.08822116557552333,-0.361829725078121,-0.08899106315958598,0.11886487968248247,-0.5010683451774613,-0.09068108616380927,0.1254703240759759,-0.603221817332467,-0.07664742397729901,0.12336997896200838,-0.4577491036754883,-0.1476366157048982,0.056133931098226696,-0.660646567198543,-0.0860752147950181,0.027066890730569886,-0.7982992575398175,-0.06092694165567799,0.000734211791686364,-0.9151283487609582,-0.05132190114957178,-0.02348564395202404,-0.4511386729971265,-0.14036959685846584,-0.017054741139191556,-0.6951808482721795,-0.0733885774477701,-0.05331446672016637,-0.853694480275741,-0.060126442754982655,-0.08841230717265015,-0.9907716004789963,-0.0636661226716974,-0.11965893409286488,-0.42468355646739053,-0.08807285881900483,-0.08578701909038546,-0.6647169770857014,-0.04759157772818112,-0.1188700000974026,-0.8074619381459941,-0.04207878485318251,-0.14472957405246584,-0.928742362301246,-0.05360088810810315,-0.16945890827226182,-0.3886738446200708,-0.010594872646840513,-0.1471665934847091,-0.5494154360538026,-8.00717278134825e-06,-0.1866492709409789,-0.6608125340525564,-0.0046342604359250455,-0.21165954773668047,-0.7608248154133497,-0.02428044119480162,-0.2342221046056037,SPACE,left
0.0,0.0,0.0,-0.1846765386347133,-0.07484926656755732,0.09991309057003053,-0.35811176304250675,-0.07729557717083102,0.13106677539780157,-0.48463149087679014,-0.06653715325258167,0.13564113199662553,-0.5804421157869574,-0.0501959929603359,0.1307993214091502,-0.45434332225764845,-0.12303228852726242,0.060504662523709715,-0.6568913133305053,-0.07577191058164245,0.026208904342967822,-0.7958714578262095,-0.060284178381263986,-0.0040884341633996195,-0.9159622106285051,-0.05618704688770092,-0.03173101198633207,-0.4490621896832144,-0.12303010350324128,-0.019232930092288943,-0.6911075207778327,-0.06411656954504066,-0.05954970698545986,-0.8496938153305229,-0.054294393177524145,-0.09792953056854167,-0.989409890013474,-0.05920259149080284,-0.13252593219554623,-0.4214622349718796,-0.08016190577868328,-0.09345463661558294,-0.665343973029292,-0.043780973888225126,-0.12955570921972137,-0.8075948870306956,-0.042361836028821764,-0.15700488846301713,-0.9321742430495665,-0.0559722096871714,-0.18456278146194502,-0.38387714339183937,-0.017323998193880828,-0.15893581533588666,-0.5311230223055544,0.000532300045406487,-0.2073861679361129,-0.6349948351914961,8.359478996982172e-05,-0.23742131429783955,-0.7298960672009966,-0.01531011089285406,-0.26352977866081306,SPACE,left
0.0,0.0,0.0,-0.1904815049327682,-0.0815158694597714,0.09551403108329602,-0.3737042836564868,-0.06921824432415412,0.12427452546309506,-0.5045397011183615,-0.051261518874222964,0.12661333485498766,-0.6041675749331716,-0.028889401188251094,0.11835357660108878,-0.4634703998339633,-0.10593059393870023,0.053809636967240136,-0.6618706366480793,-0.05524117374792381,0.016099092505909924,-0.8005391997469559,-0.042101821612654196,-0.018039095434328432,-0.9240472532228857,-0.03729999025362163,-0.048378158688521126,-0.4522548745683143,-0.0986833308009969,-0.02659171032739978,-0.6880013758749834,-0.040443895802912064,-0.06787893523483599,-0.8462550534852792,-0.03352878043188581,-0.10809926598370054,-0.9887921570239481,-0.037851131910925935,-0.14442078112581222,-0.41882307312652967,-0.05227821594448561,-0.10194051992615166,-0.6499215451418611,-0.012205779913665083,-0.13990842748106813,-0.7941964643617405,-0.015452501477116411,-0.17129601343199985,-0.9204908177563123,-0.031821275080431345,-0.20201507552341366,-0.3738702520514387,0.01473939998355182,-0.16893778538626994,-0.5163622768862245,0.03683774014344411,-0.215344447405785,-0.6167102847537074,0.036283082206585736,-0.24410669992536108,-0.708446502039736,0.019992370009371062,-0.27037763321808583,SPACE,left
0.0,0.0,0.0,-0.1885176800497731,-0.07726953617190269,0.042505540852004565,-0.38496245806689416,-0.039401409888444115,0.04024664406222427,-0.5330724242251466,-0.007462459760119531,0.02516847251597684,-0.6412639665246475,0.016877359088978177,0.0002805799483981927,-0.4626679344241952,-0.06718806346915207,-0.04510300560660811,-0.6699446796261826,0.015091038356785658,-0.10705659766154386,-0.8060929656096665,0.03153395585158379,-0.14996383994462298,-0.923711695686016,0.03530306262468564,-0.18386314407655824,-0.4318899429126739,-0.04702774059828282,-0.10630425803899057,-0.6704022744546851,0.03882670015623285,-0.17345304905202852,-0.8246165271519278,0.04854064336269973,-0.22119646061899229,-0.9646758364968849,0.04249030610756763,-0.2599905851486177,-0.37135360135455064,0.0022594259798042467,-0.1623053661622505,-0.5957366154541089,0.06149446585353206,-0.22501843019731904,-0.7380279265595756,0.06407316669239135,-0.264045960309192,-0.8641537843343092,0.05153145678658666,-0.2956844803630314,-0.2933248039419052,0.06490046397444411,-0.21203757686738695,-0.43132332557304137,0.10094915065978612,-0.2799457883464846,-0.5357438878604175,0.10811241668317559,-0.31753407145231916,-0.6349057437037192,0.1011852537062265,-0.346692722758145,SPACE,left
0.0,0.0,0.0,-0.18894131180203333,-0.07615775323121679,0.052677385919011166,-0.38574777553796197,-0.030243141282572578,0.05717461878548179,-0.5339071864982514,0.00700185047458987,0.04625831541821882,-0.6430925157782035,0.037376880717951186,0.025579678801424897,-0.47108109895166506,-0.058020961572110646,-0.0229370782507244,-0.6763474973067666,0.026237198680984643,-0.07792434599572381,-0.8109270084393737,0.04598929980445916,-0.11732505096484706,-0.9272663617856801,0.05324389211787341,-0.14940500055577619,-0.4447379694200292,-0.03850551447668664,-0.08734735856004346,-0.6817401781095057,0.05319904831682739,-0.14709730319185166,-0.8340177577523371,0.06639361787486302,-0.19158790101546833,-0.971468437935279,0.06319983770123166,-0.22859320770776778,-0.38745230629106664,0.011319057241150636,-0.1469426328806615,-0.6120105544875031,0.07429211121369547,-0.20377674924345876,-0.7517371547221466,0.07917441204855025,-0.24140213612058614,-0.8755751377047174,0.06868158435492175,-0.2729810125810231,-0.3111003335471739,0.07504404149986581,-0.19985655001016203,-0.4484143839168769,0.10824866118600637,-0.26263960071995596,-0.5500731824781113,0.11537346294873282,-0.2985100367123867,-0.6471003236332145,0.10855052136497129,-0.3272228347099558,SPACE,left
0.0,0.0,0.0,-0.18096506583057503,-0.05131007546547708,0.04971485794835839,-0.37349749612771316,-0.01272714103714836,0.05432050655368439,-0.5157323811235001,0.013200816911942248,0.04392530754657126,-0.620079337800279,0.03412147579173683,0.025013097711817946,-0.465894155556167,-0.05507637445113563,-0.01750071551723586,-0.6634093182645892,0.03356173984309465,-0.07123522504071073,-0.7989160097973393,0.052818775350639065,-0.11102411367960667,-0.9168699009513214,0.06019836910502519,-0.14339953344584214,-0.44247675651429025,-0.04377041457998151,-0.07913237398385944,-0.6731688837846941,0.05255583533910437,-0.13810716518009902,-0.8307950103374182,0.06600769278760675,-0.18336332517416257,-0.9731197939473678,0.06531997990488331,-0.22084194993944872,-0.38684118351015645,0.0026106680386127914,-0.1363903492354424,-0.604098035826216,0.07204410451518674,-0.19135727730586444,-0.7438182162912494,0.07977446408350046,-0.22659743809412117,-0.8677378132602207,0.07195443621344294,-0.2557219212973061,-0.31307856449622395,0.06610903025190626,-0.18774379061012114,-0.4497172415676834,0.10684745860836917,-0.24730073962861426,-0.5505701285378993,0.11930927973898792,-0.28059241896789106,-0.6459772015933049,0.11740459603499499,-0.30710009246796016,SPACE,left
0.0,0.0,0.0,-0.17716759702346127,-0.0767032612652325,0.06203713005980316,-0.36546318861444055,-0.04924645556840742,0.07647526069000736,-0.502331226364036,-0.022911788048069325,0.07296947863534499,-0.6027460340878865,0.007266523465513548,0.05943262396808232,-0.46121169467763895,-0.06864227530850897,0.005484783021617133,-0.6627567067785363,0.005256311829225041,-0.04264963379570581,-0.8016613611707003,0.025278989402030442,-0.08064393439188915,-0.9235514947648225,0.03559640994908286,-0.11230149500905309,-0.44336705717086783,-0.05499909200720069,-0.05943795916565689,-0.6772706585637789,0.02763619564062003,-0.11141853099255716,-0.8344189345830297,0.044067866949757985,-0.15601343515452687,-0.9798810559726346,0.046942805246510046,-0.19398321881426484,-0.39882792799038363,-0.0061456533260513075,-0.12000409267785613,-0.6227874338544102,0.050037337719782825,-0.17116019335792773,-0.7665923800334985,0.0516021699987326,-0.2097919109921864,-0.8945919160128469,0.04071219343980076,-0.24213058464387036,-0.34027758640976197,0.059342417178608615,-0.1735202340322197,-0.48248047969370356,0.09181818800979158,-0.23123628184097172,-0.5827138835326021,0.09802403579931171,-0.2660715525659508,-0.6758759670173847,0.08971406704325864,-0.2945012969652189,SPACE,left
0.0,0.0,0.0,-0.17581073167389466,-0.05989770318733527,0.08219982710241144,-0.35758558480152547,-0.029106247999344113,0.10570794057575748,-0.48455934235403125,0.0049153565984089344,0.10677301657405663,-0.5773378477134602,0.04085099507422655,0.09773823646481242,-0.4599810386782911,-0.0683176563957885,0.03341892819229397,-0.6548271819578422,0.0026396896548535023,-0.008150182602064676,-0.7912427921621746,0.027492006049820224,-0.04280442329805447,-0.9115050484313625,0.037901665253566294,-0.07345658657504478,-0.4487622309215224,-0.0590981132175415,-0.04036329601157152,-0.6842041840684939,0.024045629901260634,-0.08903752077078766,-0.8408705942187309,0.03895173355206109,-0.13252751757152928,-0.9847795543663942,0.036423415874525356,-0.16994871013913943,-0.4116330005717589,-0.013106772771481881,-0.10917588064011206,-0.6477730923619818,0.044466746421060695,-0.15778465263860122,-0.791001293108628,0.04603312304093111,-0.19522366798119012,-0.9204265376052922,0.03133267375656919,-0.2272889854181966,-0.36195197458586026,0.0493540065778576,-0.16945390863002868,-0.5071029712451974,0.07753343407155143,-0.2278846227390206,-0.6113034042550077,0.0829141198807822,-0.26493008876189056,-0.7099261142967566,0.07066928511060944,-0.29524674667271766,SPACE,left
0.0,0.0,0.0,-0.1629453136285566,-0.005501208412395672,0.08787510593088643,-0.3321806320550598,0.018453805497124005,0.1154162744204442,-0.4455327381757243,0.05703852962681092,0.11930814898762616,-0.5309697432042181,0.09643198310326577,0.11486933671422507,-0.4603228509569892,-0.08802070679493627,0.05262232793245616,-0.6550554600567404,-0.015692368159829974,0.021187763723558333,-0.7880929542384183,0.012400324061444323,-0.007650774339598372,-0.9047274990812297,0.02677545570085098,-0.03529239021611772,-0.45715993778127023,-0.09040204567250182,-0.020456737660007194,-0.6941510024280498,-0.008069093807437689,-0.06359548441230324,-0.848064156894717,0.01357434658877594,-0.10559658087492313,-0.989520149472122,0.01897668462470034,-0.14314244384292196,-0.4318291162225338,-0.04340431193351001,-0.08826532247720532,-0.6694285695116757,0.006238944640046538,-0.12654115792890275,-0.8123236352238992,0.015278398110207383,-0.15755005682039872,-0.9418893275518685,0.00803356113744217,-0.18695588702749827,-0.40081963956404604,0.030540979849014323,-0.1481719777273893,-0.5548559306208399,0.051679018569153475,-0.1940463518821427,-0.661704185935719,0.05534733342094696,-0.2247622326327051,-0.7618712881992048,0.04272081358221409,-0.25246866956474456,SPACE,left
0.0,0.0,0.0,-0.16447516857931913,-0.018093105577964626,0.09776416222778042,-0.3363288895990481,0.005500079905862752,0.13488041551390587,-0.4532058634227439,0.04410699702461278,0.14548481369513694,-0.5422329134019935,0.08186055111639168,0.14781410235299763,-0.4585488339142289,-0.09743696394044801,0.07757374526455366,-0.6514697064206064,-0.035911343233864856,0.0509929387286477,-0.7862837061512418,-0.010215274717706469,0.024269508141329377,-0.9017531679180405,-0.0003317244657507123,-0.00160349910068991,-0.46190756251822906,-0.0942054821935984,0.0002987472995060395,-0.701085462616483,-0.022387870889535377,-0.03749305467187412,-0.8552549597223511,-0.004453125128590992,-0.07541850694751966,-0.9940609802188743,-0.001856553711754707,-0.10880864310617125,-0.4447882999394971,-0.049792724946341335,-0.07307414450192064,-0.6871014743342233,-0.001421634251447842,-0.10666205114617452,-0.8287958513818695,0.01296248287641802,-0.1341507097624405,-0.9543887936017945,0.011801226587000672,-0.16037047632652462,-0.4201981022310021,0.01537259719332569,-0.13877364140871304,-0.5822232907150462,0.0338470755772587,-0.1805623091868613,-0.6933181085073462,0.03601262584790892,-0.20928427854481982,-0.7948943465131129,0.02314642397496489,-0.2349953702809626,SPACE,left
0.0,0.0,0.0,-0.17201906350902593,-0.05746747199445284,0.08434916132944731,-0.35194066768799137,-0.047201264050207456,0.1228703015024631,-0.4749458643369856,-0.0328600019438796,0.13658008683040065,-0.5665786538278103,-0.022808226836723976,0.14506074137277394,-0.4717100494271386,-0.08285221390576186,0.0996120751674184,-0.6665192250664818,-0.02156291624920409,0.08053776105826917,-0.8039616162878163,0.002974208358156316,0.05722325176433417,-0.9203400004655655,0.014845832157698871,0.03512718762745384,-0.48221522054006627,-0.07064267535379029,0.031945620130712164,-0.7150756955897434,-0.007563644704246782,0.00916513143817351,-0.8644867752457831,0.010854181123030762,-0.01897004795739683,-0.9988421940615793,0.018102931847573746,-0.04457078887312037,-0.47189934810908907,-0.025468220516666747,-0.0359264722039965,-0.7033494423091149,0.017148211341995286,-0.05568676524270018,-0.8429488421958317,0.028748869324870384,-0.07755725882847347,-0.964264917950341,0.02933948423167341,-0.10050958721118876,-0.451788325578385,0.03873384645215116,-0.09916918384977641,-0.609851215448113,0.05436079984569725,-0.12521205568822524,-0.717559599227824,0.05554270896079355,-0.1445502123831372,-0.8159303047225216,0.04771783509457293,-0.16385291331415516,SPACE,left
0.0,0.0,0.0,-0.16370580651234942,-0.0591990459045329,0.08724971790181531,-0.3478992075299176,-0.04644123163288613,0.1363720255078533,-0.47367806968638615,-0.0392865682074653,0.160757237164383,-0.565919412700277,-0.03222937954674476,0.18073870062487377,-0.49682518701881806,-0.06073164429830688,0.13147798984045497,-0.6845404721474374,-0.0007348278759169316,0.13143012557143596,-0.8144821817026442,0.023223715859281763,0.11806813649515634,-0.9266208553688465,0.03361717847121759,0.10252531633316421,-0.513597674489723,-0.048569509144273014,0.07016251231607863,-0.7328865427610327,0.010597829992998277,0.06660139206156741,-0.8715604058950225,0.025333550077830825,0.0485504508480887,-0.9991398828071423,0.028388936603231024,0.03022520244213051,-0.5060190507753239,-0.0055638313155376515,0.007411741935606546,-0.7229330507859003,0.03732326006435541,0.002328783765329336,-0.8538626144983394,0.04747892192182917,-0.014254829027724729,-0.9688111042078588,0.044572886827366695,-0.033754119329935106,-0.4880364478479667,0.06055882672031168,-0.051098743741863864,-0.6477986859411049,0.07723917620912477,-0.06208410852048569,-0.7508509378418438,0.07379145767991074,-0.07280742648174723,-0.8444457046216417,0.05715011379339722,-0.08630384558023782,SPACE,left
0.0,0.0,0.0,-0.16138301814694075,-0.005514985155788343,0.09324919483479173,-0.3421370191701959,0.03747220746010861,0.14276536448077065,-0.46083164509437563,0.08500949018656165,0.16632140653768002,-0.5493087601339907,0.127328621819286,0.18576278816304898,-0.4957784280088241,-0.07876188284392888,0.14184348292783241,-0.686293624216674,-0.007159903031574039,0.14446859636253784,-0.8192518519074042,0.026625515590935307,0.13361229814675218,-0.9331753393358673,0.04258532370217833,0.12017014142863329,-0.5169810482827111,-0.07078759102492096,0.07705387761193114,-0.7400232931547004,0.0056449268677471074,0.07372390105487248,-0.8784335014763159,0.02702697485234637,0.05887856740831425,-0.9986628488055471,0.026957333960060777,0.044111410784000445,-0.5193664536696464,-0.019091108419787804,0.010477792024466965,-0.741936942944247,0.03724607938633422,0.004855878335219765,-0.8744683948609588,0.048750509000529574,-0.008131558880810259,-0.9866218565989066,0.03959518957881952,-0.022703303033354348,-0.5150152087891811,0.06481436879789343,-0.05132717683005934,-0.6872450826662182,0.08288724544200435,-0.05991303857902702,-0.7981899881663956,0.07645627772650669,-0.06673588481259264,-0.8993079902518455,0.05211293514100101,-0.07648072974946177,SPACE,left
0.0,0.0,0.0,-0.1656833764653733,-0.052463378006163096,0.11023662952658368,-0.34892912709779195,-0.02642818785844536,0.1664235576387106,-0.4723698731624254,0.007578911313855558,0.1927220087791529,-0.566789802353431,0.04139735507249836,0.21466162199642388,-0.49320172408258295,-0.09513987457704444,0.15907389154934018,-0.6857677126500664,-0.02300968571292497,0.1679688394985496,-0.8170831916246767,0.013195888888211032,0.16206655673214934,-0.9272053608603131,0.03495202749147688,0.15165666865812036,-0.5179326737184594,-0.07852515329313595,0.0860082896992719,-0.7442027569207711,-0.007608468704704399,0.0894719638768263,-0.8807077046155042,0.013968921990215799,0.07935306232991972,-0.9975426215130543,0.019735915707510786,0.06722508383073458,-0.5214306835941124,-0.02162180934373773,0.012119274824677072,-0.7470572743263797,0.027782874084835853,0.013810421479526448,-0.8758325515014191,0.038930799062416935,0.0050132843444824935,-0.9849377978792758,0.033320178803970285,-0.009024861823964985,-0.5165811248687512,0.06409033086560166,-0.05584954895164934,-0.6865841736503575,0.08015014928946808,-0.05911128030607708,-0.7924613896723258,0.07491485835727517,-0.06245902119099863,-0.8888383814127195,0.05327323400291251,-0.07087176260039614,SPACE,left
0.0,0.0,0.0,-0.15795808708391737,-0.09317057881038868,0.07339267199742981,-0.34671480056659754,-0.07436190984956177,0.1102439386179777,-0.47282899096087055,-0.0346713809162591,0.12365771744328734,-0.5628886266157783,0.0038492912893418165,0.1326933425773984,-0.47359799000193326,-0.1202288857435271,0.1023021315896928,-0.672147461793084,-0.038708047562834504,0.09065505535826425,-0.8113690045576494,-0.0030060195647901356,0.07274175330439449,-0.9289143248895092,0.019163178510160823,0.05545902034361358,-0.49855195931421775,-0.09049816669379485,0.043086223470501,-0.7309506076322148,-0.01616186811440169,0.029247919769677753,-0.8741202516187723,0.005664634642293133,0.009689386639648488,-0.9999109138389154,0.010975420671256703,-0.0075963495781912515,-0.5013475533786226,-0.021656394352574913,-0.01755822036865806,-0.726669642515031,0.03692839475411815,-0.029217627187417786,-0.8595859384150857,0.044561792519372645,-0.04530013650923451,-0.9721966279214583,0.035586612048284526,-0.062029598908060465,-0.4928993041370035,0.07416453783526238,-0.07484293286410457,-0.6551243114480121,0.09614165138394874,-0.08357584930822275,-0.7593610243962547,0.09330425311726873,-0.08888514306761398,-0.8539648429320792,0.07602152015648782,-0.09766830097518793,SPACE,left
0.0,0.0,0.0,-0.158730199776903,-0.07980685721683269,0.08660511570430687,-0.34685013975054546,-0.05788746549949539,0.13226093109795944,-0.4739941380327736,-0.025590984182624454,0.15205884423494812,-0.5640969925860505,0.007107473352432867,0.16760092235184956,-0.47514558016674546,-0.1140912040102329,0.12515297960718288,-0.6727771155860679,-0.02736651373337035,0.12173114536204506,-0.8092861652242841,0.015154137915426408,0.10838802548776269,-0.923955555370297,0.0425554176190311,0.09360890741323523,-0.5056123004193999,-0.0860853874354627,0.0624611587797219,-0.7402947548404778,-0.008414979841784328,0.05557645008161307,-0.8800405248077491,0.016131410188737663,0.03971098309595855,-0.9994788030419225,0.020667986793645184,0.024798318325715017,-0.5128635127832417,-0.01741222593321483,-0.0015243269301015675,-0.7400350725933729,0.046182128831790785,-0.008740673877574415,-0.8687437095408911,0.057165795359422976,-0.023388825211198633,-0.9751849550592397,0.046590055216031954,-0.03928478148523563,-0.5089246728597228,0.08054994795470231,-0.06104595456832258,-0.6699953279530868,0.11162537019476049,-0.0671752896857773,-0.7713509665444163,0.11580204675572613,-0.07137448656273061,-0.8615283681781223,0.10290701688655468,-0.07935839281179102,SPACE,left
0.0,0.0,0.0,-0.15124551444262035,-0.08021835331121255,0.07985118005598611,-0.3350058151240149,-0.06105761225131203,0.11947891682160361,-0.45985972164830974,-0.021836232205179492,0.13612047174523884,-0.5448748609427835,0.01086055783913539,0.14828860987444645,-0.46764645699599733,-0.12970006588033567,0.10351528866953717,-0.662245665160549,-0.038671320188961696,0.09422631784952173,-0.7986944814356965,0.008652925605971648,0.07958110066611523,-0.9119019926065074,0.03910309517444652,0.06444111014178212,-0.4994383325680833,-0.09656217183535833,0.04250673350658692,-0.7344024292146428,-0.014796698167472784,0.02957036802935807,-0.877600347922911,0.015102091400174036,0.013380815167305497,-0.9996935700312481,0.024709304851154232,-0.0014887215826664408,-0.5085147602592879,-0.018278005001112752,-0.019158846153359606,-0.7365385096615858,0.04695777391569184,-0.03305746709262813,-0.8700076736928332,0.057772654784287766,-0.049840178376810526,-0.9809802696615647,0.04844539979821324,-0.06669384738256796,-0.5054613559897383,0.09050209638172431,-0.07609108648427033,-0.6655008753904975,0.11523067533027381,-0.08958254211606385,-0.7720310999431401,0.11645568063458756,-0.09782928152110626,-0.8691852241943914,0.10496206990703139,-0.1082122443886545,SPACE,left
0.0,0.0,0.0,-0.15721555159746925,-0.07196319430389189,0.07253440297290159,-0.34234454275493204,-0.06256466511464055,0.10799416734361536,-0.4695026242634275,-0.044886960075531904,0.12050920155570587,-0.5661470241838753,-0.026840606712171724,0.12869101345055253,-0.4597519619332244,-0.1116578461566325,0.10071105326673573,-0.6606773171252822,-0.053484584633075996,0.08814219141204617,-0.8056859407892021,-0.03052259324636279,0.06958854292107013,-0.9242269392568596,-0.01878258715353206,0.0523404268237976,-0.4878640742428146,-0.08831322577069614,0.04185818581851737,-0.724316532012741,-0.040600534184234705,0.028663788401816603,-0.8733895259350757,-0.029587850223260614,0.006482224378037107,-0.9994128017792084,-0.03174373571055015,-0.012899103960021505,-0.493842570597343,-0.026305334904925162,-0.01797531151729332,-0.7223564577333873,0.004449124974300199,-0.029897086824338334,-0.8595014831549395,0.005122895397932231,-0.051476248423234124,-0.970728953445779,-0.00840925335792655,-0.07261826865426746,-0.48570565424719686,0.06733591792162007,-0.07376531762902191,-0.6386800740699435,0.08730947871440074,-0.0838792424532791,-0.7371586404366676,0.08908322575246613,-0.09236726996521238,-0.8234080406032206,0.07836707926588998,-0.10366357358394397,SPACE,left
0.0,0.0,0.0,-0.16925485202664226,-0.015768427783252784,0.08282446957988712,-0.34361912474269224,-0.00639691826761605,0.11685408780750067,-0.463552192046514,0.008773769031359508,0.12523147618389546,-0.5573068278865825,0.01503214791463244,0.12923515414786962,-0.46862501188000505,-0.05827701462417636,0.10018015631878403,-0.6618178526158566,-0.016384468695488333,0.07648025231878859,-0.7988577043018108,-0.013150511141182842,0.04968794806579078,-0.9113815971361291,-0.027762190186941555,0.024814630179548058,-0.4769191480083284,-0.059826450857980926,0.028938740026105386,-0.715332272733498,-0.01481717300789312,-0.001785280718879892,-0.8672675703421068,-0.02170680641218623,-0.03762566290293277,-0.9968772277898986,-0.04039705553472848,-0.06785182840609907,-0.46576691130794395,-0.032363608635192956,-0.04316604856510094,-0.7026009075386859,-0.004861446215787716,-0.07278281073595132,-0.8424862920329226,-0.013421489767216303,-0.10275779092233929,-0.961463106854151,-0.035003133011478754,-0.13039720655143194,-0.4456709835302577,0.011478190105987461,-0.11012530251995972,-0.5951044876942831,0.02304031229522152,-0.14790090443231507,-0.6978680787884687,0.020535138048685977,-0.17611406420139422,-0.7925935192586635,0.006785196022249838,-0.20105095126999517,SPACE,left
0.0,0.0,0.0,-0.18352440356745625,-0.0509849975778201,0.11671958006579077,-0.3572386495054775,-0.05521600316528467,0.16136796556928484,-0.48101052855860893,-0.04584426840791777,0.17612731375934254,-0.5788467558844028,-0.031864906221976505,0.18270720439013383,-0.47228611501383927,-0.10316484093485803,0.10211139045129691,-0.6722230734277648,-0.06082120934326765,0.08481471059873254,-0.8039642613337311,-0.04710223343330883,0.06677748942453056,-0.912587986557716,-0.04992360170359506,0.047507882415762336,-0.474434650730016,-0.10310846784890233,0.016430927222555625,-0.7223410731045249,-0.05643566240737158,-0.010175498559213,-0.8700145978083722,-0.05652848026691624,-0.03670129754898524,-0.9958639064981462,-0.0663315040257764,-0.0620903479449906,-0.45516063836231263,-0.07818978038883984,-0.0655704991153126,-0.7004121752939725,-0.0515973473161862,-0.09126079803577318,-0.8412714578415408,-0.05587045824845674,-0.11693689706439658,-0.9596826208680211,-0.07213521790671204,-0.14481559801852634,-0.4285002784350549,-0.04339773851109762,-0.13834304500016167,-0.581287470125863,-0.026870964193359093,-0.1785746438057179,-0.6880875609131132,-0.0261492801342261,-0.20816398101293865,-0.7834618274698653,-0.04138908869184533,-0.2357844087125334,SPACE,left
0.0,0.0,0.0,-0.17950140353641264,-0.014170022875089679,0.07085213893475388,-0.3604789173382741,-0.033794603538458236,0.0910008911594581,-0.4874244001668712,-0.047694465295540354,0.08975154647949199,-0.587593978620135,-0.03839697395699348,0.08205828726993386,-0.46526386861682206,-0.0863924208902428,0.04594626959230274,-0.6638846852358725,-0.06355663101636082,0.008605472557556048,-0.7985210434994572,-0.053073416496426745,-0.023581612884883748,-0.9129962551144967,-0.05738434037553565,-0.05079659679784796,-0.45784248010097367,-0.08917117968369598,-0.023495617916265733,-0.6993317502009461,-0.048589030879873416,-0.06591755911801359,-0.8515041173475092,-0.04433762912943784,-0.10390761794009007,-0.9896073988210048,-0.04877260560034487,-0.13527168640065887,-0.43176581626636573,-0.07705524813258037,-0.09081349004678758,-0.6689422362047478,-0.049837550870152215,-0.13067165159963226,-0.806911063161046,-0.049898614024810606,-0.15991169264288896,-0.925049775113217,-0.060115808934072,-0.18581222202310965,-0.39606525252674823,-0.06299155605046051,-0.15285897051543754,-0.5490446357188677,-0.04800180366543773,-0.1948162923826868,-0.6504861384945585,-0.04709307990486684,-0.21884637739499793,-0.7408898500239381,-0.05753247149835049,-0.2401101040573295,SPACE,left
0.0,0.0,0.0,-0.1722586449783936,-0.06059805550129073,0.05743562398493206,-0.3554226968354639,-0.08234454166468393,0.07524220818687524,-0.48726105637779393,-0.092864609547073,0.07266043691174814,-0.5871700596030714,-0.0936653627783829,0.06602588362874835,-0.4547624635109409,-0.13091814077937974,0.05158512852076751,-0.6533605430903219,-0.08768446295876736,0.01351089119148039,-0.7924255230177729,-0.06958386849656385,-0.02189456846320873,-0.9101349948853811,-0.06536299671039864,-0.051332243791389356,-0.45683535756956134,-0.12194579898478983,-0.009979970240325077,-0.6937338359658626,-0.07503751178711267,-0.050485124567030214,-0.8492700216403204,-0.07117012848399179,-0.08992636895518344,-0.9892276513618816,-0.08004723202258866,-0.1225605745196121,-0.43930253766638655,-0.08905173761415867,-0.07171360586170962,-0.6680103171914618,-0.06513858112692382,-0.1071004528727222,-0.8026723030537434,-0.06771617528556,-0.13377961757931192,-0.919458005609384,-0.08092567962062973,-0.1576854380057096,-0.4116771777536686,-0.052311491806598075,-0.1304617208970829,-0.5575278834206236,-0.045136041098490884,-0.16509418066983483,-0.657157646408483,-0.047665911701218276,-0.18502360810618756,-0.7478851387308876,-0.0602448803019832,-0.20348641078211022,SPACE,left
0.0,0.0,0.0,-0.17374488077901395,-0.06358578121569429,0.05135706282783176,-0.36492459486015016,-0.07948326456819964,0.06434660806489931,-0.5061697892858558,-0.0817207206168618,0.059332782954204674,-0.6113173056350707,-0.06689358069090343,0.050261481845140246,-0.473426507532023,-0.1491352863570877,0.04363850842458891,-0.6771213966700298,-0.09867459140942575,0.010667697595069402,-0.8144119720153458,-0.07924162992610741,-0.021639371274785327,-0.9308774473904444,-0.0724629420096183,-0.04836107737912375,-0.47343734937276605,-0.14174634121324298,-0.011945675339062703,-0.7063524987167741,-0.08835535045794604,-0.04589977768767376,-0.8584859000555064,-0.07649483803998496,-0.0798896656798411,-0.9911912994763666,-0.07526336640579939,-0.10897354504474019,-0.4527121327438623,-0.09862857125563347,-0.06710100086502484,-0.6779626773761972,-0.06869863183588835,-0.09313747956665684,-0.8164385888631752,-0.06591504689447836,-0.11254177216657421,-0.9347099227543779,-0.07726057187714502,-0.13270102164094494,-0.4213734460599098,-0.037459482477055446,-0.11973189496365444,-0.5740724685369811,-0.032729902461000986,-0.14309954355285814,-0.6779122743506152,-0.03634853981708772,-0.15451492055467378,-0.771359829795851,-0.053243703195415416,-0.16731067149279483,SPACE,left
0.0,0.0,0.0,-0.1775185579260578,-0.060076152055784426,0.049268894452679984,-0.37235614954541557,-0.08520994379597993,0.06239826805573058,-0.5152707000784796,-0.09776152449534155,0.0575132866485249,-0.6200058900008296,-0.08891183935105679,0.04731819110358998,-0.45993196199449476,-0.15657237144142797,0.03701175382391386,-0.6633654445002242,-0.10912656382021955,-0.0024885076940316065,-0.8073854073952237,-0.08607291523120439,-0.03895810102085993,-0.9293165183256511,-0.07383698079203381,-0.0682745974576452,-0.458380103535811,-0.14571598500717628,-0.020120274706853084,-0.6905588014787962,-0.09435174069098476,-0.05976697946051882,-0.8496352920334821,-0.07752137329484081,-0.09811271146144251,-0.9890158817021667,-0.07040058761767216,-0.12996669959636675,-0.4372950752716891,-0.09845455075413494,-0.07689869427622205,-0.6634951799619813,-0.06884967526992193,-0.1099638152784094,-0.804559492300707,-0.06531642398874257,-0.13402875297445946,-0.9254790923793494,-0.07615708132872469,-0.15606663321248893,-0.4057392007787194,-0.03129131822318802,-0.13106611006706778,-0.5594133979030841,-0.02451787352248289,-0.16055380084237603,-0.6644071126380147,-0.02681834225730351,-0.17528072710560205,-0.7579699150743219,-0.0413931811879684,-0.18982427046054456,SPACE,left
0.0,0.0,0.0,-0.1823506025819755,-0.07127767200313181,0.04550272218247609,-0.375876690200662,-0.0947059968194052,0.056811227893969606,-0.5195979722687997,-0.10247004254111995,0.05056099686594905,-0.6264330130659751,-0.09713001431792638,0.03908291989188547,-0.4634514844555814,-0.17536282647169685,0.03738506399768874,-0.6609757225133178,-0.12610534804879414,-0.004490601373365471,-0.8026777465974164,-0.104404152570309,-0.043583528787380615,-0.9230537660473117,-0.09592604186699819,-0.0747333751913971,-0.4580304797911759,-0.16332702809289795,-0.018260869017729386,-0.6830966458787514,-0.1120836637950616,-0.061795571338799204,-0.8409221836323423,-0.09627117327476961,-0.1035011914552121,-0.9862429957975707,-0.09228136586299607,-0.1371455531714128,-0.43220193964243453,-0.11669367713157192,-0.0743162314958017,-0.651485406294858,-0.0866292102664038,-0.11375954928118569,-0.7914664356200479,-0.08141395937762314,-0.14094443715200317,-0.9157844127664553,-0.09201598398066062,-0.16326034810712778,-0.3938676923727099,-0.048701808267980304,-0.1278016386779168,-0.5437695626621365,-0.04152938133342297,-0.16312494261480578,-0.6498434249119198,-0.04307455906163958,-0.18047641493864588,-0.7466270809062988,-0.05724396397479508,-0.1955970629893335,SPACE,left
0.0,0.0,0.0,-0.17288975961380773,-0.06696597646949945,0.048349488071165354,-0.3668607721960207,-0.08875228309434072,0.06504758212268046,-0.5103425357025265,-0.10155918886493719,0.06280658728421704,-0.6164876700211235,-0.0971371200780843,0.056921109462507676,-0.4634206698498267,-0.16745334009038515,0.05637670417686292,-0.6662167444149002,-0.12603366738928215,0.021556984623571987,-0.8106312299932549,-0.10166137953017959,-0.013406652482220695,-0.9311311180253198,-0.0896090744052276,-0.04226159290277368,-0.4619092389440234,-0.15815795331246355,0.0003431603148080042,-0.69326258781169,-0.11174889879807107,-0.03757246971494586,-0.8510991050316637,-0.09484854464654666,-0.0778863542592384,-0.9898507413459133,-0.08959966047727799,-0.11030598668840445,-0.44357957802130865,-0.11277291119753641,-0.056840515775541604,-0.6671682943426482,-0.08729869829843824,-0.09015318236402879,-0.8091724427634854,-0.07784971585397048,-0.11539357218264847,-0.9330889673038911,-0.08236418977569711,-0.13701180613003425,-0.4149538050061349,-0.044888333548112565,-0.11192607259319848,-0.5691039023615281,-0.04437886663157682,-0.14131632468499014,-0.6753652243698188,-0.05025823623852283,-0.15619449588914286,-0.7723216218047654,-0.06769976737967638,-0.17006947991273194,SPACE,left
0.0,0.0,0.0,-0.18168954955524444,-0.06159250130171827,0.042187614354688624,-0.3778867901714395,-0.08335378813947628,0.052780045943212575,-0.5232495438538566,-0.09156443997167485,0.045751790413267567,-0.6325446210938921,-0.08072200886398448,0.035865670002365735,-0.46625413344033184,-0.1633460167858582,0.044146967000970344,-0.6663735056572219,-0.11251877270844932,0.004138530358629365,-0.8087345948819878,-0.09267621842432981,-0.03485771613053134,-0.9291530761061008,-0.08480373305846726,-0.06624334251122181,-0.46443717550636243,-0.15009059061575605,-0.00903493416979016,-0.69179530712855,-0.09639392664784896,-0.05122700078878629,-0.8479770150738749,-0.08284716282414198,-0.09203543501441956,-0.9887467988036187,-0.08207230206948354,-0.12507559749452243,-0.4443305067184391,-0.1012934692278689,-0.06361365102029762,-0.6665793026795711,-0.07315821903164581,-0.09743012204585254,-0.8050393644885797,-0.07068266067542521,-0.11906159941471973,-0.9261188187947889,-0.0825432126103082,-0.13860842194163978,-0.4144821961140928,-0.034734491363133606,-0.1169527496861948,-0.5658526494010002,-0.030064847034415223,-0.14336418445697077,-0.6684221101181681,-0.031232320555011794,-0.15483590115014262,-0.7629438832714418,-0.043616106424144395,-0.1670093007732783,SPACE,left
0.0,0.0,0.0,-0.17461301734245394,-0.07002646577073754,0.03644438301995456,-0.3690382310294624,-0.08967148784188018,0.04640984052067815,-0.5119828429501003,-0.09546993007135463,0.04104945192234381,-0.6170980128664894,-0.07649219919400686,0.03155052750986479,-0.46458062884777773,-0.16928695746353797,0.033651403200915864,-0.6672978398669112,-0.11547997486792884,-0.005518187376100181,-0.8119769487787366,-0.08682262350369059,-0.04190123152381611,-0.933267379929428,-0.07104152546449714,-0.07108468099747936,-0.46253274399848154,-0.15425213662805423,-0.014905781594727226,-0.6966103405625788,-0.09507883429410653,-0.05684270779833105,-0.8511389282253349,-0.07645858540661593,-0.09612773543432321,-0.9890244734300212,-0.07524785001515474,-0.1271548348454201,-0.4402115276528951,-0.09673063881213086,-0.06421347726977325,-0.6653260014187465,-0.06621775526028219,-0.10134725845904885,-0.8066326122017337,-0.059195029877128144,-0.12730540991488754,-0.9294421820479709,-0.06863948166135964,-0.14812538083578242,-0.40550088275858354,-0.013552491154266929,-0.11159182702090041,-0.5576505600612354,-0.007830989989466781,-0.1426656486379026,-0.6623129024159283,-0.007032822300279073,-0.1578555657889715,-0.7576332958665704,-0.017669860586962207,-0.17145104872169328,SPACE,left
0.0,0.0,0.0,-0.18175348617344636,-0.06172956317345572,0.05012093916351902,-0.39893986046258345,-0.06302738642794084,0.0654505914323101,-0.5570993399802755,-0.0499014503760488,0.06388375934341635,-0.6724415537089392,-0.006289696595952761,0.056777675983173195,-0.47627308269488056,-0.17661191512817312,0.034628670535005825,-0.6797262215440404,-0.1162814804048507,-0.0040466542862248305,-0.8171520372988532,-0.08476572652089007,-0.03985338834139871,-0.9341389315726139,-0.06511491160125832,-0.06909956350572856,-0.4698917859942012,-0.15944693294900056,-0.020766401397669425,-0.7061602302856697,-0.09772707486646653,-0.0615597548128868,-0.8552136755898088,-0.07290677014685536,-0.0987869006947588,-0.9896711959335492,-0.0613137066747844,-0.1295822260700018,-0.444712525856939,-0.09758282796715119,-0.07572560215893569,-0.6747915151764949,-0.06252125928905282,-0.1129510322006747,-0.8160281080022525,-0.051749804884049885,-0.14070431012116308,-0.9400054596150913,-0.05662056400867304,-0.16407774199643207,-0.4074263642145608,-0.0035261387193924135,-0.12694148578668915,-0.5621167390403317,0.004420735388049487,-0.15946386865171866,-0.6694773796378473,0.008312742740544036,-0.17759698350524764,-0.7678222566620265,-5.065259782409643e-05,-0.19468859586178455,SPACE,left
0.0,0.0,0.0,-0.17611172461889,-0.06591754591901475,0.05183283416922087,-0.3801596882818275,-0.07600527244946455,0.06979090597899194,-0.5304293921916843,-0.07170913312220675,0.07062489323396456,-0.6373692611897878,-0.04144144832166608,0.06663371345269734,-0.4738819774516189,-0.17794126191391588,0.046861872580069894,-0.6801649472367985,-0.11789963508264262,0.015411799146969543,-0.8216837046559339,-0.08140701826982263,-0.01612837956986122,-0.9405007129601531,-0.056798720940267014,-0.04204920074327232,-0.4740329019595272,-0.1620377326808709,-0.006294906983908217,-0.7107191351843478,-0.09980375842688557,-0.03810924571846428,-0.8611489148082827,-0.0697382448888041,-0.07144220181909482,-0.9935512406410532,-0.055108563554596694,-0.09909075861841561,-0.4546358645742104,-0.10248337238119322,-0.058723243937341914,-0.6817326192475807,-0.06673763477961697,-0.08768371853309036,-0.8217787364123127,-0.047453368411869666,-0.11215148325328247,-0.9434116412488761,-0.046119685703460256,-0.13358131150219868,-0.4221190948727048,-0.013069752651722848,-0.10758280516766168,-0.5764177228896609,-0.002818430712514297,-0.13147972820606507,-0.6810966808126724,0.006092309916710683,-0.14334599165561748,-0.7760491736672608,0.002446750954232777,-0.15555472139760163,SPACE,left
0.0,0.0,0.0,-0.17945141847769397,-0.049977065486077284,0.05853716600242734,-0.3791471239545962,-0.05396728359656007,0.07772844935775361,-0.5239062591261789,-0.04075489045208162,0.07927933548306594,-0.6287959366628302,-0.0016081248063335488,0.07496580875957289,-0.47774352309989176,-0.15209006894987404,0.043108515598366294,-0.6850256683767311,-0.0857479085164945,0.012784969599461678,-0.8230319357092178,-0.05057456098552352,-0.015372017224982963,-0.9400832031806857,-0.02827117886047305,-0.038753846085237895,-0.47603693571003086,-0.14132726126620598,-0.013000978591921047,-0.7164204777431111,-0.07288919180335085,-0.044777945632355695,-0.8654560152998503,-0.041113387751749365,-0.07558461819254945,-0.9945216170916014,-0.025021767517152092,-0.10149218830936575,-0.4536188753534241,-0.08013641777695196,-0.06724256206401866,-0.6853676578545315,-0.034790745889638534,-0.09494301128776898,-0.8250533404099116,-0.015443870834953105,-0.11899303600983299,-0.9455221652686766,-0.01703738694936865,-0.14110417687967503,-0.41993517613733167,0.018696642177415203,-0.11702100868782205,-0.5740015089298729,0.033151942830277184,-0.14181703539311122,-0.6745868814798043,0.039993485429315405,-0.15531459020382907,-0.7663962284469157,0.03198061791229186,-0.16916837796696735,SPACE,left
0.0,0.0,0.0,-0.17620831519080257,-0.06881616187182453,0.05266922240793983,-0.36773749471324013,-0.08146742143231778,0.07063683947937127,-0.512215058897766,-0.080578053185529,0.07120508863789675,-0.6164475473912493,-0.05650225923273928,0.06623692108312328,-0.46505199127323527,-0.1621981777507918,0.04219820601606522,-0.6742941342049837,-0.1014967323651423,0.009425068389212084,-0.8158982394359786,-0.07266179077095146,-0.02052410895590313,-0.9357746988901376,-0.05817809361511811,-0.04525761015259169,-0.4656884543312762,-0.1465827073748503,-0.011512614305288209,-0.70562647703729,-0.08382036970675336,-0.047387799169270654,-0.8588090198181467,-0.06080029741375437,-0.0811075487954832,-0.9924458615881973,-0.05675441440609936,-0.10876648501207359,-0.4444558187103526,-0.0839676727289066,-0.06416563870554416,-0.6740478291516481,-0.04436191015437836,-0.09505481619561619,-0.8143229071155577,-0.034390605577377796,-0.11897173813889671,-0.934939181748189,-0.045814089948131444,-0.13996312193515958,-0.40928639715433973,0.010770220968027207,-0.11323858301419974,-0.5647135859876415,0.022534512330972468,-0.1418408135839578,-0.6698501430295134,0.024552953742473498,-0.15701915624153645,-0.7650825968731266,0.01213494896756915,-0.1712025941120782,SPACE,left
0.0,0.0,0.0,-0.1713140884785279,-0.08847255756807532,0.04665463183642043,-0.3566794105910496,-0.10938127023642202,0.06039543579233788,-0.4983077217367637,-0.11140512853282035,0.05762275616901162,-0.6002411389603501,-0.09397328122762741,0.04896606760101282,-0.4470599006755904,-0.19021801158190121,0.031519866724422356,-0.656766155773816,-0.1406930352710606,-0.006492297368885165,-0.8035760163364214,-0.11706339623533593,-0.04015483629420778,-0.9272928864476906,-0.10274535170053074,-0.06735543580232017,-0.44808673672891147,-0.16992343313674935,-0.021172434388933133,-0.6889077133037176,-0.12260679753188677,-0.06189668983625223,-0.8464295094138717,-0.10641229902138108,-0.09887389226508304,-0.986314242347307,-0.1031323258771471,-0.1286387915911358,-0.42878070553509245,-0.10594677983199043,-0.07295317257886644,-0.6591403641753637,-0.07970411923449101,-0.1094027358313852,-0.8006118879738058,-0.07582499444175325,-0.13735732584386787,-0.9216315919624092,-0.0875785972781759,-0.16030521043766896,-0.39640139421893184,-0.012575071679079494,-0.12140851696568544,-0.5500905266518044,-0.011019153998284516,-0.1539079631815626,-0.6556215778709027,-0.012089424384295807,-0.1718424928932934,-0.750890322122322,-0.02512350766981934,-0.1877797148687002,SPACE,left
0.0,0.0,0.0,-0.17643140774228894,-0.07822185145288355,0.042513330401421946,-0.3683641350704329,-0.09385308044475027,0.05599931097977216,-0.5115800833536579,-0.09104183488433346,0.05407652208693065,-0.6152686891280924,-0.07277678290044547,0.04760459692644876,-0.4572599086677241,-0.160800329108531,0.03461564622087838,-0.6727457826665968,-0.11543608481574409,-0.00041067942390735106,-0.8158461055641469,-0.09160898567076402,-0.030471877029979305,-0.9351140667829089,-0.07823598511511166,-0.05382224699621432,-0.4580462815767994,-0.14351756664949744,-0.014391463760097825,-0.7024362466227237,-0.10010436917662649,-0.05193135281720408,-0.8568122248161385,-0.08048714672021197,-0.08516112918744126,-0.9909600755570445,-0.07608887132130773,-0.11049258940320879,-0.4393615801112232,-0.08161362967141499,-0.06323326439781946,-0.6703114848849661,-0.05505888407451634,-0.09486715859591303,-0.8128378908811893,-0.048257284664396265,-0.12003906066608795,-0.9338223402701238,-0.06081429176353784,-0.14058177487175397,-0.40796259696469045,0.011967452954498352,-0.10937593611336921,-0.5615708466545224,0.015997350986818593,-0.13585504218415473,-0.6659327560402071,0.017247578661572074,-0.15001484792844516,-0.7595660129298775,0.006341653955270903,-0.1628860564880902,SPACE,left
0.0,0.0,0.0,-0.17369366192056615,-0.0747289118055132,0.03601108740858371,-0.3782841349180665,-0.08377215045049517,0.04825738839955374,-0.5282416346341773,-0.07155520966711525,0.04755318547823311,-0.6384807044638325,-0.041033708245046874,0.04262942893352689,-0.4715773917837556,-0.17686264874331603,0.02458586147644071,-0.6812203254981929,-0.11729568705064795,-0.012248800623969417,-0.8249413782088522,-0.08739822818388254,-0.04426013917961751,-0.943727105004299,-0.06910972908912041,-0.06902574136030087,-0.46880007086702585,-0.15412171284783738,-0.020490988184827228,-0.7065269825206929,-0.09841305818422548,-0.05808712080720015,-0.8582736498180289,-0.07391080454056821,-0.09054335215712656,-0.9911541918537108,-0.0651251400128636,-0.11563772787945338,-0.44570843337021987,-0.0876462243162497,-0.06541473513874577,-0.6680202414021845,-0.05323547160618448,-0.09882305042234901,-0.8081141849041583,-0.044766027934130447,-0.12427475865863327,-0.9295207430782637,-0.05450300739383883,-0.14483633460300663,-0.4079107578422943,0.010166515244527307,-0.10778017008954706,-0.5566415387218296,0.01842745355276701,-0.13635527762424898,-0.6578027418072122,0.02336866229113171,-0.1505502564836025,-0.7497203053325686,0.016819972977607598,-0.16294687658005744,SPACE,left
0.0,0.0,0.0,-0.18536078559586272,-0.038934084690363524,0.0490491353583365,-0.3881573623861169,-0.037157709178810665,0.06161629927160995,-0.5395800565963982,-0.01907029789942794,0.05886594881289085,-0.6508659402829341,0.023569606789493183,0.050936830497674605,-0.4739497948806226,-0.14877744405477022,0.027282876923133078,-0.6846333008882038,-0.08506241122696592,-0.00761618873275232,-0.8221713754161956,-0.05553704281006365,-0.03838276673657533,-0.9405864538139987,-0.037393343502184546,-0.06361413128316641,-0.4697829012608868,-0.13652374127978148,-0.02415106072933521,-0.7131197818403834,-0.0708218272012006,-0.06015562142511817,-0.8611262809334264,-0.043410993242557754,-0.09126440923803017,-0.9925863971190845,-0.029742910159688017,-0.1178456768379212,-0.44480824763762555,-0.07600736182642961,-0.07388107845029936,-0.6759850473670814,-0.03177387412665945,-0.10335768395220878,-0.8150678836567161,-0.018685902357885056,-0.12606318155423799,-0.9339631333996518,-0.02290118645109867,-0.14750912682472864,-0.4074282581830179,0.020183278789416313,-0.12005220883765326,-0.5581925834885647,0.03425083456431904,-0.14539038332862406,-0.6622908305566955,0.04265699212614324,-0.15983988460811502,-0.7584360961291617,0.038958638906875974,-0.17506330140695953,SPACE,left
0.0,0.0,0.0,-0.1711779116916783,-0.07405704818628066,0.043588162071834635,-0.3609071212733565,-0.08184994591349286,0.05800420401638991,-0.4990459865042738,-0.07261718828123964,0.05681662792178728,-0.5974994084394791,-0.044570368573387774,0.05002711060789061,-0.46722004689925445,-0.16328517821261188,0.0348220807695579,-0.6711615052203307,-0.10258489469852097,-0.0020978762607059575,-0.8139411226584063,-0.0719786493522249,-0.03516843775509323,-0.9348753015554921,-0.05191327348359142,-0.06189610943024886,-0.4672355638929444,-0.14704810818340835,-0.015683445254881353,-0.7047699960721662,-0.08900489025862202,-0.05457782493868888,-0.8564158187632533,-0.06631333640133096,-0.08871377463676226,-0.9915803983546196,-0.057715897189968134,-0.11591888892864241,-0.44466346160971937,-0.08390155597542352,-0.06624735900012299,-0.6732510294460886,-0.04214195906091058,-0.10322285907384698,-0.8140847280434049,-0.031400978919340794,-0.13156821622515585,-0.9364836525901288,-0.03830852968582829,-0.15405083046871024,-0.4077933279616029,0.013132061037151345,-0.11367373730744453,-0.5610047567613128,0.029026000564380882,-0.14681467808349147,-0.666727304693328,0.03680411323156775,-0.1648460468948284,-0.7638461187844647,0.031715710395127515,-0.18046790838057697,SPACE,left
0.0,0.0,0.0,-0.16826355970914939,-0.09488460339453436,0.04955722008351133,-0.3576773630934008,-0.11121242815084986,0.06579928720630422,-0.4926944930687536,-0.10955902292501772,0.065344024018061,-0.5794246147456528,-0.09045546640134174,0.05825490005331192,-0.48581619015604793,-0.16170901682793742,0.039478766710258205,-0.6868187944750114,-0.0904211730903506,0.006410892967139435,-0.8243312304610289,-0.052858306653573155,-0.02409271914925453,-0.9411340918181805,-0.02879048160655636,-0.04991476639808758,-0.48283516615879957,-0.13852814150610068,-0.01431531379577686,-0.7173418676800521,-0.07783895728769968,-0.04955790650179494,-0.8647335830478731,-0.051251041518892745,-0.08147498818499889,-0.9934485377351714,-0.037618515127794884,-0.1079113070601474,-0.4534872623699508,-0.07115877618531108,-0.06755572295040917,-0.6786267459939722,-0.03171975387994539,-0.10194229323685552,-0.8184832856649208,-0.0224159786080479,-0.12961144202850883,-0.939686290579609,-0.03127207029282463,-0.1529312344871134,-0.4084174342785255,0.02957922775935268,-0.11700457790858305,-0.5579702517535339,0.0466837960096176,-0.1505952170090354,-0.6624752200318885,0.0545590990000476,-0.16902262050353,-0.7572000477729414,0.05029893450282952,-0.18553064102123534,SPACE,left
0.0,0.0,0.0,-0.175855192883562,-0.11107005749275717,0.043891363914628306,-0.36435779578715866,-0.13339237304493487,0.05810546038793484,-0.5006769888227046,-0.14105983817642775,0.054415396571477384,-0.5973353445194973,-0.13649423327054766,0.04565947319090325,-0.4913466414586959,-0.15604669607918076,0.05105301025039531,-0.6898133177013982,-0.08888563214482552,0.018320071870970053,-0.8269573418252073,-0.05719130095089965,-0.014361876731585468,-0.943016213357993,-0.03751517204889539,-0.04124880359366304,-0.4882498015075095,-0.12429831326393027,-0.0007008097343214401,-0.7170580123286946,-0.06768467855703232,-0.03512411585848612,-0.8645926657753753,-0.044725457522621,-0.06944189081354318,-0.9947235338679369,-0.03344741102363667,-0.09698640041314824,-0.45934607352475754,-0.055066888156113596,-0.05366446519548746,-0.6758062500242042,-0.015023003878623325,-0.08521530021205775,-0.8113647041416646,-0.008260359541254758,-0.10977211899363118,-0.9282018855530284,-0.01543098484701154,-0.1305938117663174,-0.4140665450479391,0.040311130219457446,-0.10445917302704097,-0.5623206038199279,0.0522419797363591,-0.13115523533076856,-0.6645271994703347,0.05622439609636843,-0.14404408917399955,-0.7570533672867293,0.05162247787213712,-0.15653844357745833,SPACE,left
0.0,0.0,0.0,-0.16736913218374494,-0.09978920581563393,0.044565884039784884,-0.34646771594004366,-0.1258310492514428,0.05853555779748939,-0.4691135595072693,-0.13824164265147118,0.05657512785168665,-0.5535194067674531,-0.17759747757758224,0.05042085982241965,-0.48512652728667427,-0.13033682172109326,0.04200129895256935,-0.6746904363006151,-0.0439601152977277,0.0060089482533951365,-0.8115130042646869,-0.007129728506010302,-0.02564863298944511,-0.9252584310240113,0.016323565648237965,-0.050620076657428105,-0.4845319742555899,-0.09286052457573617,-0.009701092253441103,-0.7099497798088393,-0.026213268218945835,-0.050077494432274335,-0.8609219036202825,-0.0051890176686972414,-0.08269862937072471,-0.994257081517593,0.00569908527496359,-0.1068661605895294,-0.45898512426311305,-0.022160071199254068,-0.06188987033355734,-0.6754197803932868,0.023220521033587887,-0.09974924950403738,-0.8118849504710433,0.028143812760326438,-0.12278867243626812,-0.9298069720489637,0.02007177378995604,-0.1394663494527396,-0.41443536380130286,0.07307813965792644,-0.11120554760376802,-0.5627612708939134,0.09440422402879037,-0.14513023611904913,-0.666207538749802,0.09859694469610687,-0.1597955671590887,-0.7578942067072681,0.09269313125477933,-0.17091551204328678,SPACE,left
0.0,0.0,0.0,-0.16516790784708354,-0.09936272750523965,0.019678158827960136,-0.36605861727744093,-0.10422870543289368,0.02923095675258744,-0.5053121219690514,-0.08067771365706128,0.026755905240053793,-0.604264805578153,-0.05353985826125603,0.021032219790074014,-0.4858396754081084,-0.09973009714974339,0.03121830418876712,-0.679975236344985,-0.05676417628256205,-0.008138150490311859,-0.825791113236824,-0.04810093212035578,-0.04791014279561356,-0.9462590412785787,-0.043041621278776046,-0.07768016168717716,-0.482640219776885,-0.06184797843377536,-0.008415938995175716,-0.6984223876253585,-0.024111694334261843,-0.043073088849518985,-0.8516916008754598,-0.019052383492682116,-0.0812156422612284,-0.9937415678306866,-0.0199036420426736,-0.10991606524455785,-0.4578205039459432,-0.0024498731242562246,-0.050397967592977405,-0.6632940569213724,0.024306140489534528,-0.0816244917421712,-0.7993167496838195,0.016871543693946306,-0.10489597296793114,-0.9205440938644398,-0.0002441709354378364,-0.12270789250094757,-0.4159344271853334,0.07600098675839402,-0.09265898056037115,-0.5593640712499186,0.09121046112129767,-0.118865690743275,-0.6579067109628823,0.08553070376900052,-0.12784626667069102,-0.7462175494557434,0.06931857003291597,-0.1347731094494156,SPACE,left
0.0,0.0,0.0,-0.17352276232218827,-0.11892232671562625,0.04128804099534919,-0.3522067863816583,-0.1024474268882528,0.05236023000012157,-0.4746578163248992,-0.07347579827292806,0.0481507068317192,-0.5560034912586375,-0.04644335663210529,0.035585007469918196,-0.4763040874118757,-0.09181675132915343,0.018730489759316717,-0.6710478249301851,-0.030414496472212053,-0.02372345169852188,-0.8116005996365876,-0.014710548213566144,-0.06089884989984505,-0.930295145206908,-0.013396807126342176,-0.08881146759671386,-0.4697582362712715,-0.04144207496343301,-0.03175573074520063,-0.6973950186104639,0.01991713763695391,-0.07158713732889009,-0.8513308878658993,0.03258184549694513,-0.10813906558723507,-0.9901497833525154,0.029760482715539525,-0.13681271942149575,-0.43567714898850046,0.03457512097083409,-0.08093070538733645,-0.6529872178989515,0.08678347364675926,-0.11628521735164839,-0.7923054797425844,0.09064089782487382,-0.14336973583772164,-0.9150964673316203,0.07631887263507353,-0.16498251936258898,-0.3819249886504939,0.12778027075256257,-0.12697940880703495,-0.5362958513305769,0.16007148579153382,-0.1609721023405877,-0.6414317051813193,0.1630768256518403,-0.17651815360443415,-0.7375808691303873,0.15078997547770767,-0.188755057620242,SPACE,left
0.0,0.0,0.0,-0.17564730898382686,-0.1013120879187642,0.02851546457063137,-0.3756069592619429,-0.09523720235295977,0.03953239418932711,-0.5229606525894183,-0.08648227725068668,0.036613406075381986,-0.6281876926183293,-0.09061403719019473,0.028266750065800938,-0.4725018300633638,-0.10392386595618532,0.027721812531478925,-0.6712630256138838,-0.04333596781009972,-0.01469509758157238,-0.8195237048250108,-0.02302119055378201,-0.05435261355949754,-0.9448514292268632,-0.01509238472975469,-0.08519165470061818,-0.4673655401094631,-0.05968459683198494,-0.01640081693787699,-0.6909448326063062,-0.003691162991110307,-0.05812707327507592,-0.8459102648517216,0.013527800143631018,-0.10057333268144107,-0.9908988523769704,0.017691363736104398,-0.13344092328502413,-0.4408001814971788,0.015010936350209331,-0.061394734993286806,-0.6525384310058326,0.06146094720492654,-0.10083161615883864,-0.7927217580626186,0.06206909510553187,-0.13017798242155026,-0.9174070098896286,0.04941744681615306,-0.15257895326133006,-0.39922854072780206,0.11417201135012328,-0.10474949532012538,-0.552132359347154,0.13466868998742562,-0.13787737530985816,-0.6565204810667478,0.1326212328654259,-0.1531623151595291,-0.7530988667362211,0.1198679680263286,-0.16579643750295217,SPACE,left
0.0,0.0,0.0,-0.1649360164166435,-0.11132671189616906,0.03516676965649292,-0.35944922319875283,-0.09463282346667765,0.049334102343957985,-0.4984652767941158,-0.0763601046538174,0.04861682276900703,-0.5961925004609319,-0.06641516018703641,0.041941467139639935,-0.48042106281575964,-0.08303045215499538,0.03185119110603142,-0.6756236180751145,-0.02241149345794683,-0.00787958977489789,-0.8217624280721837,-0.005162062234501687,-0.04658168255497371,-0.9437240080084393,0.001508668664049624,-0.07617741078249846,-0.4739316788747929,-0.03844938898167233,-0.01484036527931056,-0.6954117150060577,0.017184637067352543,-0.05125065083799462,-0.8508596049262417,0.03041606381830974,-0.09103405899899729,-0.9920470295454534,0.03137033988052563,-0.12189582825438595,-0.44376865732288034,0.02973591687802409,-0.0616206931330381,-0.6522528643890986,0.07390214409340516,-0.09477276447559901,-0.7915411301195251,0.0721826068740246,-0.12208317777709675,-0.9137858490159841,0.057075983570115243,-0.14367109773362913,-0.3951159140448033,0.11694616719705225,-0.10643151916349648,-0.5429029493498138,0.14024254179264242,-0.13499758282498253,-0.6457374094267455,0.13996266171011226,-0.14744278137492112,-0.7388774752203666,0.12676689091487464,-0.15776210139558997,SPACE,left
0.0,0.0,0.0,-0.1713066965372015,-0.07031310498787255,0.02760156334233763,-0.3756257048504191,-0.06041537174219293,0.04151256039462051,-0.5200460215262223,-0.05012455207568038,0.04143470014462195,-0.6292011841574032,-0.046568856860629816,0.038132879908735644,-0.46869906209719814,-0.07237287783303707,0.03482564902109746,-0.6632740979460945,-0.02042513608826556,-0.007768262102945358,-0.8121549399284376,-0.004618674029340153,-0.048132671892985306,-0.9362627443463161,0.004270929670073074,-0.07850052334017492,-0.4692066006573062,-0.04000522778718704,-0.009453840814868332,-0.6908194003473449,0.00901210039799837,-0.05047732955087615,-0.8473341634531567,0.0204909552098934,-0.09345275947082779,-0.9918098778896633,0.02412636469447101,-0.12542362077025332,-0.45122408530500707,0.01891787820298806,-0.05578308779111899,-0.6639619077671054,0.06080041360371578,-0.09338687178761491,-0.804970782802759,0.06346316273534866,-0.12400702415424583,-0.9291612267844591,0.05726482978694039,-0.1464659368200191,-0.4191255623342575,0.10033869128913199,-0.10125592486694067,-0.5725371366862102,0.12026469903838644,-0.13133732029841372,-0.6774857261217987,0.11871612137119812,-0.14684894468785276,-0.7725168365752191,0.10722227442604343,-0.15930280237351432,SPACE,left
0.0,0.0,0.0,-0.1713535953211968,-0.07660434611957474,0.04724893040698069,-0.3647494602955727,-0.053668043022570944,0.07056190908366851,-0.5043643405962688,-0.034619958574802275,0.07493308743159509,-0.6096340518222126,-0.015700648719886752,0.07534467244880547,-0.46911352725374605,-0.057108717185168925,0.06868812990618083,-0.6587223284844751,0.0010889545488537444,0.036576826733838726,-0.8026726200778935,0.01695883982382891,0.00090951803186459,-0.9223237441332791,0.01980630643574276,-0.027163108533487895,-0.47447491317149515,-0.028958098607062548,0.016356396787534748,-0.6956857383589996,0.024629724177337584,-0.014369338439900401,-0.853827447480929,0.035541787627466834,-0.05293677374694515,-0.9959592377542342,0.03387756952857242,-0.08317155171596578,-0.45984140472517004,0.0230492447481127,-0.03821994994224024,-0.6731443791977271,0.06380077389573378,-0.06537915148969645,-0.8154914974787539,0.06664999972339698,-0.09286811802937016,-0.9384022723961284,0.055225300803904274,-0.11574316743300093,-0.42935067735726523,0.09317439926279512,-0.09122699513473531,-0.5805419009750489,0.11083798091581759,-0.11366296077997351,-0.6858788142426182,0.10955164235988567,-0.1267908554223074,-0.7812863619776507,0.09545399103081562,-0.1394024972078932,SPACE,left
0.0,0.0,0.0,-0.17714782764551015,-0.10104462788274965,0.05411736120022932,-0.3664101221553699,-0.08165330079052222,0.07584237164489771,-0.4961256893206206,-0.06624376218025041,0.07832354614816467,-0.5888802232728766,-0.0647359411987796,0.07499797084352226,-0.48210676928592006,-0.06692463598109237,0.0545706666382599,-0.6713644238178337,-0.003055511403071695,0.0201176985877577,-0.8101803625438078,0.015592731813628073,-0.013632878032694412,-0.9250036627142673,0.0245705735863655,-0.03998359070435017,-0.4796809200752474,-0.02916621396549617,-0.0017947664289015527,-0.7045315017301752,0.031253860339203424,-0.03603858371423867,-0.8582429726206063,0.04638603137891518,-0.07134373285321066,-0.9937811965551977,0.05105694251139485,-0.09895515143087587,-0.45459066895891065,0.03445063329308079,-0.058471182740181,-0.668221783939995,0.0833728422471665,-0.08797108845297269,-0.8042477211120393,0.08147629422442751,-0.11162202270668281,-0.9196852168817441,0.06591862002194829,-0.13142893930509364,-0.41246929286563255,0.11941000429576798,-0.11231507644963347,-0.5630214543278257,0.1472801177549668,-0.13671645195130905,-0.6652257329950483,0.14533682625069602,-0.14800372459916694,-0.7553750052560462,0.129411734535294,-0.15901173931507928,SPACE,left
0.0,0.0,0.0,-0.17620892917254552,-0.09753029702662902,0.04042577703909619,-0.37702538931556095,-0.07685456586119947,0.05913771968881604,-0.5157273208376283,-0.052808524097693356,0.06026236894574122,-0.6156531446890685,-0.033073536637256415,0.0574403957100685,-0.48675475282955566,-0.05545986719316045,0.05566416066396139,-0.6752698543608504,0.007724688624401985,0.022581146962242674,-0.8160937887247898,0.02469520993420277,-0.011844375656838189,-0.9327370683279625,0.03449599888416957,-0.03886325273574132,-0.4870731478115817,-0.01518771571389923,0.005709038170688714,-0.7040708466712654,0.04329037086611249,-0.027107832671638514,-0.8560043934183055,0.056662616272131254,-0.06380405778689276,-0.9939029449452284,0.06063602060506054,-0.09208805044295867,-0.4656375322938006,0.047360393978684655,-0.04619560754610912,-0.6737428650356047,0.09376216462055667,-0.07531252886769514,-0.808708469265895,0.0912744889240576,-0.10011712260714309,-0.9271166748331493,0.0757525616307531,-0.12037292955913587,-0.4296537417387601,0.12719329389421377,-0.09686434050236431,-0.5786330231666129,0.15203532311278492,-0.11951136554577897,-0.6793245766346535,0.14939051295971362,-0.12993090365341206,-0.7699163730783518,0.13285804262950368,-0.14008380530454626,SPACE,left
0.0,0.0,0.0,-0.18879384461005969,-0.08257108689143017,0.05549717473308988,-0.3968213247880849,-0.049508246323157444,0.08815953250258272,-0.5428006774594947,-0.026571873036512424,0.099035257193155,-0.6523476016734653,0.002165563304028248,0.10608134032248175,-0.48871738806695164,-0.05460295305575569,0.09569560003545123,-0.679358488575493,0.007830719825218579,0.06990043395100214,-0.8221116705146174,0.02893485846173367,0.036949380976489164,-0.9419699664244491,0.04213996635790724,0.010305032372571785,-0.4950313194574248,-0.021467152138346414,0.04091291170784516,-0.712408811436806,0.0365313183424207,0.014408705539256075,-0.8599212255620088,0.05617052761588051,-0.02248363408958027,-0.9966811082332137,0.06355955120980679,-0.050862087462282775,-0.48304865505805855,0.038869983651263096,-0.01738109820187017,-0.6971538396137889,0.08686752156876978,-0.04116764313036377,-0.8360125840933653,0.0970973493450076,-0.06787146621006032,-0.9572984350697582,0.09165393506138912,-0.08952314276082161,-0.4581555853492272,0.122605932587486,-0.07399317256303353,-0.6157939302829023,0.15060732775879626,-0.09049783624854355,-0.7194789911520302,0.1501495373328415,-0.09986910579868287,-0.8133825369784626,0.1343868830804159,-0.1102348065780538,SPACE,left
0.0,0.0,0.0,-0.1827407401230885,-0.07823047007214835,0.040282992911501926,-0.3765728084718081,-0.059473136593472746,0.05759585786134304,-0.513376338369711,-0.03794491327089677,0.057836143074796585,-0.6178540532395745,-0.020972935518077388,0.053818716965986196,-0.4723434921846571,-0.06607480939245833,0.052694684598901975,-0.6666146855326703,-0.00447448767182576,0.016074555346366544,-0.8138699083370984,0.018801356962176833,-0.02066917463382589,-0.9371007023153832,0.033412714141708065,-0.048466086802564395,-0.4744403418021774,-0.030600760376222523,0.0035005021356050337,-0.6959272965849328,0.0335799293899648,-0.031758160354639645,-0.8507136796026054,0.05806290534047565,-0.07016883468207454,-0.9926078409687313,0.06943243238621531,-0.09954301271474289,-0.4571095171670372,0.037215751203830326,-0.04736974252449946,-0.6699101577261903,0.09163728555184786,-0.07848366030087464,-0.8094779184536824,0.10142751637013615,-0.10504102325639457,-0.9315548532299479,0.0955846012573775,-0.12587074372362816,-0.4263585590235752,0.13335342059426938,-0.09665761903882103,-0.5794615062288755,0.15981634346661666,-0.1202361655846551,-0.6817406365403545,0.16049556292634978,-0.13096220756864016,-0.77496757678636,0.14984372964525186,-0.14087662437951515,SPACE,left
0.0,0.0,0.0,-0.17370495265341587,-0.10746177151739962,0.048826966001338123,-0.369505859002144,-0.09078163876031724,0.069460430013765,-0.5062452178747311,-0.06327291916608592,0.07069629485183782,-0.6028814575942926,-0.03023190525990028,0.06607670546773385,-0.47124286873100857,-0.09260664286860948,0.056071004209322865,-0.6685033201104739,-0.03268701122604609,0.021132983930463183,-0.8157422762744276,-0.014816558777491233,-0.01430629102828581,-0.9394306981512119,-0.004809013755121191,-0.04212544468295419,-0.47330960282476825,-0.051855855381693135,0.0006006255154326918,-0.6996402807662002,0.006581318435302042,-0.03426460179505364,-0.8545767903536414,0.022108173852555476,-0.07172936334171122,-0.9945966886261625,0.024750782856401952,-0.10082076037140193,-0.45614219129761246,0.020971699228935953,-0.05586175170382993,-0.6730545649237458,0.06571427745533309,-0.08698239296011279,-0.8127888170207067,0.0671581654096024,-0.11427302928916712,-0.9346613999071313,0.05560171545665413,-0.1365378097076433,-0.4266442592321331,0.11889945681714034,-0.10987849844554157,-0.5816600089016983,0.14316983474191816,-0.13551822613890396,-0.6825469539423313,0.14209904346348096,-0.14747070943000998,-0.7742706904501182,0.12816691856646784,-0.1587501055054596,SPACE,left
0.0,0.0,0.0,-0.16717856137990125,-0.12066928321499105,0.0385770578001199,-0.35240471301561344,-0.11048114630898606,0.05083719060966608,-0.4782749960216996,-0.0863033463496768,0.04703266738477372,-0.5651180724464935,-0.059726225709370126,0.036414045863710894,-0.47790307790052355,-0.09335613153949227,0.028533911763839855,-0.6719432597217151,-0.039190725671295244,-0.012863344447145212,-0.8131898008330872,-0.031681726122975234,-0.05084099000477185,-0.9331519322793783,-0.032557080105974134,-0.07916555018057805,-0.4720206835243566,-0.045839981650936446,-0.022552422200264204,-0.6965245888911986,0.01124730351762292,-0.06105731712382441,-0.8520210967146624,0.019013094381508364,-0.09789527285745019,-0.9918367482234196,0.015393429561038115,-0.1265816226785787,-0.44288774779949364,0.029141521452739027,-0.07384611856646549,-0.6555523246856234,0.07579675699154204,-0.10789613967197698,-0.7922012085193718,0.07086737840961646,-0.13406723099669093,-0.9115537532864635,0.05165017786087295,-0.15459880403991344,-0.39789814346864394,0.12515493576986816,-0.12303427798070073,-0.552711305405246,0.15742556477306868,-0.1534127052468553,-0.654963812065756,0.15508283184398158,-0.16645469419456838,-0.7457750558107161,0.13960276448346698,-0.1770525678895671,SPACE,left
0.0,0.0,0.0,-0.17493643005685472,-0.12161854024477439,0.07773045127621314,-0.34274849730806844,-0.127927219215388,0.10740156666087255,-0.45312242563180716,-0.12332833905281254,0.11638804053898803,-0.5314288782163632,-0.11517029406964675,0.11731111470140806,-0.49813144134921516,-0.10959806337414908,0.06069737627469625,-0.6931651466451294,-0.051936697361644406,0.03333762275567989,-0.8238418800105407,-0.04060641450527303,0.010616535290808563,-0.9341389860401521,-0.041606310961820395,-0.00686057040259582,-0.4892208596523727,-0.06903307659816985,-0.0032301445221887205,-0.7179803564921137,-0.007814154608930887,-0.035697989656927165,-0.8655970090290476,0.001978877942965821,-0.05898461244652885,-0.99708580633081,-0.0033874207389549067,-0.07621299229380776,-0.4579932004060584,0.007799675014226259,-0.0646287760591225,-0.6763800786947535,0.05443322081530068,-0.09259714389670669,-0.8092589170881602,0.052039663368432874,-0.10850656087113879,-0.9263151783680847,0.02979940811308835,-0.1214023744903923,-0.4085626795612067,0.11278116094338313,-0.12018131228000585,-0.5706195101282948,0.14682469914878354,-0.14911315134370856,-0.6737017558853613,0.14726069583377846,-0.1601480353851944,-0.7655212902280114,0.13260453051594684,-0.1684664494211695,SPACE,left
0.0,0.0,0.0,-0.1844073204867033,-0.11990320126227919,0.07370167655720161,-0.35833929548610094,-0.12257767068117811,0.10068553542917345,-0.4746750403647282,-0.1181531591356531,0.10781284969199752,-0.5572022252609384,-0.11296428014704735,0.10790603504584398,-0.5032244910165471,-0.09922689860056862,0.056085178724606236,-0.7023230190898128,-0.04414752794515597,0.02844330914249201,-0.8335782201664779,-0.037291903282054735,0.0063816786130717765,-0.9445932000072926,-0.041785420221746764,-0.009932861970707387,-0.49316113631453434,-0.056115268199801435,-0.005147708958287165,-0.7220614200331705,-0.0014213477934636929,-0.0379555204607248,-0.8691159981624884,0.004211370623896734,-0.06026464667407712,-0.9970956887539005,-0.00391003345883606,-0.07605852422138851,-0.4618861767510895,0.019410523242079012,-0.06378782629778829,-0.6816124178889895,0.0585574058478067,-0.09110698911723067,-0.81844072325551,0.05207130711204952,-0.10512222966211562,-0.9347968839312281,0.02740739096255773,-0.11550766908298254,-0.4131071210779075,0.12116734741814347,-0.11695128285514843,-0.5795346573826572,0.14709010161625594,-0.1414116024681519,-0.6859585327736858,0.1419534870682027,-0.14869051040431197,-0.7763139509064044,0.12233268111608814,-0.15389226410495813,SPACE,left
0.0,0.0,0.0,-0.17783582587405708,-0.12374639277704133,0.06574008509744679,-0.35810311912048004,-0.1384410956938908,0.08872270599037826,-0.4757229369196917,-0.14097509988596935,0.09321010357259571,-0.5606524197096195,-0.14147181513556087,0.09118685303434444,-0.512300005722099,-0.12347156048158207,0.051095596725215166,-0.7091664972416732,-0.06912620556815242,0.01909892172541402,-0.8417844260881955,-0.060564381122147765,-0.007621819084368913,-0.9537701818304922,-0.0655101017418115,-0.027372094939715035,-0.4970732879947733,-0.08181513700759048,-0.008909184417609373,-0.7196773617279533,-0.03308073134335365,-0.04289614876087087,-0.8665180719809262,-0.03094342697836005,-0.06497977007628282,-0.9958678498155422,-0.04148538869684797,-0.08078482672160725,-0.45993058575247586,-0.0064043489033626735,-0.06749626894296727,-0.6779221835300581,0.030355100963615444,-0.09603579976476401,-0.8134481238208894,0.021189401886762212,-0.10332623593417306,-0.931256626177687,-0.00778691503801249,-0.10852008436378303,-0.4031474599736652,0.09628753673744003,-0.1220245958734379,-0.5714759374494495,0.11871326372090125,-0.1471902674186925,-0.6802132931246206,0.10964589913508391,-0.1493519058931799,-0.7734734722833321,0.08860988224502296,-0.1501238211419899,SPACE,left
0.0,0.0,0.0,-0.1834905615134318,-0.14595478145860447,0.06593776371065999,-0.37516883027941944,-0.15671231218509746,0.09004088921877379,-0.5067614408489263,-0.1629039940693708,0.09518275570639473,-0.6043105624597619,-0.17474670485914617,0.09415648760869084,-0.49679293632473254,-0.12929440495353522,0.05214567151667185,-0.6994904531827332,-0.09285757956017546,0.02345521134900305,-0.8354616641503787,-0.09121883283232309,-0.0013577123558125208,-0.9494387159219073,-0.09675105582847722,-0.0198472860762118,-0.4853126696497068,-0.07601339826057169,-0.005960385064916937,-0.7110774729936946,-0.04463787678790758,-0.035595623432932294,-0.8634860841582856,-0.04494909661565575,-0.05850285083673513,-0.9954820321809045,-0.05723862093406539,-0.07575792947634562,-0.4518933421713051,0.002979187313755276,-0.06167082682063787,-0.6716588775494199,0.02909238182345764,-0.08462519926642291,-0.8071763876893385,0.01716745390076404,-0.09196975045037335,-0.9212653580711224,-0.0121543610737168,-0.0987706421880774,-0.39785301075337925,0.103900072286626,-0.11325761174383885,-0.5607260119768332,0.12392790759179746,-0.13406094078473307,-0.6693559369153221,0.11384188852683577,-0.13536861289292182,-0.7623887121461663,0.09025547187174161,-0.13604473850677495,SPACE,left
0.0,0.0,0.0,-0.17273858545873805,-0.13160894135913107,0.06871265953676031,-0.3594101708426961,-0.14546498440940372,0.09432479019767954,-0.48620338775800664,-0.14943376038883122,0.10238852685387478,-0.5787829311596377,-0.14295627485411463,0.10327980083973262,-0.4962999606151097,-0.12833404577414642,0.04254798934899342,-0.6988445357169165,-0.08405466672133728,0.01133117927308423,-0.8342801788248031,-0.0820212292948439,-0.013562620602341221,-0.9480351251961495,-0.090159630240512,-0.03179781243197308,-0.4789905835115679,-0.08602636951188387,-0.017554380246665946,-0.7088573862595164,-0.043048069053651584,-0.050739754847702774,-0.8622548485481083,-0.0444971416385118,-0.07396156123524777,-0.9941407500890553,-0.0578263260833757,-0.09132516095835456,-0.4418796105081125,-0.011992164452646798,-0.07451860004367504,-0.6685831474237472,0.02348410921813584,-0.10282078575297698,-0.8090260614828783,0.011477991046405182,-0.11307727800895545,-0.9277430349284397,-0.019194397699779583,-0.12088252069774727,-0.3866216144161115,0.08770335284178046,-0.12624031277222802,-0.5611691092760844,0.11355959430417245,-0.15438828081540523,-0.67348809110171,0.10306343767330431,-0.16065212645414845,-0.7683623870326777,0.07756618734734252,-0.1642177113062977,SPACE,left
0.0,0.0,0.0,-0.18037226080102026,-0.13796061223836437,0.05652172453607126,-0.3707832018665402,-0.15199494853966414,0.07611172539794751,-0.49950040705203047,-0.14659200087699958,0.07847537799767385,-0.5910804576159163,-0.13693342087406518,0.0747809703245353,-0.4921062075000587,-0.13355460574617198,0.04244004695543762,-0.6955361305349462,-0.08004508172646553,0.010782749881278635,-0.8352341560796348,-0.07166753167081336,-0.01646013216062396,-0.9511520220074579,-0.07248341008692978,-0.03549404595622272,-0.48128715991654386,-0.07248954780741641,-0.012085137083451731,-0.7070404107699333,-0.028450526498589562,-0.04255721618491726,-0.8613681315031254,-0.024998935542069094,-0.06794618468353557,-0.9956592637076938,-0.034948618859512504,-0.08626253319295563,-0.45082214587251906,0.012399949017429805,-0.06461664257289723,-0.6687134151911338,0.044986422306799764,-0.08794032292883824,-0.8079853075706074,0.0366382456277622,-0.09962438494303491,-0.9255016112765929,0.008576149154255475,-0.10860052029922697,-0.4006296213672333,0.11876927550247166,-0.11374519734190533,-0.5658320675769261,0.14085016336175143,-0.13129837921996865,-0.671929142317525,0.13127444258538665,-0.13145520619856357,-0.7609852745355847,0.10743685144111036,-0.13117667973094457,SPACE,left
0.0,0.0,0.0,-0.18001837793670938,-0.1350017345075641,0.07554653847814526,-0.3639352589563821,-0.15405870287465062,0.11095161020740579,-0.48934514075501595,-0.15485661078586152,0.12816777451049127,-0.5866278761690231,-0.15191800698534483,0.1398756395061888,-0.4993756643122238,-0.14093427800400582,0.06897224223400952,-0.7008951614156294,-0.08762572915080577,0.04589651143565971,-0.8393714546461735,-0.07710119884991197,0.02756964951645533,-0.952766753282877,-0.07632828134307904,0.014294585814230994,-0.49061608132052414,-0.08319260991704223,0.01154585661689956,-0.7173473263835336,-0.03753960369070077,-0.01939961504482892,-0.8667729867893968,-0.031989948889907215,-0.039373063261309224,-0.9978507815523986,-0.04049204146506956,-0.051519048256527124,-0.46184409325150166,0.0027917851747961157,-0.04311985980742787,-0.679202597901109,0.03919834178128855,-0.07034913666333173,-0.8124331374983845,0.031848039093618025,-0.07740938610286754,-0.9273702548337646,0.005131065527462554,-0.08028978819988454,-0.4101059235591244,0.11372909903803786,-0.09216137381354936,-0.573270058771777,0.1356653189952434,-0.11477197907773709,-0.6778999730729074,0.12655720911391527,-0.11618938963051194,-0.7680260814331733,0.10266102744192321,-0.11507603364618178,SPACE,left
0.0,0.0,0.0,-0.18062020451013322,-0.13545471658051036,0.08519238901172622,-0.3607761982142825,-0.15158592864495293,0.11756719310876336,-0.48440919444533553,-0.15527238865259116,0.1310373964219622,-0.5769069411731771,-0.1498756544242749,0.13703485652924655,-0.48548100864253413,-0.13501092560470163,0.044860934274934115,-0.6910283805085993,-0.07683619075742973,0.0161294586119541,-0.8305666093501555,-0.06165472768313816,-0.0019753546331227703,-0.9444843041578291,-0.057729582549451465,-0.014334239930310307,-0.46844678631034165,-0.0783903667207681,-0.021484731804994238,-0.7044609985718818,-0.02025238756781167,-0.05958753933362822,-0.8620916507227122,-0.006919599785385945,-0.07859821688109568,-0.9959336544933818,-0.006743081697871018,-0.08983700071058132,-0.4330306328543903,0.007554429616834233,-0.08210440807546804,-0.6621384047766574,0.05531414352672149,-0.11385012541829369,-0.8021671633164235,0.05450778712180111,-0.11913181375618512,-0.9223587375019413,0.033801171776091134,-0.12060275055068412,-0.37645862778887346,0.11580040314983152,-0.1353658765346979,-0.5544886902847774,0.14383319978841685,-0.164429435003567,-0.6647584958751438,0.13639811273460684,-0.1666459650277774,-0.7578239138818573,0.11375978145431834,-0.16506934143168386,SPACE,left
0.0,0.0,0.0,-0.180675656945848,-0.1362107719628879,0.0700116722700313,-0.3683151362573915,-0.1470855626890124,0.10268819555845332,-0.4944890840202742,-0.14399882369853678,0.1174636016945006,-0.583906065124878,-0.13231033542218604,0.12601542500343532,-0.5038569087150006,-0.12568261547734938,0.06006833943441137,-0.6997606611759437,-0.06943674536652152,0.033903886407354415,-0.8363134883273623,-0.05739704379752949,0.011996625476450489,-0.9499188540088662,-0.053979239343455915,-0.004325591151471846,-0.49125489955361806,-0.06660689119634805,0.002676293019327584,-0.7130229696437,-0.017830828703325953,-0.029868229926552945,-0.8643377448109846,-0.00841721348804668,-0.051826918441506824,-0.9977314839494539,-0.010829916015982592,-0.0664424476905203,-0.45942270338081087,0.016435133636871473,-0.05254473493455646,-0.6747178254855253,0.05453513626296896,-0.08195887323495364,-0.811320106399141,0.049780706513954234,-0.0915425787697807,-0.9286912844909211,0.027113483029823738,-0.09680637797656534,-0.40845281704809605,0.12023262772113505,-0.10285336679925781,-0.5751385541546011,0.14058742991734063,-0.13135953989262475,-0.6822856248173144,0.12664971127142807,-0.13732555819639566,-0.7731784343993403,0.09700034921338094,-0.13941206050354238,SPACE,left
0.0,0.0,0.0,-0.17124468381990673,-0.1350144142534868,0.08566638827911227,-0.35112848291739795,-0.1560276577406167,0.12063735479149645,-0.4753372167422034,-0.16502012235692326,0.138113855503769,-0.565094390041604,-0.15690873063599797,0.1486428635152535,-0.48633107409736565,-0.14525556390272537,0.04561865256945872,-0.6860355626637996,-0.08963432919336055,0.015966027815048425,-0.8252147141752454,-0.06954126627581944,-0.006178461761205886,-0.938251995794958,-0.060663824230711455,-0.022034944143094662,-0.4713868815569587,-0.09095156767872692,-0.017141555071641678,-0.7059294064880248,-0.03356680690774517,-0.05328026667138755,-0.8620941711335102,-0.015311344587672894,-0.07527461674628802,-0.9958875057711527,-0.009944391415546198,-0.09005101292204833,-0.4388161701157934,-0.00847072223334973,-0.073616810805424,-0.6670812232011247,0.040881782345691356,-0.1038186755262183,-0.803924956426954,0.04300003801688478,-0.11343153594701665,-0.9195612880654702,0.02521662832901157,-0.11954525159591815,-0.38538910597461307,0.0942568562846899,-0.12245428025519126,-0.547297177645187,0.12592579076765817,-0.15246602704361567,-0.6492692879155942,0.12238631620673483,-0.15908492901413215,-0.7360432358083879,0.1016693708630125,-0.16162934331161638,SPACE,left
0.0,0.0,0.0,-0.16137745255023628,-0.11959730519819269,0.07454085304370747,-0.33798466235073293,-0.13528303493893667,0.10599654924427651,-0.4544660788450355,-0.13114063298956827,0.121355691851992,-0.5342934726255165,-0.12714592747758155,0.1305448632372938,-0.494842419871685,-0.12358694946154639,0.04806828682893052,-0.6978587649257524,-0.06263893330924308,0.024982792313870003,-0.8334979277230486,-0.042754207657143314,0.0087269675530962,-0.9430753409684038,-0.03324366136219221,-0.0030952562013828707,-0.48480826439997265,-0.06791919597401613,-0.008708381561065908,-0.7157056478327947,-0.006101105170345997,-0.0355922587012406,-0.8680432502109504,0.012609870912405912,-0.05201736209882268,-0.9978357506100878,0.016652888343162343,-0.06361207522344328,-0.45424476424571897,0.018370031970291398,-0.061095369340675554,-0.6774987420156612,0.06879157119294343,-0.08634763543937342,-0.8137098259084883,0.07143216263884206,-0.09774981622164103,-0.9304397036993208,0.05419032900020137,-0.10617294174495062,-0.4033672525325833,0.12632830576659326,-0.10701320966786222,-0.56213908226384,0.1552077904665885,-0.13722361583722664,-0.6646638755958421,0.15434599785843933,-0.14742702118865275,-0.7529881856041345,0.1409382901160651,-0.1529163479304828,SPACE,left
0.0,0.0,0.0,-0.1665992121089086,-0.12632887119394767,0.060188376469388336,-0.3454489973961854,-0.14315223686493825,0.08017297143525808,-0.469819730910335,-0.141623711578866,0.08343249425386777,-0.5534101585320618,-0.14259022532755625,0.07976907557778662,-0.4882510613535916,-0.11939069951759163,0.03677685152414641,-0.6928547628258552,-0.05274736228385836,0.008491511507402575,-0.8294628296040074,-0.030584202184581917,-0.014000716819098473,-0.9402644770884816,-0.018655495889929635,-0.029205347803645552,-0.47707109504375367,-0.05514424333280679,-0.017935847999625044,-0.7093571747106723,0.013575477712472656,-0.04475499768811202,-0.8645540812581548,0.03519397512767378,-0.06575050933746124,-0.9958506596318373,0.042017096513680297,-0.08072191345226254,-0.44373709961006386,0.033502918479044255,-0.06942252397087567,-0.6677034910188897,0.09334915760673101,-0.09423183361461664,-0.8051949796693686,0.09427458196601073,-0.10886078334954943,-0.9187432245615521,0.07379699993010906,-0.1192924091547478,-0.39088701385267915,0.13959024335181527,-0.1160392066831898,-0.5544615903522004,0.1738209005721974,-0.140258890722464,-0.6544617504581849,0.16919788771473993,-0.14406840500533818,-0.7364072328571761,0.1514372274164177,-0.1449921743753222,SPACE,left
0.0,0.0,0.0,-0.169936011449586,-0.12476870892563657,0.044774251673783044,-0.3556002480607906,-0.14847975634298072,0.05984338962725104,-0.48450005367351173,-0.1495156423217642,0.06093393391994622,-0.5794180046942925,-0.1582752638094658,0.05814480040531644,-0.4691277270324187,-0.11245332929180361,0.02997098413437689,-0.6736545852314765,-0.05694145824185367,-0.004680860695549976,-0.8147134886147428,-0.04181254406039464,-0.03203101604586802,-0.9295636008187385,-0.03516756831576379,-0.05001929909907276,-0.4610185884624134,-0.04525858219631219,-0.01821565359054774,-0.6948890952754228,0.012818339848720732,-0.05448026893923916,-0.8555726672082374,0.030888487917424438,-0.08286651466075731,-0.9942015950711799,0.0354275770794638,-0.10152869121682082,-0.43881273362216233,0.04396545350450634,-0.06439326512858354,-0.6594195664273478,0.08968181708797118,-0.09573298667257212,-0.8045141377493195,0.09112846159238715,-0.11209942760526186,-0.9273323199387598,0.07498625084601215,-0.12177489279429071,-0.3985800655071576,0.14897718445651315,-0.10724321505498301,-0.5631195120846297,0.17729416726060673,-0.1326314832324511,-0.6712047863479627,0.1748485174531094,-0.13582037950094394,-0.7620635579992779,0.15824622027735039,-0.13535036698345101,SPACE,left
0.0,0.0,0.0,-0.16463633742304304,-0.13407060807685106,0.04352953326361699,-0.3485239176614684,-0.16460473404960219,0.05688831064086576,-0.46565511757403316,-0.15575435296919446,0.05487150066342475,-0.5454081458079404,-0.12711882359785093,0.047523503105442746,-0.4815999771529163,-0.16308489909049306,0.036983721948980745,-0.6860632688572899,-0.11007407085542854,0.002449542681415301,-0.8285920888804874,-0.10193476567743955,-0.028963867522287683,-0.9456485899103738,-0.1006869112655182,-0.04981375359064651,-0.47653290294456946,-0.10077980602987457,-0.012413473953159462,-0.704673825102008,-0.05364624757682187,-0.04124485127773507,-0.8593364251705192,-0.046050424654216895,-0.07075415332165776,-0.9946065249211473,-0.04803138156216727,-0.09192848834560804,-0.4564652396486323,-0.006711407305253185,-0.06091466670844587,-0.6750892368494564,0.02316096318120657,-0.08419057743412646,-0.8197359617321813,0.015787321550670485,-0.10122511743868268,-0.9443700898029946,-0.008774724519746334,-0.113226378793091,-0.42260366152375467,0.11059839955115144,-0.10694870983185105,-0.595041243796768,0.11996640558140068,-0.12426177701043234,-0.7064191932261268,0.10506589384303962,-0.12453063762231593,-0.8014313836030493,0.08069825640318308,-0.12349131010934568,SPACE,left
0.0,0.0,0.0,-0.1588194154335672,-0.13919236975058344,0.050680862798690475,-0.3351530706048937,-0.17463047979186946,0.06554949264135174,-0.45502911561990705,-0.17624101787023422,0.0646736751106637,-0.5369103575806761,-0.1777497514145861,0.058294355283040764,-0.48207727759508023,-0.1590596934332753,0.037373482079760066,-0.6859256586486436,-0.11359021814714759,0.004391388045605079,-0.8259855381250808,-0.1088338717191908,-0.0234636586370114,-0.9395661065533646,-0.11145087547504773,-0.0419448397838464,-0.4787741788280086,-0.09525912970756938,-0.01450342914844564,-0.7091192404236801,-0.05348790917598506,-0.04551811560141812,-0.8628127251968079,-0.0501206397784693,-0.07168273273196937,-0.9942843548844815,-0.05777286683744622,-0.08978261239980286,-0.4593251704580616,-0.0031839247391039554,-0.06445510838068445,-0.6773774551931648,0.025109050969496734,-0.08998291945465489,-0.8172621922722244,0.010299144943311567,-0.10432270323994532,-0.9359334698870949,-0.02148220413454531,-0.11419873816645161,-0.42262391221750684,0.10979787863368234,-0.11091144835286229,-0.5939363361780658,0.11328480454510897,-0.12973550172720807,-0.7026737107086188,0.09259870221682545,-0.12899826320601535,-0.7955860287885171,0.0633074630917668,-0.1271001785831957,SPACE,left
0.0,0.0,0.0,-0.1475725514531107,-0.12291863265798329,0.051561127806004824,-0.31082500516010064,-0.16360093998009043,0.06567633009684914,-0.42179956781291117,-0.18947109566869497,0.06405800674666477,-0.5106155515892017,-0.21239644334781826,0.058489141032777706,-0.4733473207238758,-0.1516890455541102,0.04321783382932939,-0.6777567952982901,-0.10597497265520413,0.012546287003864376,-0.8207663546129914,-0.09114599071873929,-0.01467004541726398,-0.939498696913573,-0.08197149556867621,-0.032896553883688714,-0.47485363283899623,-0.08926941193844959,-0.008398261249362413,-0.7081894481163935,-0.05016717305915034,-0.038157891444574814,-0.8619733713803919,-0.04102485348827978,-0.06379901269783107,-0.9958294734237328,-0.04185448842253605,-0.08106701955480211,-0.46606821469270726,0.0003118556137120825,-0.05777850549457174,-0.6880445654884143,0.023438671919471597,-0.08129924061001272,-0.8293364438831459,0.01678674217810181,-0.0910739108607012,-0.9501569812733217,-0.0015439327923301353,-0.09708444827511939,-0.4421647294061315,0.11040629242337963,-0.10400601865153954,-0.621544573422232,0.10636107960551433,-0.11758076402612033,-0.7308633312689046,0.08391044547170831,-0.1097243925254726,-0.8252922210831019,0.05546574843879182,-0.10226634077310262,SPACE,left
0.0,0.0,0.0,-0.1600901863521408,-0.1202428638392169,0.03884601603201982,-0.32067750911119225,-0.15428868938344967,0.04196715433610653,-0.4249785196134342,-0.15397738954610526,0.029730848737445022,-0.507458354850674,-0.14843200744359294,0.012831220539583745,-0.4583847654918503,-0.14402003974886637,0.022301933113879294,-0.6630285618978581,-0.07706227473460676,-0.017733156853018604,-0.8043388780625675,-0.0560816090304345,-0.051358388606596916,-0.9241522896261752,-0.044894153209264986,-0.07351690853908494,-0.45794187072326487,-0.09352767779802455,-0.027950125850542778,-0.6929435329338147,-0.036430570964859,-0.06152582157531639,-0.852661810313613,-0.01919352163796327,-0.09145939395572039,-0.9933992876109667,-0.0149296571991854,-0.11373196872444756,-0.44260375040417,-0.008979113641705129,-0.07699409234724039,-0.6631908151464134,0.033376059227522105,-0.10206245508223881,-0.8042634114353325,0.0389582313108115,-0.11724071733381859,-0.9244581652996872,0.02711185750059634,-0.12893930478896115,-0.4132047824319327,0.10165543355123477,-0.12412454871094335,-0.583928216561486,0.12045605706115578,-0.14011109244123401,-0.6913818454164703,0.11205473478421868,-0.13775420481855197,-0.7829584750672599,0.09420829244240027,-0.13582589983651686,SPACE,left
0.0,0.0,0.0,-0.16630219596887313,-0.11887537952543802,0.04303325516816411,-0.32903114186098126,-0.14157876220955265,0.048876362101494014,-0.4338976714863575,-0.12926683035987885,0.03811829339624697,-0.5181381692543189,-0.11479535541701823,0.02276060785972124,-0.4626438296026039,-0.12403564485054543,0.03262603002329344,-0.6682870016729582,-0.0656406226969771,-0.005092950039732666,-0.8109556333361297,-0.048569054112558754,-0.037888014327346314,-0.9326267240973648,-0.03788734715989488,-0.05981475714840765,-0.4640401587926962,-0.07080746340340348,-0.018765616599360758,-0.6968034911131349,-0.018091692029046844,-0.05034433670731179,-0.8558443525904431,-0.000748654130173953,-0.07926845208839561,-0.9949000470538888,0.005180930809252745,-0.10073258821314617,-0.4492751400409531,0.015246900268404666,-0.06918872276320233,-0.6705693634957814,0.058132946240998025,-0.09178810287582988,-0.8129583066178497,0.06262017432109962,-0.10655887508622712,-0.9318466020708787,0.051450010470455255,-0.11845039349281937,-0.41701397093962395,0.12604489351358444,-0.1175765355895618,-0.5871045258884112,0.14870741489950262,-0.13252070412786593,-0.6948104460683462,0.14389799313477158,-0.12965225273622782,-0.784552659319907,0.1321693915421091,-0.1274574256772133,SPACE,left
0.0,0.0,0.0,-0.15555133926564166,-0.12909801424735112,0.029777284970912962,-0.315043945370091,-0.1567211422447914,0.032026905271938036,-0.41425969187818734,-0.14535985342648294,0.019966404194855424,-0.4909895260922693,-0.1250850716190695,0.004655373312337883,-0.4418733532619235,-0.12779748184085907,0.02247341566498923,-0.6576591777578141,-0.0701101918837066,-0.01881944793318575,-0.8059633734418371,-0.05165029516070812,-0.05256357107556862,-0.9293151531707985,-0.03765187823911417,-0.0741579453018873,-0.44474399116991015,-0.07503553575661213,-0.02296405150641566,-0.6838233202670008,-0.02306517889447962,-0.059832894989444906,-0.8484497611414104,-0.0008632650115883296,-0.0941867430688332,-0.9928510072325708,0.01188105098977651,-0.11876749582544942,-0.43662817308315793,0.012496380880543126,-0.06848838049344479,-0.6624102908594514,0.04853397608754356,-0.0977818304951936,-0.8115148661925997,0.06111195016239347,-0.1215474542804401,-0.9363785993674447,0.062183931466600804,-0.13765005149333506,-0.4158027499119559,0.12978772467436425,-0.11246180838542592,-0.5902275867612395,0.14673702032486535,-0.1319506429034459,-0.7041141051594855,0.1483567128505243,-0.13552199335943219,-0.7997269035709135,0.14623528979854797,-0.1372818678389148,SPACE,left
0.0,0.0,0.0,-0.17112554372611047,-0.1464035149355885,0.042181086483808174,-0.3312128656740914,-0.16770375313436955,0.049787301314559586,-0.43244078142385073,-0.14908690383135395,0.04171562540639725,-0.509470998457419,-0.11706384718413904,0.02836433577959426,-0.44273568031930033,-0.13531608129041425,0.024757243984076627,-0.6637293984442583,-0.07970577676866755,-0.013286955373069618,-0.8107509696918674,-0.0589755014663862,-0.04262253640750615,-0.9322883992806758,-0.04429962795243326,-0.06027885604676981,-0.4465402050224663,-0.06837496807192672,-0.023885713955183487,-0.6915739201987674,-0.020031466790246404,-0.05789193719349966,-0.8549510554586875,0.0038291306366883076,-0.08642253458847812,-0.9942519558378952,0.015719612475910395,-0.10590534498375213,-0.4371051716584707,0.03100437099938931,-0.07109539374257134,-0.6670489625667291,0.06244941189913357,-0.09655996249970664,-0.8152862906206474,0.0749545946958051,-0.11537929347045196,-0.9368897088493566,0.07344960632545582,-0.12788769181525425,-0.41184762827838034,0.15889751321702258,-0.11539028225667274,-0.59178187251519,0.17219411231189502,-0.1325772332285144,-0.7081970178155578,0.17220082302103748,-0.13304449431384635,-0.8068135729476807,0.16695618013589938,-0.13180004922595312,SPACE,left
0.0,0.0,0.0,-0.162285786322721,-0.14157339190152615,0.04496156004008656,-0.3268664111921343,-0.16849130879712698,0.05586168871442595,-0.4356377780743746,-0.15334845585809925,0.050871256795866966,-0.5127930575749426,-0.1278116363124007,0.04163866568237323,-0.43835096885519437,-0.12784544687659105,0.031017036149955053,-0.6471971119317251,-0.07354097298680154,-0.0047929303988011535,-0.7842580774593142,-0.055310659160821514,-0.03215008203235178,-0.8966690017830076,-0.04592501773430866,-0.049507727542328406,-0.44581668381388523,-0.06984791781719919,-0.01970234767285342,-0.6894498316149533,-0.015538308145507336,-0.05341421189838238,-0.8544492367003194,0.006429998941720438,-0.08047896333971298,-0.9950179412672017,0.011971079632512137,-0.09897469276947371,-0.4377565020999994,0.020882945178534812,-0.06947708867364964,-0.6669514690372224,0.061619111264186746,-0.09640122468014783,-0.8161279580633267,0.07199510263419942,-0.11645083574730103,-0.9417523932580715,0.06302160770534875,-0.13069166349200345,-0.4117189438188234,0.13799161200647433,-0.11622815145387957,-0.5777994309946304,0.16254706922700216,-0.13824372378392724,-0.6894085313688221,0.16433817316544067,-0.14316472568217248,-0.7875111673126167,0.15324830811100376,-0.1457428346994153,SPACE,left
0.0,0.0,0.0,-0.13341786335268263,-0.15034931980406568,0.06573835338131255,-0.28301974059173984,-0.18580313903789963,0.08995087781229956,-0.37738172066852316,-0.1871981959588945,0.09494083419785852,-0.4474820619458579,-0.18137897277450205,0.09498691485684302,-0.4426190322635603,-0.1447521720846588,0.06307307767571113,-0.6510922692685122,-0.09813112946869496,0.04198604730456388,-0.7903560048613855,-0.08089468937873176,0.024693224170763615,-0.9056021731658516,-0.07040892042344321,0.013276225375024556,-0.45978546570694234,-0.09150778160061201,0.007024828299410637,-0.7056268124539035,-0.04805120861047068,-0.013461039326683298,-0.8652212396155384,-0.031763559507102836,-0.031413139083076115,-0.9985900348654815,-0.029765726324004375,-0.04395388269266945,-0.46229999447190717,-0.0003870458104033652,-0.047128044987224116,-0.6921599447567376,0.032963190018910425,-0.06307119952553314,-0.8368319581735587,0.03426011073442597,-0.07728590635103777,-0.9595893532051643,0.021578121180651874,-0.08802619626112179,-0.44670648982195127,0.1247590352226751,-0.0967983423627715,-0.6221494911676113,0.13869014639188215,-0.10663629207101964,-0.7300295220487285,0.1293782048943743,-0.10376404335392947,-0.8251702467560611,0.11039815515361036,-0.10190883417258466,SPACE,left
0.0,0.0,0.0,-0.14342569052443466,-0.14499112847407333,0.059541878277096685,-0.317570387061558,-0.16135371741044735,0.08753771623943225,-0.43332616614439234,-0.13302533981095402,0.09772650650831699,-0.5196678572630384,-0.0980975462691978,0.10541171844327625,-0.4347560747279858,-0.16001402121980463,0.06479489269752356,-0.6499520471433272,-0.11801846608827006,0.04424257175579741,-0.7951773484411583,-0.10891502391176622,0.027515235526860367,-0.9114921071176969,-0.10238179182788307,0.01732802608261847,-0.45621692852579243,-0.10974464068432281,0.013612236008686605,-0.7067436993785019,-0.07095331171549282,-0.003764741342240218,-0.8663047616439813,-0.05966959619159941,-0.01748740376087935,-0.9976384083104894,-0.0633261489787721,-0.026597088548030032,-0.4668794853533636,-0.02050772192649034,-0.03730941171138828,-0.7020690955213474,0.005655136688946471,-0.04915770887631401,-0.8460514470966769,0.0021541370466281375,-0.061359847290459596,-0.963137437422297,-0.018486795703097914,-0.07104041561021353,-0.4622757024402079,0.10268868258521091,-0.08515239767613077,-0.6345076011595082,0.11199404876275876,-0.09095649415381714,-0.7425963807246225,0.10268151618016343,-0.08881350192092094,-0.8351273164848724,0.08160469738225469,-0.08801319627195013,SPACE,left
0.0,0.0,0.0,-0.14550709209863386,-0.1605383886286696,0.07567096308229904,-0.31751109545418627,-0.1858586648763555,0.1131118058057692,-0.43552015793801935,-0.16296573761748892,0.12817919478869053,-0.5206676208114691,-0.1474432470056165,0.1391560750870492,-0.4351990087654046,-0.16875947072501418,0.09707759550246535,-0.6547017323765089,-0.13283537913567306,0.08749147158379292,-0.7974369661838526,-0.1281772429714172,0.07758380389571765,-0.9108078854073607,-0.1271893830656154,0.07135532377689453,-0.45767503136440896,-0.11515028767334916,0.04047082506687318,-0.7091573518451177,-0.08593665644966553,0.032520646818790924,-0.8662026644796463,-0.0789109395567624,0.021085042821797014,-0.9959046294403123,-0.0894983396720323,0.012806883122129267,-0.46676948768509896,-0.02481350874594524,-0.016161128864566696,-0.7038388184962846,-0.010259516490804798,-0.02038025143975329,-0.8443152750626888,-0.0174624336480209,-0.03212476717647073,-0.9576575728658326,-0.041401726363139414,-0.04291574306303206,-0.4607469936662813,0.09601476364375086,-0.0684856017791962,-0.632799821797749,0.09499407328517849,-0.06769321854560992,-0.7400775352580103,0.08137490712751815,-0.06452394867579014,-0.832596487036556,0.05952245267953441,-0.0643360088022275,SPACE,left
0.0,0.0,0.0,-0.13184590320467196,-0.14564007723158945,0.07378193982870926,-0.29150238223619485,-0.17495204557369468,0.1111936388365184,-0.38722626582192027,-0.156771061952429,0.12629033914396084,-0.4574243919600209,-0.13045854313954877,0.13707371511970817,-0.444281474558715,-0.15159227927206986,0.09966433532763526,-0.6579295043980994,-0.10897082693331182,0.08840056899124658,-0.8038468451738833,-0.1008463796819248,0.07433107278611611,-0.9197897036651184,-0.09554543426705593,0.06487890709900204,-0.4667704665565051,-0.10469179572418809,0.04301349423228606,-0.7103773435181716,-0.06798168553518706,0.03519157108413042,-0.8676622811370963,-0.057936406482140386,0.019029411015367603,-0.998074544196336,-0.061695099491031594,0.0063967902941947305,-0.4766506382960165,-0.018227680639235255,-0.013904405206553129,-0.7039027185891565,0.0015881155486263572,-0.01892694864197504,-0.8443515050105735,-0.002084688302213648,-0.03561384430035787,-0.9585011146242445,-0.017666065610618897,-0.04979798859013367,-0.4717797640778943,0.1032429373541496,-0.06694146518861875,-0.639042436848874,0.10237945945937271,-0.06802725554687389,-0.7478054203584551,0.09261936576606884,-0.0677484545450566,-0.8422645235512275,0.07874701592781835,-0.06969967719337196,SPACE,left
0.0,0.0,0.0,-0.13410479718617466,-0.14244156460296303,0.0896335476490986,-0.28509266536594013,-0.1721708776673072,0.13178807834421724,-0.3683279573596789,-0.16508967243342637,0.1475192951432787,-0.4242921077852305,-0.14913927522611725,0.1570078650428097,-0.4431104406871052,-0.1429260006214753,0.12016497516606324,-0.6573416172460795,-0.09782628975029528,0.11716918207869541,-0.8053632973364061,-0.08056985965618581,0.1070999082055963,-0.9250477456623832,-0.07230507504658883,0.09957547478328986,-0.46582866970043607,-0.0866085552686739,0.056227759248061546,-0.7064508532166797,-0.0470866845662393,0.05634977320895818,-0.8654273650646613,-0.030905445942764658,0.043682483008327895,-0.9989360287728887,-0.032194103669208475,0.033020449851368684,-0.4738533047722479,0.004787684066816794,-0.006921696278133229,-0.6978021603020619,0.02753342375071215,-0.003762565048261835,-0.8358775953240014,0.02674492242596033,-0.01324998112855043,-0.9510066489293569,0.011942526885065861,-0.02312794967046382,-0.46680643616478595,0.12563564759524115,-0.06527506295616686,-0.6371142415781479,0.128404503506345,-0.057399015239680856,-0.7437091955883799,0.11707962220252491,-0.04760194251620761,-0.8375131357161348,0.1008549456781589,-0.04325070916176216,SPACE,left
0.0,0.0,0.0,-0.11168425149975407,-0.15735827159640095,0.11302484691573131,-0.2500408502762828,-0.20289580705340715,0.17351684735111686,-0.33673276353959974,-0.21110588306871533,0.2068023855025853,-0.3974454496336931,-0.20313906269561144,0.23350839585403188,-0.43887814517395907,-0.1460785787801176,0.14180061018050963,-0.644148071829824,-0.10571200853817692,0.15723888745459635,-0.7696337134791355,-0.09351713569991983,0.16601763296083122,-0.8708813470919397,-0.0938990549818171,0.171640975919713,-0.47093955576194496,-0.0868624695401393,0.07354876961562617,-0.720333441113603,-0.03991214968557537,0.08097304992740809,-0.8734323618804629,-0.02557155606852616,0.0799050241943781,-0.9963636211957156,-0.028802815055200562,0.08018685804205411,-0.4800917521635101,0.006865038710286177,0.008138208931462694,-0.7074014719849208,0.04112050426004287,0.01190867525459215,-0.8431438649714089,0.03995533350479404,0.0032184313134261417,-0.9553132411191746,0.022317714717673184,-0.003355244099470139,-0.4698544137358904,0.1319039853488723,-0.04895090531142309,-0.6506533774405638,0.14665700424855124,-0.04428163938255126,-0.757901977197453,0.13431078995211493,-0.03819856455467663,-0.849694137219592,0.11350133945247382,-0.03476669209017407,SPACE,left
0.0,0.0,0.0,-0.12696615221965024,-0.17852730230827088,0.06509152121517087,-0.27598782758011897,-0.2478637457063704,0.09512192729938246,-0.36386933368405405,-0.2590816997153183,0.1046492735216515,-0.42189962657962465,-0.22120480558313083,0.10969961648568195,-0.46303079133210734,-0.1654950204313708,0.09456313076539921,-0.6668590877513387,-0.11727773740096895,0.08585348953371635,-0.7966123291649685,-0.10734573226668294,0.07232273372459348,-0.9052864086206879,-0.10062639940651338,0.06269936631982878,-0.489355544741574,-0.09018881437251583,0.04117408147338055,-0.7263693218090397,-0.05062558728369555,0.03604759466159328,-0.8739938527156378,-0.03992321277690604,0.02282188609973815,-0.9991474769957763,-0.039247639635598436,0.012803983599214972,-0.4953179076965188,0.011793131141689353,-0.013086353487547034,-0.7212077270180368,0.03741051267406746,-0.015045438100420114,-0.8587476588570103,0.0317943359558318,-0.02470331194581577,-0.9718881607416293,0.014159437064706386,-0.03286468434996643,-0.4827994053933366,0.13297711324248662,-0.06457985470317701,-0.6638148087824269,0.14375748464836138,-0.059746621857521755,-0.7736056438394079,0.13246273369262185,-0.0503052565919166,-0.866471951763086,0.11299870752192293,-0.0448239588863098,SPACE,left
0.0,0.0,0.0,-0.11998487047525297,-0.1667075367063776,0.06938692593100844,-0.2636929913752235,-0.22501315381804596,0.09893084672510101,-0.35280389993582445,-0.23181592164010525,0.107987949656073,-0.4188872457840112,-0.21241731356813995,0.11188710710831086,-0.45081781460288767,-0.17245868821038396,0.0836528471285,-0.6602549497328704,-0.1375014286902321,0.07119394232490651,-0.7970115833428717,-0.13396729518704126,0.058423269364948335,-0.9108207032426493,-0.13266255633837115,0.049633649376301915,-0.47847863751689806,-0.1121344788040779,0.028121705850349833,-0.7235048403763412,-0.08652558530033067,0.017465556727710514,-0.8715336111601268,-0.08125672404393554,0.0055531651674119425,-0.9962160205868646,-0.08685616172832908,-0.003106041837114343,-0.4881851279969676,-0.01853024607812888,-0.02689507442580468,-0.7221871260036252,-0.0038467438209719637,-0.03375133509338946,-0.8590928783284303,-0.012515192377375002,-0.04325309925223975,-0.9695772697207721,-0.031156828338851177,-0.05062963476643339,-0.4804788644544247,0.10237888095608103,-0.07793147234066423,-0.6638795126574883,0.10212935164750733,-0.07515419865977367,-0.771332622009277,0.08185559438451238,-0.0658486082050913,-0.8609944912832086,0.05420654925386668,-0.06057446940381984,SPACE,left
0.0,0.0,0.0,-0.12637398276500417,-0.163682828736651,0.0895675192730407,-0.2689061342668652,-0.21191037690890396,0.13374856333215743,-0.36127323589941257,-0.20968975260642558,0.1555904258654328,-0.4304302780148554,-0.18387464543269755,0.17228786624097867,-0.44215798757561403,-0.17792607365535487,0.10546100358932907,-0.6554308295842661,-0.13989733301375754,0.10178492404590453,-0.7967497697522556,-0.1318096570630899,0.09863724554183867,-0.9093036929748964,-0.12966056267785886,0.09699355597693508,-0.46963486659779563,-0.12376793608719008,0.04628588150406143,-0.7184378972503401,-0.09146998060338342,0.03837561610713924,-0.8701838213889196,-0.08452278724391125,0.03200544802153727,-0.9950668649290638,-0.09471759868980449,0.0295044203244444,-0.4811969384451519,-0.030902123076292354,-0.010919899766606745,-0.7154582166472395,-0.011476755437678504,-0.016018594851277494,-0.8537179541253561,-0.020806814140983437,-0.023666737380402675,-0.9659863570917219,-0.04481209452581015,-0.028506842073767573,-0.4738319544237684,0.09411938480086979,-0.061854416049542914,-0.6501621916292497,0.09514957545262241,-0.05858358320820514,-0.7558430488647613,0.07900978870567264,-0.050160323551848136,-0.8435583082253723,0.0542991993602783,-0.044690735606282575,SPACE,left
0.0,0.0,0.0,-0.12023060387144292,-0.16609712997791423,0.09238243398340718,-0.26098983567935263,-0.22278657805072177,0.13803195830611642,-0.34977750026593485,-0.24026537335276216,0.1599104875732796,-0.4206011994486702,-0.24508097940480392,0.17610518765954014,-0.44021535758105934,-0.2041650314839596,0.10970980562313316,-0.6482709656154764,-0.17088470483293827,0.10409078658567769,-0.7883109860259319,-0.16450242365990694,0.0976326135866453,-0.9010910513256687,-0.1614331995809683,0.09172237489147463,-0.4691679362048471,-0.15165875957979433,0.045059911585438074,-0.7087730404716922,-0.12173756870289479,0.031921127959326535,-0.8622016053536044,-0.11784737614143757,0.020026368196879692,-0.9915947627543348,-0.12878914270334887,0.012376720078870104,-0.48049484373400164,-0.05720552928913352,-0.01809271034314721,-0.7080887720732599,-0.04320221842828842,-0.03253022876567283,-0.8473717581697372,-0.056280883776549474,-0.044658605335927394,-0.9660272391621852,-0.0807352232569959,-0.05260248277543728,-0.4719712479011178,0.0685397326092927,-0.07465717299628986,-0.6440920133258368,0.058046849188664935,-0.08651100343119915,-0.7511540984229619,0.03940955907289281,-0.08674613069573829,-0.8453502480779603,0.015256266968636528,-0.08661777037275097,SPACE,left
0.0,0.0,0.0,-0.10815356141143202,-0.15591816136697362,0.07102128863469723,-0.26879182418240843,-0.20512122790110096,0.10843856932728795,-0.3623574441528633,-0.21323486747114626,0.12462542222955134,-0.4193462087315335,-0.20653768373996037,0.13652628470375908,-0.4408647587233153,-0.18273242135123174,0.09291110801568646,-0.6459948649059866,-0.12595248135366266,0.08272404289110549,-0.7950985752393668,-0.10813303038530074,0.06826911961013943,-0.9168508895534865,-0.09562723093675511,0.05639201347528969,-0.46464079676854175,-0.12039541694746102,0.03645916156480089,-0.696139399214963,-0.07462158666985673,0.0267858258338037,-0.8574215223639845,-0.06143881825157677,0.01065836811503371,-0.9982684308369986,-0.05876941492611072,-0.002509155929641797,-0.4743885950401178,-0.02370982086184805,-0.019759400527384518,-0.6928142978026914,-0.00028188543985658676,-0.030054640807947192,-0.8364728470704955,0.001280322188115022,-0.04526487695734788,-0.9565122079341482,-0.0046640572515903485,-0.05669325416436817,-0.47007060580556925,0.10370831680770935,-0.07226345376628913,-0.6382300678159738,0.10469565570400494,-0.07849604210941742,-0.7485963559446003,0.09551773213072158,-0.07813683585408836,-0.8431996250735824,0.08512200426871397,-0.07908299709549675,SPACE,left
0.0,0.0,0.0,-0.12416642546038009,-0.1732199102956035,0.10807506157285256,-0.2813800254072913,-0.2120021075113102,0.1637954633909155,-0.3821168202269511,-0.20600029587396168,0.1942369974073294,-0.445642280480882,-0.19066206728252388,0.21723685125843617,-0.4491593537073073,-0.172350072626986,0.11572574131829465,-0.661783968671021,-0.11121256939502501,0.12323579360902083,-0.7938629127668861,-0.09065258374739682,0.12795183803713103,-0.8993911544459968,-0.08240995010973232,0.13071127044983546,-0.47382495266797636,-0.10657115929199387,0.04895321319108153,-0.7212966711244164,-0.0460290237578621,0.05317684816483566,-0.8767487473782091,-0.026295861828205487,0.05363521024233498,-0.9982139991521936,-0.02537549983660708,0.0540823067613318,-0.47810228040304026,-0.0055784997421029475,-0.013920932958602762,-0.7067460074864718,0.037483926943433436,-0.011038189486771256,-0.8467267167301606,0.0400459880513511,-0.015017738026396735,-0.9611800117877389,0.024071426094802218,-0.019463525066496797,-0.46250835777165167,0.12288266386193579,-0.0690377126035606,-0.6475852683911393,0.13537582686065067,-0.06809717715445442,-0.7565105880295956,0.12492241271201016,-0.061355604510250746,-0.8497989710860173,0.10457032782583725,-0.05688789310375158,SPACE,left
0.0,0.0,0.0,-0.1319084125619274,-0.16601551961926345,0.07933092843538864,-0.28249229717433366,-0.20528657377575824,0.11275498924296175,-0.37790758356579435,-0.202084118414368,0.12574725522283114,-0.4454084099350184,-0.18751646802005978,0.13169518234889147,-0.45724941317304413,-0.16797003326944,0.07316296841365966,-0.669224889608465,-0.12346508885676007,0.06166293806613768,-0.8044788894679713,-0.11256109672933873,0.052643237511214185,-0.9133420866168904,-0.11081170639814451,0.04640652608433678,-0.4777203633890455,-0.10932456233552264,0.014165533847716974,-0.72585547832048,-0.06180346127204718,0.003578173395646784,-0.8774446943894492,-0.04719426691440077,-0.005506023439701196,-0.9985765054927852,-0.051851410117054915,-0.012505756542102531,-0.4771387479023108,-0.013297638452571118,-0.042048797486276414,-0.715959576428437,0.018292326357348083,-0.05061051033013152,-0.8562939486171053,0.014715975325914113,-0.06078910083891778,-0.9695872577002796,-0.006803797683269834,-0.06995568100933981,-0.45520093876203627,0.11173800695570078,-0.09237384729699677,-0.6375007183232306,0.11862911187442354,-0.09843254142101034,-0.7433896273469061,0.10060292653221076,-0.0943157841613971,-0.8341170994065293,0.07018171025339182,-0.09228760503130716,SPACE,left
0.0,0.0,0.0,-0.11957752490693593,-0.11290487578157694,0.03545958762826572,-0.28294721554090085,-0.14703175156292575,0.048583631630339116,-0.3847973490500273,-0.1537137662793174,0.04539023163125866,-0.45358293238922104,-0.1512579745164027,0.03956954293614691,-0.43721238099226467,-0.14846669390328318,0.048173103072519055,-0.6482420592070401,-0.10182471261918073,0.018101601376981486,-0.80371505141622,-0.08347551287388302,-0.010682138737778298,-0.9322407295840515,-0.06916823462995572,-0.031551427876781946,-0.4620121315612903,-0.09245343533484653,0.0012536478619047816,-0.6937061501760916,-0.049557355978404376,-0.022362455584858682,-0.854269675596903,-0.03474868412883703,-0.048056630550169586,-0.9971447771683086,-0.03221763315226721,-0.0682958086563869,-0.4746816020733854,-0.0001043594429350848,-0.04772609103852949,-0.6964353837486199,0.02173051259347325,-0.06673504231819985,-0.846181149798646,0.023340390794904544,-0.08636109824450498,-0.9754256370782322,0.014926410708263331,-0.10247926473266838,-0.4761953157240352,0.12186373257508114,-0.09616577975180983,-0.6474429736007199,0.11853794430231336,-0.10934565406984646,-0.7601463219323982,0.10257763924112584,-0.11212053444599028,-0.8615343638696823,0.07948142278385788,-0.1155704167999405,SPACE,left
0.0,0.0,0.0,-0.13455148663831432,0.010619099721750295,0.01088699820340195,-0.27889585708560183,0.05692775988538484,-9.30803971138355e-06,-0.3718923769111316,0.1284770285679737,-0.021910169104486142,-0.44113163188375737,0.14821992555885205,-0.045720356791556664,-0.411061490114301,-0.13589874234071742,0.004334368430426794,-0.6128361922370833,-0.0629280432035707,-0.04715638566991235,-0.7639057906720857,-0.03746067187088608,-0.09044472845264656,-0.8910099808170151,-0.021700202185493206,-0.12229840402987764,-0.4316195524936558,-0.11177378264498906,-0.03915982702903441,-0.6703905017126082,-0.05341672069869523,-0.08963064162561722,-0.8377196599510734,-0.036121590528924524,-0.1305213943471995,-0.986299560123444,-0.03494993219896947,-0.1612193534895496,-0.4413733810249639,-0.03490118879041061,-0.08594748673851949,-0.6720368784563538,-0.003854665079325011,-0.13122260120382595,-0.8248395926820093,-0.003994537469102591,-0.164092224897879,-0.9582542377107678,-0.019111049204155826,-0.18761095737178726,-0.4396087788089062,0.08641873307985311,-0.13270162116302237,-0.603211034194207,0.0808480578159841,-0.16944410356502207,-0.7145013185567831,0.06700735181799304,-0.1873377218051763,-0.8175047693332184,0.042522720262836614,-0.20137058203993569,SPACE,left
0.0,0.0,0.0,-0.13784880132788516,-0.0857556677522471,0.031763340571473224,-0.29559276307359406,-0.11130302500202138,0.03464377083543695,-0.40227480003614147,-0.12137697066455189,0.02201903098719493,-0.4803041824554829,-0.1366722618432865,0.006548117596861399,-0.4189389229345579,-0.14434839002527816,0.02832223307681499,-0.6208096455080976,-0.08188787061334102,-0.01528153459685098,-0.7729644889440582,-0.062381601789446336,-0.05334063808036982,-0.9007854725155167,-0.055811709717087946,-0.08188004826674232,-0.4353732399393128,-0.11543841957211982,-0.02250162759756739,-0.6694447144601912,-0.0684918820744816,-0.06586162921660604,-0.8379689901655136,-0.057222779037539494,-0.10589121251401512,-0.9889003325739145,-0.05901676555444284,-0.13635671460802076,-0.441096573783086,-0.04065702528828409,-0.07429151274078773,-0.6686884668911465,-0.022411771150527483,-0.11207027652349465,-0.8256022652664636,-0.02447974631452914,-0.14135824050541637,-0.9630695387926592,-0.03772818112964697,-0.16361127330436687,-0.4357828335151981,0.07064905638221404,-0.12459545321145189,-0.6025047863350443,0.06309380554453049,-0.15623021783498933,-0.7177816192963247,0.04651026754231942,-0.17070595714582829,-0.8215164720893744,0.018939117881980223,-0.18253080072020061,SPACE,left
0.0,0.0,0.0,-0.15030488004587564,-0.04666241893470467,0.042673055142568285,-0.32600464632122217,-0.029380773951095996,0.05321546608692354,-0.4434987137485469,0.007789492446694491,0.04667632106972818,-0.5287834517413657,0.02709298290670312,0.03577625659377472,-0.448970626204958,-0.12587363452559547,0.03841653960108291,-0.6456285004326924,-0.07076307053633586,0.0023166837137895526,-0.7864749464931725,-0.056163951820537586,-0.031406455975942896,-0.9063568197661991,-0.05122633896807796,-0.05904196609838134,-0.455624335863656,-0.1056194330265273,-0.01595035840694435,-0.6863788910806373,-0.0607347169733921,-0.055946462839091465,-0.8468225339314596,-0.051415467084114874,-0.09473289442902721,-0.9906564943610803,-0.05225361393614976,-0.12597329086289163,-0.44545679820459394,-0.040619192524554745,-0.07097996538993205,-0.6709641890547978,-0.01584619807610065,-0.10701703176471553,-0.8203026396391015,-0.01627896174108055,-0.13752848635456502,-0.9518138638648481,-0.029484464835089423,-0.16264208887794618,-0.4247755373067802,0.0589367322563227,-0.1235208921246776,-0.5864287381222298,0.06270382967749222,-0.15732561767642134,-0.6992534199715816,0.052371755627936896,-0.1774376086492302,-0.8037996903772185,0.02766822646607008,-0.19505128946323042,SPACE,left
0.0,0.0,0.0,-0.1594912160783614,-0.00019367538083168846,0.051828256535478144,-0.32293782627641604,0.016943375567034444,0.059967675744212676,-0.4433681453132045,0.06099509395729571,0.050504645170189134,-0.5364872454152536,0.0919475020589776,0.036027726728137574,-0.44815919579698504,-0.1382462688997671,0.03204756611034992,-0.6497255832970962,-0.07499170550552402,-0.003721430118432221,-0.7879294138265979,-0.05696011351721319,-0.03503973775673286,-0.9077931978717136,-0.046913375650269616,-0.06090810601298076,-0.45269113070296646,-0.1227103751086342,-0.02541427654882055,-0.6904421518246864,-0.07018984416319347,-0.06796859578796988,-0.8491999546586513,-0.05531479285321192,-0.10495886120174887,-0.9896181710447642,-0.04892511541363535,-0.13513773943565166,-0.438802397721971,-0.05269994519371711,-0.08104299941107337,-0.6668411275369959,-0.027893855205103558,-0.11547763249297377,-0.8161072265823389,-0.025946520556503705,-0.1408132245322697,-0.9468289079130477,-0.03629412231671076,-0.16320107497512462,-0.4177483657050041,0.05748662533042428,-0.13300756901705346,-0.5785591965812651,0.05651985855413498,-0.16377893836644813,-0.690284129275243,0.050204477014806195,-0.18073175905857214,-0.7943016098778809,0.02937195258898055,-0.19665261717184807,SPACE,left
0.0,0.0,0.0,-0.17531884552163712,0.04941106663742775,0.06738923803717498,-0.3491215589765011,0.07863779180093672,0.08436948035620295,-0.474184389933001,0.1363800579088314,0.08014044635422184,-0.5744723325932645,0.18253498899689571,0.07177427369547704,-0.45841414331533076,-0.13238091011965217,0.06459214910551103,-0.6639892859536224,-0.06926551497795222,0.03512690867967119,-0.8039847274426747,-0.053544623297774804,0.0071039804483928,-0.9246610980068382,-0.045993855496856785,-0.01747120566722885,-0.4607844706401497,-0.1267748773938873,-0.0004757691603638567,-0.7041548502153512,-0.06990788185503753,-0.03766750449034891,-0.8563924667445635,-0.055157529751788795,-0.07312686981656363,-0.9932530632495941,-0.05298763293565531,-0.10315358986081997,-0.44920079154161513,-0.061685499806668084,-0.06470679248003698,-0.6889651423940291,-0.0331553351770993,-0.09891639051991541,-0.8361566197912131,-0.02763854994178985,-0.12555061049456498,-0.9663545147889059,-0.038626959031696356,-0.14891092606708273,-0.43381054568451055,0.05064354222248831,-0.12407298656938141,-0.5977566802717981,0.050239885500597076,-0.15499661029049713,-0.7102592710354064,0.045999231851703494,-0.17417685029235666,-0.816893678010924,0.026120052278884146,-0.1927213228927052,SPACE,left
0.0,0.0,0.0,-0.1672498757857556,0.037989084352248355,0.05711598629681611,-0.3493689429399044,0.06530110865129528,0.07165552411289615,-0.4788233577366348,0.12858336033980663,0.06933027021033539,-0.585658532813401,0.18039701244674583,0.06308978971500706,-0.4656030232221216,-0.13562359005426897,0.04249476832458092,-0.6724845231389754,-0.07289563663188803,0.007967074472848206,-0.8114062279851332,-0.05473053643431498,-0.02197219344332312,-0.9297950324787969,-0.0448081161696261,-0.04632433750972386,-0.46098654489856083,-0.12228453463760337,-0.01609732149903436,-0.7009479597010425,-0.06850637246734528,-0.056466357601921285,-0.8543286471227679,-0.05276722962338277,-0.09341758663514238,-0.9913113107477916,-0.04692363440747329,-0.12288229212335425,-0.4440137675451551,-0.056162206232399266,-0.07284717238271779,-0.6795108151799587,-0.025043091381898086,-0.11095534111961033,-0.8259605683123452,-0.01900858012063544,-0.14087149186264955,-0.9553124058431112,-0.027305205868855736,-0.1643649696448107,-0.42108168220465414,0.04919858358655552,-0.12464065747830107,-0.5854762400768191,0.055179349574546475,-0.1604533716100217,-0.698764056619219,0.054483869695045664,-0.1824255122235329,-0.8029290141078788,0.03902067273176167,-0.20081018091391692,SPACE,left
0.0,0.0,0.0,-0.14655452253299156,-0.12899433859056023,0.07047020513958646,-0.2951750279371732,-0.1748656713970548,0.09064633094247602,-0.39884503314142594,-0.1934681374722766,0.09375648162275588,-0.47776615350318713,-0.21070266811095056,0.09038086962344809,-0.4571670495543989,-0.1728636698220147,0.03235688883928977,-0.6732370587935714,-0.13514382233010067,0.006110986908860898,-0.8065123016227891,-0.13202732021314273,-0.008741262978648346,-0.9158497278966379,-0.1368117419276391,-0.018617082536624065,-0.4593144457515283,-0.1268607347686488,-0.02537896359946786,-0.7102065627614752,-0.09275468114460683,-0.05635391159121153,-0.8626929560027905,-0.08632839209687267,-0.07381498079558568,-0.9918422672537859,-0.0945814046179187,-0.08545919955962128,-0.44322219196597495,-0.03887189394414743,-0.07806608536243968,-0.683269670839268,-0.013787969320319629,-0.10406972315960149,-0.8246414210429612,-0.01949073335141172,-0.11826526195663097,-0.9430176421037458,-0.04539721990837723,-0.12830408775470434,-0.41217172413501163,0.08237400318542376,-0.1241864411796512,-0.5876672473336866,0.09393316298267464,-0.1480590672115289,-0.6968699106080098,0.08511025718005323,-0.1543937662675813,-0.7925661031089968,0.06230264914948935,-0.15798241778479566,SPACE,left
0.0,0.0,0.0,-0.14806359758812104,-0.1448228850956534,0.07090850088053632,-0.30251567668388046,-0.19528387909787645,0.09124115202444065,-0.4140776413033353,-0.21533219745791715,0.09447877606402787,-0.4922218767776012,-0.23182493722677805,0.08992948497115814,-0.4508058351475621,-0.19875918021346395,0.02757880868970437,-0.6672118776373195,-0.16654365086386785,0.00010779554558399185,-0.8014471448714894,-0.16693594012792906,-0.016401894804408606,-0.9122462058812317,-0.1753920126180457,-0.027889707483341596,-0.4532650910137359,-0.1484426856673071,-0.030752332577655753,-0.7015713507684017,-0.12396376423213007,-0.062461726380703894,-0.8549108732496464,-0.12472907616611037,-0.08192910898386606,-0.9852090654891826,-0.14194538358164355,-0.09599273596367314,-0.4370419943656702,-0.055405729709930775,-0.08330103431726506,-0.6736853640718906,-0.044701531114448204,-0.11091988656409318,-0.8144126707572131,-0.058039544486920336,-0.12653282979905958,-0.9312790141750293,-0.09203652021710557,-0.13826425674229184,-0.40587542403048066,0.07207044167094946,-0.12890046899621357,-0.5801966243213197,0.07288606082296763,-0.15645537800380255,-0.6883228913798126,0.056144817668550916,-0.1644582060966547,-0.7824067548161081,0.023983341819186984,-0.16917061656006832,SPACE,left
0.0,0.0,0.0,-0.1716173474568034,-0.09179905870680447,0.07136134545732138,-0.3515061518706376,-0.08636318107252094,0.08728281106791734,-0.48026866010312536,-0.027042600774707902,0.08503423236682374,-0.5799906020158097,0.02071024730453075,0.07474614373614273,-0.4583462222866765,-0.19317089407870247,0.02074611423677748,-0.6685443880967631,-0.14756935389514958,-0.018000633823522648,-0.8061680608101165,-0.15000527322017523,-0.04594382826987476,-0.9209168005827439,-0.16285459297956079,-0.06620419156729444,-0.45214990371530545,-0.15360104264737548,-0.04179410019494335,-0.6940725450349161,-0.11868831713092211,-0.07979667094038279,-0.8469710054729077,-0.1284278138871154,-0.10731482948748426,-0.9796985087706582,-0.15270891457714744,-0.129887718130769,-0.42932580618851557,-0.06803584379624689,-0.09892660993906888,-0.6593487801031596,-0.0508315678357463,-0.1327309269461506,-0.8010055907474961,-0.06830272971941163,-0.15525788186323275,-0.9228381785634224,-0.1047259693611452,-0.17420162988756185,-0.39589566876402876,0.05001920454330623,-0.14876758744416518,-0.5576355615156345,0.0463050421125968,-0.1813123274741178,-0.6652210229106877,0.029699754483409578,-0.1965150217190414,-0.7616044660683453,-0.0012362704448352093,-0.20910383088472378,SPACE,left
0.0,0.0,0.0,-0.1674033350121504,-0.015846535696582318,0.06962604159371506,-0.34347616443846285,-0.012337770487280067,0.0873509312250286,-0.4720641100565255,0.025040204919659782,0.08503381877222538,-0.5756334873770499,0.06335945235466109,0.0751759240043878,-0.4472420086051129,-0.1992173819713377,0.04406777184191596,-0.6466916289182735,-0.17123570196398585,0.00611437654014746,-0.7839630458925255,-0.17951336820673505,-0.027768157898040467,-0.9027447847773034,-0.19224959999045793,-0.05613313777319519,-0.44166536666771955,-0.19023012928193075,-0.022642050249791695,-0.681866222328653,-0.17338562413143563,-0.06466642609764224,-0.8317313378642579,-0.18774128601175955,-0.10274881569303194,-0.9684589965176014,-0.20957753361039871,-0.1347754779991618,-0.423265393697698,-0.12475265693258306,-0.08681914877769613,-0.6573996247925367,-0.1331151324167868,-0.12979013177872523,-0.8028490532025402,-0.1552190739898495,-0.16422037406037035,-0.930342533190659,-0.1877556577826578,-0.19241940736111474,-0.4008149503075939,-0.014242582891717861,-0.14434148071815484,-0.5559424239994105,-0.027531890957700995,-0.18945307779600387,-0.6634848063155605,-0.042720957618575285,-0.21741714843571663,-0.7638021361585972,-0.07252358837820039,-0.2408072450555118,SPACE,left
0.0,0.0,0.0,-0.17350625609725304,0.005312694014155579,0.0738551315806307,-0.33331687770812835,0.018779343513378163,0.08798237512906568,-0.44967547777494826,0.06994491819947989,0.08039636715492259,-0.5490548107551931,0.10642455890779669,0.06564203205239905,-0.45869418476574014,-0.19814909944375725,0.05164489404054399,-0.6520933601770009,-0.17854286569898542,0.01940936730396618,-0.7843411255198517,-0.1888379519700311,-0.012022910017543353,-0.9018764539928856,-0.20109016323380574,-0.04056758366836005,-0.45117031660809315,-0.19143447816366557,-0.01774367402960555,-0.6863503926369783,-0.1763325245035293,-0.05758639212331476,-0.8319553126736857,-0.19220896839138482,-0.09497094095144397,-0.9686284552054658,-0.213141255408333,-0.12778779679309216,-0.42873857168253166,-0.12928595357446873,-0.08432461563842766,-0.6563688067195786,-0.1413638515312225,-0.12382682599510947,-0.7953902569304777,-0.16566397462248056,-0.1534989433214444,-0.9218042056792781,-0.19702068202358983,-0.18039448516406276,-0.40263360164390477,-0.02431481326569859,-0.1443108923158876,-0.5512962739181495,-0.0418978919553078,-0.18753281196519503,-0.6555803835429055,-0.05736210228824509,-0.21269770549281514,-0.7570432224495969,-0.08697113326622563,-0.23520702816948125,SPACE,left
0.0,0.0,0.0,-0.1757496207579187,0.028645392052624716,0.08355696431939556,-0.3263684998129489,0.03726127266584298,0.10098551197446258,-0.43175713166662144,0.0857680179461627,0.09524767891686851,-0.5242113069528883,0.1237891645139872,0.08129153545396944,-0.463233186949722,-0.20246478650004376,0.059048125041310094,-0.6547129304759909,-0.17729250828161291,0.027483038878090713,-0.7828200241818127,-0.1869417714095365,-0.004180593487934466,-0.8947350630744636,-0.19883098815243677,-0.03228278572884197,-0.45328892832646706,-0.20038494249861113,-0.013773939462916204,-0.6932754889955393,-0.18117351357293246,-0.05448003347857476,-0.8348086505193301,-0.19883199422720768,-0.09258183670147173,-0.9671981733500699,-0.22102629112370611,-0.12520012819636728,-0.4253723655828925,-0.1418617167989809,-0.08297155897092141,-0.6621817421253895,-0.1521581734545426,-0.12337574634145503,-0.7997755460211473,-0.17521280800514757,-0.15366697790839495,-0.9231138453127936,-0.20678314686678032,-0.18011132988093262,-0.39545270797041,-0.0378788588502225,-0.14437644331597865,-0.5462924923001415,-0.05404719904379331,-0.1893599596625779,-0.6516823458160359,-0.0647759804009174,-0.21599834034093646,-0.7534518392687635,-0.0915723507495527,-0.2389146755417813,SPACE,left
0.0,0.0,0.0,-0.1775929131115945,0.0056210664757641495,0.08043141512730255,-0.32918916469549947,0.02095375123481952,0.10313270474016856,-0.4298169543018896,0.05379950534542769,0.10067982585891498,-0.5137961837088962,0.0848125430816817,0.09231499163848067,-0.48848216528527144,-0.10459850775209428,0.08924858377140406,-0.6697538499014684,-0.12352548522842274,0.07059237497193013,-0.7993945092836683,-0.14025501024180864,0.04402219176188225,-0.9134178520673304,-0.15285726601208796,0.017433741717275752,-0.49145957639931265,-0.11119430740050759,0.01913705512744348,-0.7099686929336414,-0.11752892560286526,-0.00815786771311465,-0.850203121331678,-0.13878674310107741,-0.039744890469727887,-0.9850199351382062,-0.15845022070123657,-0.0680386282934441,-0.46719974997377073,-0.08835807045482577,-0.050471285086003605,-0.6800760389787512,-0.1023084011353066,-0.07579100026995819,-0.8086441476450785,-0.12603145020672266,-0.09706922929180668,-0.9252143322396194,-0.14771180506906434,-0.11933491171117915,-0.4333664259308088,-0.044319809301714704,-0.11536324335840187,-0.5719360915367708,-0.05993131708720179,-0.1437690025282409,-0.670670710084835,-0.07043336422783109,-0.16037837116796774,-0.7658058008125065,-0.0886307260995,-0.17734722286472793,SPACE,left
0.0,0.0,0.0,-0.16063646102707432,0.020069304395015915,0.08047917997367002,-0.3115761052069478,0.02635185245842028,0.10665385520783444,-0.41144143965747015,0.03841374846925945,0.10827140414547172,-0.5007007213797182,0.05107006168539435,0.10482971616886338,-0.4969704753627012,-0.11165381090487154,0.08913114696380035,-0.6902926996248956,-0.07553748184459358,0.07205687768727498,-0.8112684181884927,-0.07334433260545997,0.048876590710362225,-0.9190042195334583,-0.08429046056176405,0.024295392969300524,-0.4908133604517657,-0.1320798737550929,0.019083584901320217,-0.7273713264971252,-0.08174557328301027,-0.009414664176095862,-0.8634293775619845,-0.08498598121323078,-0.04160701107148431,-0.9924950710368453,-0.09873311488030015,-0.0721478065751213,-0.46700886686131043,-0.11350248239769292,-0.051080149095070755,-0.7001691701128863,-0.08208672983131994,-0.07952258949500483,-0.8352410570824731,-0.0856057322079414,-0.10698517028308423,-0.9547413913613043,-0.1019869620768566,-0.13531344450168023,-0.4424400343072888,-0.06514135972494632,-0.11602263278032297,-0.5973114362620556,-0.05673664337506776,-0.15545843166164405,-0.7062312833135159,-0.05848706919674358,-0.185842286077692,-0.8110487556973466,-0.07315262996726558,-0.21418981165912843,SPACE,left
0.0,0.0,0.0,-0.16825598018390553,0.02455661758365008,0.08998545150706835,-0.32613348058624975,0.03409857951877123,0.1196123710918205,-0.434499382375883,0.04369826103400033,0.12346941773156091,-0.5311429140292788,0.049526425660812175,0.12144530817716886,-0.487203562167226,-0.08710913453873444,0.08799444749821332,-0.6854449020413181,-0.07776325274993023,0.07021789481187767,-0.8072591634032873,-0.09223634290174505,0.04875051823136643,-0.9147002658917149,-0.11513513008163902,0.025524223969699174,-0.4814573245459933,-0.1122462764444664,0.013935713331497223,-0.7236038989418648,-0.08601223557206944,-0.015648756972446914,-0.8610783977303986,-0.10039121935736485,-0.04573427370351759,-0.9897684000564471,-0.12154344078950975,-0.07473758258565676,-0.4580104661237898,-0.1014993142583103,-0.05914875233621935,-0.7007618479154191,-0.0869443727491209,-0.08772476706270184,-0.8329735767583034,-0.09737973998053955,-0.11127584034276408,-0.9465283401976943,-0.11888955047581723,-0.13753217852346616,-0.4342736481333638,-0.0641808445590474,-0.1259858323033018,-0.5897521926715094,-0.05783834778917657,-0.16806425724430518,-0.6980850361957335,-0.06242641139802018,-0.19954262881248094,-0.8012020873093632,-0.08290271612208565,-0.22862257405389025,SPACE,left
0.0,0.0,0.0,-0.14498568784926175,0.02476697711409088,0.06471477465624963,-0.2785482010605702,0.05293449217375447,0.0736944699663017,-0.35874709467128757,0.09152991817768606,0.060184834923562094,-0.4281467583405242,0.12371347355922704,0.04158278162381664,-0.4878210122665779,-0.09387216120865932,0.05637365054122358,-0.6774912568584573,-0.0653658801659895,0.026612095311245757,-0.7955789256570234,-0.06894070194146784,-0.0028737014014355764,-0.9002327882610522,-0.08680200424843547,-0.03181011737108124,-0.4804452862433298,-0.11340268192101632,-0.01399093387991921,-0.7159617651419393,-0.07296847565747681,-0.056437344574046276,-0.8539004766388957,-0.0810149368635514,-0.09416940472221147,-0.9866387189124607,-0.1008310655598917,-0.1279731790682524,-0.4550661693719842,-0.0965211180240355,-0.0852345145223722,-0.6917063353939508,-0.0768418550775349,-0.12767793932704372,-0.8280030156182616,-0.08666041652290866,-0.16091852864104042,-0.9505127431027094,-0.11006503210618543,-0.19187730369246866,-0.4284541160307026,-0.056311634876150186,-0.1518258994124719,-0.5844661179249429,-0.0523742226039716,-0.2039449028078101,-0.6941216259579017,-0.05465500840592641,-0.2401602920890001,-0.800766373674732,-0.06940667508768107,-0.27203375318081674,SPACE,left
0.0,0.0,0.0,-0.18226182180940112,0.033238203689902594,0.12221744882022474,-0.33388551459494487,0.07398715798877757,0.16588951650055958,-0.4362447985239405,0.1277966413203918,0.1753526178416833,-0.5320879752700027,0.1726313087039338,0.1765893361119742,-0.49762850710235146,-0.04696822420492363,0.1348642777522744,-0.6885685150163972,0.004833199546759179,0.12038840431363465,-0.8134916843744936,0.021626701070634847,0.09881939567321192,-0.9234570345859267,0.029974653111826965,0.07497353258643352,-0.497439120356163,-0.05410642432522736,0.04097776570603827,-0.7325020914629811,0.004940650077455371,0.01307092435375933,-0.8722231487724383,0.018652416448265468,-0.019087191152156614,-0.9985000288705412,0.026159018388098997,-0.04809779727284352,-0.47369649430798666,-0.021460339438166998,-0.05180997780106921,-0.713985336495556,0.028491192744503006,-0.08202269969851082,-0.8423208899370843,0.03634597174181444,-0.10311794977016357,-0.9594659269602096,0.03267035460152263,-0.1249728470903217,-0.44120245814486514,0.03868239848408577,-0.1360785491540174,-0.6053312768821847,0.06546133175825729,-0.18199004250632086,-0.711591969269354,0.07092191379553893,-0.2102868052787135,-0.8148956977278086,0.06274011595335771,-0.2348254961116797,SPACE,left
0.0,0.0,0.0,-0.1806007210642387,0.004242943163654791,0.11197958567246805,-0.34445102932718547,0.026877679251399597,0.15676544451326002,-0.45768456836217425,0.05531115040180841,0.16900188920559805,-0.5545885122228976,0.08207304632934953,0.1751585664470362,-0.4978166206948343,-0.043704749331389396,0.1456240772221261,-0.6960544698229725,0.00740949480229289,0.14354224999923693,-0.8203768403962012,0.02005741418356369,0.12791433206897465,-0.9313064082392588,0.018713200626591545,0.10844802152352544,-0.5067390601238545,-0.05675604973260422,0.06435497543212995,-0.7369695746627195,0.004303227043019119,0.05475288377213047,-0.8755366963353369,0.0064392114106194085,0.031141707655341036,-0.9999752755155237,-0.003126149744178761,0.006298852707386311,-0.49443795911028465,-0.0304009370898037,-0.01680408103332772,-0.7278349189670128,0.015053533233999728,-0.026140292676775652,-0.8536688519968952,0.018130775421727714,-0.03959021790452016,-0.9611833965503899,0.003440221313212671,-0.059233961210644705,-0.47680253217878343,0.0276396802450577,-0.09172719147461611,-0.6335091475766698,0.05222561519363877,-0.11090975180702121,-0.7348776070959249,0.05118367159968741,-0.12422355155639841,-0.8276476929080336,0.03434607576298321,-0.14093954300681874,SPACE,left
0.0,0.0,0.0,-0.1738722675170431,-0.015947644705868146,0.09920147707612902,-0.3377540715858688,0.0017861140729216237,0.13859188282292823,-0.45607607762509883,0.03297111907298365,0.1495381950835606,-0.547634150910693,0.057065896413599805,0.15434238154969912,-0.47535181096104934,-0.07829552057038376,0.11147392840407049,-0.6742044425844016,-0.01596623737977922,0.09606383884912238,-0.8045191659789869,0.0018178765575197094,0.07547131120123997,-0.917984942665729,0.0010284626110453343,0.05383112649658929,-0.48446222117747584,-0.07969185251524108,0.036020790525511756,-0.721555998891499,-0.011283982333173601,0.011898315253871543,-0.8679013700004841,-0.0014670505081262187,-0.016863073660086048,-0.9990096021566313,-0.007802836155359011,-0.04380559949118295,-0.4730456553720078,-0.042630013169786894,-0.03860555438506387,-0.7096949796430139,0.005518925372603974,-0.06257905741329801,-0.8472386010566317,0.010113529242200239,-0.0856488444353924,-0.9649471595274743,-0.004870063187243079,-0.10960742075592562,-0.45443571683515865,0.021247774147982866,-0.10665454722591029,-0.6093866185273421,0.04054442424208332,-0.1416971308813124,-0.7173427661784358,0.041939649480160206,-0.16745584186629167,-0.8154766698119362,0.02895952833531322,-0.19154345328050462,SPACE,left
0.0,0.0,0.0,-0.15948338274940232,-0.04044732945746334,0.07780791718556128,-0.3269946434629479,-0.03675408567627098,0.10626749974299812,-0.44338228042154326,-0.020618635692433367,0.11218158036649904,-0.5358113557448628,-0.0007806856773252153,0.11263588445760735,-0.4707351766891455,-0.07773511696751015,0.07368669177442043,-0.6788180489496187,-0.02998833127461664,0.05056266362799548,-0.8219219327801953,-0.01901990069417469,0.028745962632712944,-0.9376757423706327,-0.02311771033244247,0.010396106501647769,-0.47871767645168595,-0.07456586724562138,0.008603343005180245,-0.7164883905025307,-0.019527865637489244,-0.016830710397749735,-0.869634063975845,-0.014266138992440046,-0.041263679542272405,-0.9977131349508667,-0.02478789906606073,-0.06288132001162638,-0.46685861400396583,-0.035225562721288226,-0.055143525305459046,-0.6995101702371849,-0.0021778150336372727,-0.0758408250134196,-0.8384470483161045,-0.004584552935061639,-0.09129017662541836,-0.9508859915675696,-0.023880222152906874,-0.10796416116506194,-0.4461318382191557,0.02637060494833037,-0.1140547384411587,-0.6109350813793422,0.03455053375217244,-0.139115421736848,-0.7200757518133165,0.023529839223118344,-0.15209494196842152,-0.8135837446762362,0.00034677073463607017,-0.1649910712884676,SPACE,left
0.0,0.0,0.0,-0.17960291129571698,-0.0543548799255678,0.04389613597973584,-0.3601019967480004,-0.05643281569773332,0.056685543205884946,-0.49128664931378796,-0.04957386417957483,0.051280644464761486,-0.5901806273570794,-0.03766949476727633,0.04176924616167626,-0.4839328610089675,-0.12084894298855663,0.05322912348908901,-0.6846320812137783,-0.08040559273957823,0.02018406438243636,-0.8255449338552574,-0.06710725354174885,-0.014376787444444844,-0.9454057418684874,-0.059898685217132715,-0.04257122958776868,-0.4875864394840344,-0.10611840576264872,0.001942138159901378,-0.7104080951084292,-0.058388373752269455,-0.032118124243635145,-0.8579840239076445,-0.049894957746236854,-0.0671927069145559,-0.994043901758335,-0.05079551098941094,-0.09641855340332685,-0.469529926802787,-0.05839452814425855,-0.051021661012252424,-0.6867678919413798,-0.03085942332395434,-0.07883687573477682,-0.8202596130272346,-0.02643666420394218,-0.10102328132493976,-0.933488235196366,-0.03351196627125591,-0.12184455104780922,-0.4404527917281372,0.007738911218907514,-0.10255977114707396,-0.5890562672821479,0.018644493823590545,-0.12462038895385394,-0.6886882989493628,0.0169265899827873,-0.1355107039322563,-0.7768584856590338,0.005585584144875531,-0.14754464104897916,SPACE,left
0.0,0.0,0.0,-0.1838334479449637,-0.07416387242447163,0.049719554575585974,-0.3777370932269052,-0.07623168383586687,0.06979047641398672,-0.5211951348292598,-0.06376865956674622,0.07065792686456424,-0.6288700120706231,-0.04280349960913924,0.06658697690803593,-0.4705799578345003,-0.13552102741856326,0.05854089206201257,-0.6797338965943026,-0.09151011665370916,0.026828019101762572,-0.8198422508259278,-0.08124626167563562,-0.004179276612343222,-0.9395936972087175,-0.08139642007501313,-0.03050016262725931,-0.46801497712369305,-0.12292713678664632,0.004343725982649287,-0.7040657012541562,-0.08216613547084031,-0.031200650945959394,-0.853558586809235,-0.07922539012394758,-0.06870592524993455,-0.9911167058357202,-0.08816350126332709,-0.0995734525781938,-0.4444695994327561,-0.06911476552559889,-0.05126525986474638,-0.6705034558050711,-0.0443738959626947,-0.08433597693833231,-0.8050434155799108,-0.04543250039038486,-0.11261950799743435,-0.9215990193677654,-0.061261554965682696,-0.13701240666644554,-0.4111140368214394,0.014388787309255314,-0.1042428780660382,-0.5603741891454045,0.023580029629254873,-0.13616914806110325,-0.6637890897995173,0.023270251131030047,-0.15733329554570857,-0.7593210431239518,0.010342251916537424,-0.17659124850499175,SPACE,left
0.0,0.0,0.0,-0.1959731650170273,-0.09723562453838877,0.06844027638320514,-0.39046747760216843,-0.09150130136827048,0.0921568574491248,-0.5347510118088585,-0.07094132416527672,0.0927508774322219,-0.644693995842727,-0.043345836408222344,0.08589321408980441,-0.4923212528839357,-0.15086930634766044,0.06997185332579751,-0.6930622280035581,-0.09441389299590298,0.04206983950394634,-0.8256350757547672,-0.08434185613739884,0.011524474972089051,-0.9446840904699103,-0.08625245237694876,-0.015429486687134883,-0.48227722171415877,-0.13677610878918958,0.00697546277774586,-0.7067178525159875,-0.08424719437504932,-0.023634571352393254,-0.8540569214131352,-0.079392832754804,-0.05835077475381583,-0.9921029171106307,-0.08863192213817637,-0.0887478689246637,-0.4478190729931974,-0.07904802063251075,-0.0555075676952147,-0.6679313675770738,-0.051639448671260316,-0.08426360850027104,-0.8014396813653167,-0.05297333047914666,-0.10808531386100874,-0.9206856229595645,-0.072312335687177,-0.13109716693562162,-0.40114461474878366,0.00918852707657525,-0.11356326934492456,-0.5456179793704665,0.020033191465260194,-0.144537323472422,-0.6478007264528488,0.018845040616814215,-0.16255732093462194,-0.743929175867211,0.0007114205272158414,-0.17971486040240342,SPACE,left
0.0,0.0,0.0,-0.19026387161539862,-0.10204399014544278,0.07045112905617268,-0.3837065277133662,-0.10719441066857151,0.09689209031415398,-0.5261537536889607,-0.10653181058532177,0.100400808498944,-0.6233668976765614,-0.08665844536095803,0.0964468292854055,-0.494708802087716,-0.14460700281163802,0.07833364872780399,-0.6957685105324197,-0.09071115708790119,0.05731378810969337,-0.8298379063812301,-0.07565883350105151,0.03013975884881584,-0.9483276544417644,-0.07710486775591804,0.0054788045300082616,-0.4864740649603141,-0.128421859646347,0.016631726916762846,-0.7106382580515392,-0.07362519049409288,-0.0047741131967657295,-0.8609251254840197,-0.06396018584046002,-0.035771404394460374,-0.9953506639090699,-0.07188568309697517,-0.06410541647516947,-0.45239010746861386,-0.07149575467365905,-0.04428203857087343,-0.6697126002801251,-0.03855932354089223,-0.06320950772808352,-0.8086789565522329,-0.03765532026794424,-0.0855335807113664,-0.9285058291958818,-0.05546205159938072,-0.10903522295877702,-0.4038254034264846,0.013552496963696913,-0.10101474441158406,-0.551425037327977,0.0280478178011001,-0.12143009921364199,-0.6552734566943311,0.029309421078985303,-0.13472708242797934,-0.7510713049232288,0.01533148742916264,-0.14991023508295617,SPACE,left
0.0,0.0,0.0,-0.19112304560878068,-0.07256349771783406,0.05728377009740571,-0.396054967931173,-0.06807701100047588,0.07529867241984775,-0.5511934538161533,-0.058469631976589845,0.07432150720981176,-0.6645080521278411,-0.035424588498269266,0.06665332413277401,-0.4847231558473666,-0.13288919099030921,0.04299028609469787,-0.6880177963294299,-0.07629769016696342,0.008922849247577809,-0.8269696182601468,-0.05750733136380441,-0.022822090663418608,-0.9479319019261508,-0.05152886745705069,-0.04946480576029889,-0.4723692447611203,-0.12043589700601885,-0.016649228239221377,-0.6999451148933132,-0.06226359124440501,-0.05073039556194298,-0.8546348013187124,-0.05037506628072377,-0.08414322146280936,-0.9920466681092538,-0.054980264156297365,-0.11322799497753136,-0.43551285713171944,-0.06794801885280763,-0.07542011890925295,-0.6563312385163524,-0.03317661588444187,-0.10986441506319432,-0.7992136883346774,-0.029745507004382124,-0.1376651615351868,-0.9219451246657254,-0.04324759899272111,-0.16289046017680545,-0.3840083898896368,0.009197236084647568,-0.12992367928709594,-0.5259611641017067,0.01897116713766954,-0.16713181383564318,-0.6300253393433111,0.02028082811410145,-0.18880264885875045,-0.7256201725535286,0.007500187425632798,-0.20825410955369164,SPACE,left
0.0,0.0,0.0,-0.19130158476838216,-0.0874399181630086,0.06552972708046619,-0.39564458781385325,-0.0826100840218714,0.08927764952160298,-0.551019373871685,-0.07409266860332539,0.09219870032691065,-0.6614040213428647,-0.05398206103696697,0.088260599001367,-0.4802908493768967,-0.13953275401603896,0.0601206734790953,-0.6856547098605539,-0.08777755362726543,0.03187799444942516,-0.8258475426290445,-0.07144610634354948,0.0014317887826334756,-0.9494899903989814,-0.06563332421290428,-0.024757073542332357,-0.4717678966231505,-0.1254878002211337,-0.00014391793419280736,-0.7010473658534094,-0.07046912163810322,-0.028046993843260332,-0.855037250179382,-0.05999077964392603,-0.05991519428860463,-0.9939082216475231,-0.06608624983568782,-0.08819894854312703,-0.43972603549586126,-0.07258750730955477,-0.05901544831005313,-0.6622641540772918,-0.04027090916656457,-0.08494847953701665,-0.804420327131629,-0.04053201581869589,-0.10816990700043873,-0.9263027542056335,-0.057751566478747594,-0.1312845987783036,-0.39386326967484314,0.0025096906922639026,-0.11344130812805142,-0.5384479191718416,0.014609052070553845,-0.13901014864142075,-0.6396905682104863,0.01276085996028007,-0.15311168264343547,-0.7319084967364767,-0.004925672634986384,-0.16833656802844724,SPACE,left
0.0,0.0,0.0,-0.1834435688241289,-0.08454253161841196,0.06407910675422752,-0.3844661052606538,-0.08722783498752137,0.0853794731357963,-0.5351975608919323,-0.09110939230438496,0.08684400886131181,-0.6414693495056797,-0.07464036737562549,0.08057787772904089,-0.4767551809028204,-0.145773673219766,0.04479188036322591,-0.6823869405723927,-0.09443100709643852,0.013732936550868146,-0.8226826583197702,-0.0763954111101046,-0.016784155069713452,-0.944362808731776,-0.06996543807173056,-0.04268703538844407,-0.46702261325079597,-0.13028087335677796,-0.016270504435072563,-0.7001889630042446,-0.07423647676907828,-0.04613943191855237,-0.8554313709468206,-0.06427364968456639,-0.07779108911352649,-0.9919386149777017,-0.06918330528102837,-0.10616710595335445,-0.4328145342080801,-0.07449699557629817,-0.07502605769545696,-0.6575996135296969,-0.03830764794991335,-0.10415536185656216,-0.8016178107382018,-0.03738819523483033,-0.13079943475244332,-0.9252999790194075,-0.05084655646997677,-0.15625872704682303,-0.38384593217090024,0.007057062556637852,-0.12882155233689918,-0.5294185966870867,0.021591360701912005,-0.15917897284689042,-0.6322774160155408,0.023161245881480965,-0.17717989663301015,-0.7260711030432108,0.009878244927521805,-0.19503352210570035,SPACE,left
0.0,0.0,0.0,-0.1908360234895169,-0.07624370557707458,0.0727237546407828,-0.3941124790034618,-0.06520925349480404,0.09397239771135234,-0.5442396098199311,-0.04843640521745375,0.09264554482323122,-0.6502060087213049,-0.015565256406741189,0.08301190780108425,-0.4904809705460737,-0.1251324978592503,0.054448646475621,-0.6950377507899543,-0.062239092566272886,0.027899445934033158,-0.8301063496534733,-0.04187983510675863,0.0003323435083578153,-0.9483201696451866,-0.03669599158813976,-0.02404863686766268,-0.47590128683429295,-0.1121542105852107,-0.01225855767964693,-0.7071793271745035,-0.04782737364830664,-0.03907133745150289,-0.8612478997491103,-0.0349731850466978,-0.07172025925312879,-0.9941158343553393,-0.03889453329116922,-0.10109858141462537,-0.43508881351333284,-0.0557024744656265,-0.07579149962628413,-0.6590797005663829,-0.01751531775767438,-0.09659115171894851,-0.803151608588488,-0.011826589332290431,-0.11756484441699809,-0.9283370288006335,-0.02601275148417385,-0.1410007973409686,-0.38034417703366286,0.02723817281057117,-0.1341904670244542,-0.5291261744634425,0.04204652636801683,-0.15542534002425873,-0.6324702283277729,0.04673057911009582,-0.1669727250315321,-0.728477036624395,0.03615176867574668,-0.18104998246189952,SPACE,left
0.0,0.0,0.0,-0.18613942286627802,-0.09005958288562597,0.04840482915904224,-0.39441898513170665,-0.08114712707978447,0.06571304286208175,-0.5446358126552145,-0.05900943041603148,0.0649060156733636,-0.6557284329747682,-0.029320424393015396,0.0587587533011001,-0.4673365366568144,-0.1089720545793508,0.0422697295734462,-0.6653313686530116,-0.0553823754730902,-0.0003377202045336978,-0.8130172508895118,-0.03626444259091874,-0.03907359665640216,-0.9387375136002711,-0.02969348437124511,-0.06944933363152235,-0.4602661747558438,-0.08643863478117882,-0.01472219860412092,-0.6862400979967034,-0.03892756700444363,-0.056483349271986616,-0.8450037852615381,-0.03427768446749821,-0.09794105580002553,-0.990495819695906,-0.042372502452738034,-0.1308533614426001,-0.4343981497248378,-0.039673008423292605,-0.0721782210620808,-0.6520635156331633,-0.017636413863497832,-0.11158118847985145,-0.7951233998566063,-0.020783878423367524,-0.14321796215884713,-0.9217472032494513,-0.03595163675249768,-0.16885910117635625,-0.3952554862978791,0.02051572035971459,-0.12662877779816953,-0.5401943768722018,0.02749502251336174,-0.1638462349446964,-0.6426825974610618,0.022014745648738027,-0.1852352501725105,-0.7358555823185124,0.0022488093485793412,-0.20320938916817344,SPACE,left
0.0,0.0,0.0,-0.18438687944615234,-0.06296027228725118,0.0638502208773097,-0.38380806583293103,-0.0684827690680744,0.08567490664128598,-0.5260190835959911,-0.058661179148656324,0.08656824534348823,-0.6341010552718048,-0.03715905438948227,0.08213736096096647,-0.4703018776142691,-0.11783537275734571,0.061522577582498454,-0.6737190364462274,-0.0670643879675157,0.03212709956996956,-0.8187590918936132,-0.04315807394756363,0.0023929848905206792,-0.9389408532171226,-0.03224932488036519,-0.02183870124862508,-0.4691685045470621,-0.10725345065923376,-0.00010991672722293792,-0.6963670533170642,-0.05326653643886937,-0.030108329199516344,-0.8556311405298839,-0.03712189680008735,-0.06444620776470511,-0.9950893003259441,-0.033177065983322186,-0.0932553841317557,-0.4490488019309678,-0.06320625819267202,-0.06090990233546531,-0.6713209735263532,-0.03575505687191514,-0.08604220870963093,-0.8157896810937957,-0.030854250511505806,-0.11032076453015216,-0.9395367064606813,-0.04023181389672082,-0.13346429084074918,-0.4193405767124486,0.004373141954736694,-0.11768034784651242,-0.5693147338512428,0.015222758514080852,-0.14045362175256748,-0.670194792250642,0.011721821050194767,-0.15221925945835696,-0.758824832468878,-0.006322916538039934,-0.16508940317937731,SPACE,left
0.0,0.0,0.0,-0.1593287123743236,-0.04863074013895371,0.052726827179282676,-0.3383582088960246,-0.053422624629656024,0.07689543316568621,-0.46690423703740597,-0.047820452883097775,0.08205612697482773,-0.5617929904429276,-0.03216981884475276,0.08360154091270772,-0.45102543639717385,-0.11141128225457261,0.07107378450497485,-0.6511494111463243,-0.0757712474653359,0.03960917280686624,-0.8038101024900773,-0.05875534370938599,0.006527967193479372,-0.9282949194582988,-0.05562814936988104,-0.020558098455489733,-0.4627715147984912,-0.10077349675543158,0.015781735536429056,-0.6933450556865097,-0.05798659975252077,-0.017326704229536045,-0.8529922238140872,-0.053305325903094024,-0.05509939618556008,-0.9945715295403742,-0.06052807216136414,-0.08463938272547374,-0.4548417607552306,-0.06324292031955574,-0.04129272433448852,-0.6798361523441192,-0.04168027612205613,-0.07314583581366747,-0.823288893652755,-0.04283898689793012,-0.10271840265366033,-0.9465779581419778,-0.05450776646737928,-0.12640249625002586,-0.433689147632599,-0.009487692063924568,-0.09573084870225364,-0.5846989108468017,-0.01002453952518531,-0.12560302086281205,-0.6884182519368562,-0.018770883058514064,-0.14326204189671332,-0.7823785190407867,-0.037801958358075205,-0.15842889907363056,SPACE,left
0.0,0.0,0.0,-0.16431919402589623,-0.014400994093711627,0.08300629497173213,-0.3346444812900944,-0.007289038327671456,0.11790357108969299,-0.45584691107506686,0.009360981740110984,0.12752593353142463,-0.5526968747059083,0.0347124413541736,0.1323708904759398,-0.4821991711139757,-0.07612510861170238,0.10144576691470164,-0.6831815541882841,-0.04519115996289022,0.08446038545229924,-0.8192021288243969,-0.039664557771570956,0.06435748937012871,-0.9312334372542145,-0.05129276420382128,0.04461839824636785,-0.4896779407576807,-0.08266180419028582,0.03122367387309217,-0.7242394109779379,-0.0464445482690137,0.0068888992364983985,-0.8690703593308972,-0.050908913228390196,-0.01961375130586397,-0.9968911853223777,-0.06619583640594814,-0.0427326089662403,-0.4772132386388907,-0.06167145439762227,-0.040220496160729896,-0.7047836906734638,-0.03606869759150709,-0.0664698721348134,-0.8393290075257243,-0.04188221999748113,-0.08871779287336928,-0.9530777070379514,-0.06040735337093363,-0.11011445970078165,-0.45642591426127527,-0.024911076450588893,-0.10671516342283466,-0.6143884638554362,-0.01540540844838704,-0.14080744473814666,-0.7220704077357996,-0.021667058153183105,-0.16316113342526434,-0.8175882510178097,-0.038966553038843554,-0.18345736668648993,SPACE,left
0.0,0.0,0.0,-0.15487029063378852,0.016982951096466168,0.05923811682833914,-0.3029345850930236,0.030361345143471295,0.07880154787584565,-0.4054447157758127,0.059935100283566856,0.07589752311514912,-0.4921765220195162,0.08179787920521683,0.07013382313087514,-0.478907245560508,-0.05455314772131924,0.09374565949135312,-0.6655652885079363,-0.02280334364225357,0.07267094656737069,-0.7963337230714315,-0.018123367765242135,0.045676842491703874,-0.9089707800347051,-0.030252621481784883,0.019960073201490663,-0.4927130496543601,-0.060705094911742134,0.0320519408491315,-0.7156032528587857,-0.023666698806007396,0.0029284093723847123,-0.8622168480253741,-0.03156124468512642,-0.02966971373394009,-0.9971447505009955,-0.049499204466912985,-0.057027846754460786,-0.48224458926270836,-0.04243991367473511,-0.033405530312765,-0.7070223560380786,-0.020277750757137048,-0.06512106280282082,-0.8426258421361356,-0.026907793179685835,-0.08912074423633912,-0.9647193627994943,-0.041920324871240984,-0.11026635568940586,-0.46176856226264074,-0.01017104602725593,-0.09644881587422138,-0.6154390846635442,-0.005599137268080146,-0.13526587133965542,-0.7263930258110011,-0.010706391883168378,-0.1591923645474099,-0.8322126627367181,-0.024617374301912753,-0.17922730897493838,SPACE,left
0.0,0.0,0.0,-0.17689361209552001,0.07751153355547538,0.07904723494631422,-0.33208880201233343,0.10081214916005551,0.1055371432383143,-0.44101936774565276,0.130813332455583,0.10546934283018027,-0.5408145664817212,0.1600512936940496,0.10147127505946218,-0.48819858529994337,-0.06382165962055075,0.11661800240676702,-0.677621133559189,-0.02442081425013123,0.09987555056115742,-0.8081548937650129,-0.019408119458685688,0.07285986088562389,-0.924825384132373,-0.024108778009621426,0.04723748113469234,-0.4949829228180044,-0.07883046274832792,0.046180706624012295,-0.7187820364673678,-0.028758512653497225,0.023429679329516135,-0.8642628545636587,-0.023648807819102488,-0.009932914486256134,-0.998788412534144,-0.029713845149941763,-0.039227469889480886,-0.4851984033155068,-0.05128775837588685,-0.026586431507694262,-0.7084497030346729,-0.014337753342494758,-0.051044847891229955,-0.8441897961885377,-0.012678779760249446,-0.07210533673796411,-0.9630523061352932,-0.02403175560019326,-0.0924187002563846,-0.4708647238855768,0.008140568472834927,-0.09574384837960792,-0.6332061929898798,0.02027382587870473,-0.12396275858292122,-0.7392022685788698,0.016344155280656535,-0.14039093035336617,-0.8399198265815615,-0.0012730976764985889,-0.15644502624215348,SPACE,left
0.0,0.0,0.0,-0.16696359848313788,0.070997426394669,0.09594569247226042,-0.31796738831690957,0.09487448425375873,0.13070133771834383,-0.4208449778983166,0.12902983456550124,0.13661182424111218,-0.5170060632256,0.17099933230373696,0.1372752860772427,-0.48979079046928214,-0.06568811880167538,0.13103595325308792,-0.676504025604861,-0.019527924394158607,0.12410663097544167,-0.8043162417580603,-0.005588712184852597,0.10356996698478106,-0.9196442091338941,-0.002302978700748893,0.08049243646951916,-0.49810146417313755,-0.08277919346728055,0.05449979143296162,-0.721804169998716,-0.025253981553783805,0.037925466378854085,-0.8667647809424932,-0.011505588288651471,0.007041949886170128,-0.9997054113072783,-0.008606455474278053,-0.022694041665486296,-0.4880488542038735,-0.05203364617421501,-0.0227241033259961,-0.7144253825690403,-0.01619715366900481,-0.039977236066791676,-0.8521954195670896,-0.007384990906404287,-0.06212503989320998,-0.9734515533743685,-0.009719483268934789,-0.08697531081301126,-0.4754335879979988,0.013712785308709806,-0.09448561194933454,-0.6346984237217966,0.022896040049218955,-0.11996367083690355,-0.7412932606285532,0.02244703240359832,-0.14024991598071987,-0.8439754406930072,0.01206725107166463,-0.16183407578874479,SPACE,left
0.0,0.0,0.0,-0.15929927209433511,0.061546884325971746,0.06771548833115401,-0.29812395125928753,0.08195757065206727,0.08824968476035659,-0.3898378123214707,0.11322790725166133,0.08600400171894892,-0.47628897048754487,0.1397717444258208,0.08052473134885527,-0.4853018023102486,-0.07614265821153259,0.09198046075494769,-0.6765927435484629,-0.02568433455204918,0.07161268777180534,-0.8091505740728391,-0.010798332888024158,0.04507557373708008,-0.9261709792698491,-0.008089422597306325,0.01952474021170089,-0.49105892811687174,-0.08938803731603175,0.028746507936000983,-0.7140431899919064,-0.03048662744436575,-0.0029281296001994715,-0.8610816919008953,-0.015769042629887466,-0.0401678761454651,-0.997263368137636,-0.014873997108711417,-0.07241918793239546,-0.48084811228890156,-0.055158813215071864,-0.03584715937698676,-0.7067840824704577,-0.02501831711558169,-0.06461850725560397,-0.8488677630196161,-0.01527403126077945,-0.09098635117582146,-0.9734967024510758,-0.018799604387978626,-0.11579009422090492,-0.4684499958677616,0.012915489216812582,-0.09680634642746014,-0.6255506689639257,0.015569790550025395,-0.1306874972701849,-0.736605634012106,0.012590777764751475,-0.1544387894759821,-0.8420826000496172,-0.0016069627279602606,-0.17611248448195937,SPACE,left
0.0,0.0,0.0,-0.1557977890447943,0.11810919202503188,0.06426982217493626,-0.28907938769084773,0.13879024808941576,0.07697576677450864,-0.36592229354881556,0.15849155086310898,0.0665709536272368,-0.43803916596607406,0.17441657190064258,0.051525913814542884,-0.48029595226065536,-0.039313496358699275,0.07783741680632379,-0.6638471115714646,0.002124403358939342,0.05018144324736912,-0.796499124693427,0.0017493835321781685,0.019134697489375564,-0.9151325608524059,-0.011673303718014378,-0.009598892218374023,-0.48221403874176755,-0.061124089752044426,0.010871014914677955,-0.7013176373606208,-0.0006722370327465222,-0.03049623624511139,-0.8510412246740535,0.0011815923198400568,-0.07127939402472021,-0.9943875718468582,-0.014830634820692632,-0.10475404157990477,-0.4674176594634597,-0.04313858664544631,-0.05752072819092558,-0.6909923899870416,-0.0007616820600844857,-0.0985022581652778,-0.8346842031853344,-0.000709291230554865,-0.12781989490047746,-0.959866269143082,-0.02112716173890427,-0.1516268111873013,-0.45162339160731624,0.005971323157990381,-0.1223300104417303,-0.6107802388377213,0.020085502190243756,-0.1655700903261131,-0.7202619598153411,0.014933401447846889,-0.19200862428757082,-0.8240828964407723,-0.008237226535146476,-0.21438296483616698,SPACE,left
0.0,0.0,0.0,-0.1491795448714522,0.09485021285599461,0.08790262643894906,-0.2910847283673043,0.12458354344287613,0.11391490841457828,-0.3796846817642163,0.14713134103841716,0.1132556073270276,-0.4540236322770507,0.17292678846036882,0.10593845458554857,-0.4828885471451526,-0.021724163997110028,0.09270315673379909,-0.6712347867671625,0.01885463925730517,0.07409777570445558,-0.8037609543533766,0.020863001720358685,0.05187839675017151,-0.9185817853155523,0.0065783463079279155,0.028993231973479916,-0.4865643602959295,-0.04675379511216063,0.015344686673056903,-0.7102917337861615,0.014683384479290858,-0.017699076420182654,-0.8610260381880278,0.01693720762547601,-0.04882986079856287,-0.9971666274736488,0.0026277433388614863,-0.0751785342885481,-0.4684630277860853,-0.035216512270884195,-0.061595012088119266,-0.6936159654407491,0.020597778035758633,-0.09826143748734545,-0.8350328556290438,0.020591996306605638,-0.12329648240333022,-0.9543477721006675,1.1248091261278516e-05,-0.14471274304245627,-0.44403543235938364,0.009776693753015755,-0.13270728468301618,-0.6045317133855127,0.03155751869582512,-0.1786491016371065,-0.7165687994440444,0.03042703296289251,-0.20675182691932145,-0.8176964984473147,0.009576120312580995,-0.22978204411121214,SPACE,left
0.0,0.0,0.0,-0.13651605163091962,0.11130990638717211,0.027597499712813407,-0.25502493682609995,0.14376634105998085,0.018128434496364004,-0.33214776049690814,0.1696253152823566,-0.007677306498454756,-0.4085252973969214,0.1935268879858314,-0.036590940136095824,-0.4901363202957989,-0.029228009865862,0.040601467397373546,-0.6765837240161129,0.007264399849850815,0.0034470223164350254,-0.8082761825709647,0.006693470516364849,-0.036414109674863505,-0.9263199172514452,-0.004138300262196324,-0.06968672549879348,-0.4899944266937331,-0.048502844664424324,-0.011751819240533425,-0.7046547780515008,0.006531546037234107,-0.05471140622023357,-0.8503006666303617,0.010080662225762146,-0.09853554864164536,-0.9908955179379105,0.00020129551336179927,-0.13463295291523739,-0.47332242182235584,-0.027742172689292403,-0.06770169518394088,-0.6860465866295425,0.01982474651227081,-0.1104216540085746,-0.8264230717748021,0.021172242360539797,-0.1399927049784573,-0.9494678158710684,0.003992755712094042,-0.16332905912189508,-0.4521209718775243,0.029919913855907556,-0.12342360503771595,-0.6116990755120745,0.04377230142615079,-0.16254224281718535,-0.7210323388974508,0.04140836190967597,-0.18269629004120452,-0.8243239740023779,0.021729949341677487,-0.20003691177461097,SPACE,left
0.0,0.0,0.0,-0.13284650895882863,0.12042151040189869,0.0333794061434393,-0.24704865131167128,0.15914876042622683,0.024099662030169656,-0.3251700295499575,0.19360428931154353,-0.003109161290905785,-0.40903771846679715,0.22159719287095345,-0.03397942628944096,-0.47922440506148445,-0.03024399126005548,0.042443038057512934,-0.6654433174713916,0.008449802711597837,0.006966018289121267,-0.797416417859553,0.008250281280143244,-0.03155345653551972,-0.9170632991535701,-0.000617535184567658,-0.0648583144862596,-0.4807246940828297,-0.05021043266266351,-0.013111238256884044,-0.6971960084922916,0.006858397345677339,-0.058520483507673075,-0.8467046596624536,0.008944914910120757,-0.10416816592227689,-0.9898614736364462,-0.0016007506320307831,-0.1420271122275505,-0.4621349972835889,-0.025286607946532393,-0.07145896939261527,-0.6772566683614034,0.020514821617959575,-0.11595072416045525,-0.8172102521971041,0.020602012950768536,-0.14726937429686301,-0.9364278119660147,0.0017363504432910241,-0.1727120248242719,-0.4396112238099013,0.03987671775589324,-0.12870040062522178,-0.5910499527898204,0.054355338540558386,-0.1689514780599104,-0.696701176651752,0.05403535662894221,-0.19174214065212514,-0.7954834430173016,0.03427544560737149,-0.2120635503063497,SPACE,left
0.0,0.0,0.0,-0.1353652236546994,0.09639152424960142,0.029934847627104324,-0.26284831385369684,0.139855842571173,0.02234970202965942,-0.35112048597718737,0.1754306390913569,-0.0019123671838004814,-0.4402135560802577,0.19574683059712653,-0.02962868968682578,-0.4783257216045045,-0.055913592845491945,0.03090671743523071,-0.6675213764473115,-0.016264475505625556,-0.010746922957084036,-0.802920375396574,-0.013656829261052206,-0.05310139796294536,-0.9232724806179164,-0.014687063701727069,-0.0878958884265727,-0.47556459127396017,-0.07474367139047933,-0.021967970218611337,-0.6960319469705004,-0.016032710137984622,-0.07107078371107699,-0.8456932677010582,-0.01196868022836437,-0.11750484868047478,-0.9878300860897008,-0.01685545520398587,-0.15462087390090887,-0.4542566023163806,-0.04656839103102744,-0.07726679663078607,-0.6705699486076282,-0.0008219534575349259,-0.12530740349618694,-0.8097424571593695,-0.0016090761425515178,-0.1565029230295984,-0.9303864020352974,-0.016281714978892206,-0.1802039333863187,-0.42816228470190665,0.02250366956771651,-0.13136959610411986,-0.5805085654372489,0.03631626978364238,-0.17597353376402566,-0.6868102360767827,0.038085954488361766,-0.19931295496462764,-0.7876912358084064,0.023572956692730112,-0.21800316069144007,SPACE,left
0.0,0.0,0.0,-0.15838062544210627,-0.010889691570614703,0.06254515054689543,-0.3062682785558055,0.010899927285313676,0.07726148538212674,-0.41644167318253694,0.02694057168294147,0.07132633820053577,-0.5131561265515889,0.030812316065450436,0.059785564546342505,-0.4686630954099814,-0.08867728488979609,0.05299433843881901,-0.6676005226085827,-0.050523146563639924,0.020686998948982942,-0.8066205495904494,-0.04451768215450758,-0.010828174856898368,-0.9273920885141198,-0.043084170310916436,-0.03769089779878754,-0.47062937620365414,-0.09165314834327747,-0.009085996240242379,-0.7030564412424672,-0.040634678485829745,-0.04741799077149601,-0.8531434082544858,-0.03853140971043581,-0.08306111103124214,-0.9926334677850914,-0.043865325937693045,-0.11293640605811708,-0.45461867127152084,-0.050879861220899124,-0.07041257715375253,-0.6771341525768285,-0.015525105567289532,-0.10708438140964402,-0.8177783315885547,-0.017452064156993657,-0.13497611754319036,-0.9375976078547307,-0.029110031413388762,-0.1590585898027027,-0.43084067953769445,0.02249272715812532,-0.12731529283656945,-0.5827332266226118,0.031224474177329077,-0.1657561591207306,-0.690333277276399,0.03131036888317795,-0.1882494087267937,-0.7886772564255276,0.02077943911276225,-0.20739477996108177,SPACE,left
0.0,0.0,0.0,-0.14924557884469575,0.03936459997466142,0.04585327488454036,-0.283622915163019,0.060363065626524604,0.046882543027568294,-0.3775664830267848,0.08398291239893385,0.029174735961333596,-0.4626549548241512,0.09037561119929817,0.0064912471539970654,-0.4500327400300723,-0.10846313269782655,0.030877799559612923,-0.654299823386346,-0.07257238346028629,-0.010524933061276638,-0.7926744798084299,-0.07391629514189291,-0.04845508723783466,-0.9147203170189913,-0.08224915682757611,-0.08067523704336686,-0.4464613254050198,-0.11870610594469788,-0.027574241130717863,-0.6824013517415878,-0.07349113065473879,-0.07995757643185646,-0.837591164831743,-0.07188630761376125,-0.1278020322917078,-0.9824210515081017,-0.0836083823346302,-0.16690870545631267,-0.4280844878708873,-0.07684033014601344,-0.08576326069405897,-0.6599830639400397,-0.05285920882487602,-0.1325727520383117,-0.8038264850271579,-0.05425622490117948,-0.16477973380643798,-0.927386826641515,-0.07060249858041615,-0.19167906511475824,-0.4084123971005216,0.002270645118362386,-0.14075426619910897,-0.5629354824569484,6.668923985182685e-05,-0.19003614275805056,-0.6722501791150063,-0.007103145035773468,-0.22030210744226106,-0.7762163164045529,-0.03038221802577937,-0.24499742112277462,SPACE,left
0.0,0.0,0.0,-0.1717971613074446,0.0725321919074662,0.053376254132944737,-0.3092507451369956,0.09751271349691133,0.056188945648010045,-0.4028352848402824,0.12929248513177624,0.038562709621924415,-0.5009175276928249,0.1509813756164327,0.016261016897947907,-0.475527956045686,-0.0871633523471994,0.04922482327834557,-0.6653775687804443,-0.05721015591350444,0.013103790354304598,-0.793927280814232,-0.061542929004597395,-0.02290377180241046,-0.9112789640975987,-0.07520667891987298,-0.05401053915494231,-0.47182887043875593,-0.10875944867998734,-0.013793846341107334,-0.7023138400545276,-0.07009342723378792,-0.06062279953697854,-0.8484095405926253,-0.07236700991947938,-0.10201404561244637,-0.9869478502680459,-0.08669123585687816,-0.13571503408572633,-0.45009538837523777,-0.08660977854709309,-0.07743741476783948,-0.6757177764798814,-0.06096483403494755,-0.12150820744634766,-0.8138005970333699,-0.06458388993442893,-0.14802440926676125,-0.931702830958954,-0.0833872601907097,-0.17011225162199647,-0.42305198140963796,-0.03215968180957378,-0.137927607765687,-0.5774040101190117,-0.02889828228367442,-0.18161157794493818,-0.6865414375117233,-0.0289339723420854,-0.20472567743270512,-0.7893853219925467,-0.046996668915578306,-0.22436919166398037,SPACE,left
0.0,0.0,0.0,-0.15509373423210657,0.06072507477510062,0.045024759656941964,-0.2883247370827545,0.08538739425911289,0.04383908441060236,-0.3769676717161688,0.12302797761657477,0.023236885191384293,-0.4697233507127778,0.15054655772131015,-0.0015137920253322451,-0.4794927154371668,-0.09843596292060935,0.04454581632626773,-0.6731233333367863,-0.059224153287846644,0.012479900292485604,-0.798636928161003,-0.0619004507986791,-0.019710513356913113,-0.910942739700061,-0.07865065228838893,-0.04976240619842217,-0.47522547201536186,-0.11441041109050461,-0.015192530480665434,-0.7102686966262498,-0.06712109573643654,-0.05987870254571649,-0.852335811008738,-0.0718374324262774,-0.10203266038630712,-0.9860459152686613,-0.09310797457476086,-0.1380012972858364,-0.45197747909674096,-0.08489586090560969,-0.07620233830770666,-0.6812865766044902,-0.05297945909590426,-0.11961010059244388,-0.8135181368767697,-0.057962782505230376,-0.14892435715175836,-0.9263098230912686,-0.08231859026086763,-0.17477145163787305,-0.42490241931952555,-0.020101082015606495,-0.13462926102036588,-0.5775982458539559,-0.012699102422375748,-0.1838000439613781,-0.6846227960099528,-0.0188041301512348,-0.21431105734490422,-0.7872705301598472,-0.043857412846824706,-0.2400429741546257,SPACE,left
0.0,0.0,0.0,0.17099780337488035,-0.08139282550306316,0.033853112702977646,0.357910083706455,-0.09433020831037302,0.03790021048964616,0.47467989045144515,-0.0843632872159729,0.024979232089764377,0.552850112927095,-0.0923491756453212,0.007445710113868703,0.4310026867826581,-0.10518457115077495,0.028000057168271225,0.6272968203287951,-0.013174737050328974,-0.021685240334464166,0.7776105550939719,0.04936903017717336,-0.06445611238502567,0.9021611883799302,0.09649966740838505,-0.0943873604121044,0.4268000053555314,-0.056846830481176586,-0.027405174850399894,0.6526369680721711,0.03927087382334857,-0.07274639974823213,0.8231598455040797,0.09494300194924415,-0.11739804152751745,0.9789995958657765,0.13964257939132885,-0.1485252211430194,0.401957399076221,0.02421415574122037,-0.0840650331418597,0.6336703743240021,0.09806350894633456,-0.1239802590415674,0.7894646761865776,0.14210201731029,-0.15538623203699667,0.9278632931892754,0.17118960039031128,-0.17566614334455524,0.362466023922207,0.13245030004113606,-0.1401962536277497,0.5388247930810086,0.17214260540179202,-0.16934757877143106,0.659743786847461,0.19133252742076326,-0.1829604507697792,0.7700086956093527,0.20963435532293187,-0.19229101133012982,SPACE,right
0.0,0.0,0.0,0.1882681445458609,-0.07739488903468145,0.05875171689247111,0.3815078011094329,-0.0780650511371925,0.07271013754626172,0.5041325416760741,-0.04918816448425662,0.06393224991308996,0.5902400867269614,-0.03639867986638251,0.049306023066832204,0.4376115732079432,-0.07637093577145387,0.05001196619612402,0.6409926577829221,0.017480948545588716,0.01059979189663841,0.7896245602370225,0.06725093707888966,-0.022254070665561662,0.9128550474560071,0.10429464934064797,-0.04662317378631138,0.4332455883691508,-0.04423267402655321,-0.017704623190029446,0.6681043196804966,0.06088335460626691,-0.057574712501237926,0.8336953726128137,0.11128981607137793,-0.09601806851960486,0.9810904325816672,0.1504032724653552,-0.12182125729292566,0.41137034291297536,0.027910984110557896,-0.08479160504744117,0.6482538263044638,0.11906784450823431,-0.12044509033422206,0.8018126876710485,0.1600468250126894,-0.14936904031968037,0.9384640845509478,0.18136800980805293,-0.1686059271513454,0.3758189402028869,0.13618677163967793,-0.1490932170931106,0.5559994890462645,0.18978327933370606,-0.17494902462001813,0.6694450828323681,0.20762965113152368,-0.18543303693038973,0.772459324212954,0.22027472223590433,-0.19300218153522877,SPACE,right
0.0,0.0,0.0,0.18761602464708435,-0.07188110380488767,0.08871568634177207,0.39245254092819615,-0.07503867472918463,0.1158078983114878,0.529660181676356,-0.04834401429786178,0.11505713572789654,0.6431980526936261,-0.019047984264776524,0.11253309467224401,0.44602987094207813,-0.1279597927442452,0.0962575173760008,0.6604147222635917,-0.06718733613227507,0.0787979021715042,0.8134950310548007,-0.04730605090047488,0.0616686680045504,0.9385982859203877,-0.03851211850467582,0.04597032191457526,0.457049791647844,-0.1000033961648626,0.01871369436095187,0.6919277314556406,-0.03813382516407111,0.0016889269234888398,0.8595159584152179,-0.017589411817527937,-0.017976017645098943,0.9993075874738109,-0.01132113575445519,-0.03544259446627975,0.4527507885919125,-0.0441896126656062,-0.05804477127190963,0.6947681620643236,0.011224037126977386,-0.06605603367431478,0.8486416401499061,0.027298273548530216,-0.07471487430583006,0.9765792285219821,0.023486765663543952,-0.08880758663990033,0.44137641694516627,0.04222106767066725,-0.13180348679759643,0.6152078945483632,0.06581612514929891,-0.13817119340223236,0.7311819673990058,0.06725212921827713,-0.14082472962836373,0.8331049497382046,0.05945875859297334,-0.14823341405591162,SPACE,right
0.0,0.0,0.0,0.19983277418343562,-0.07299329582193025,0.1326202509616076,0.3985349108743263,-0.07817694542698127,0.17660933118632252,0.5351799753314298,-0.04554150613299378,0.1842873729633728,0.6418715459480894,-0.0019358415389905356,0.1864537936467988,0.4536679615209516,-0.1362220573781182,0.13782156614800484,0.6645684137781235,-0.059693792113079173,0.14186058881211305,0.8049494767568249,-0.034503357982009535,0.1396710235985083,0.9217767804226336,-0.022133986410264383,0.13167745882692347,0.4644971844613056,-0.1073409871988732,0.039977629220696274,0.7105006173065458,-0.025038151582634935,0.04016059992555165,0.8703855295375466,-0.00757432446992193,0.032740030975143025,0.9997000021750007,-0.009386567369071815,0.02262295304175715,0.4532996633575151,-0.04719195889602891,-0.05401776915880997,0.7081677936955247,0.024116560159885673,-0.04895925914795875,0.8565600467407687,0.03662242201578341,-0.04876873474526436,0.9744860407930617,0.024980944911000735,-0.059401390324652734,0.4332019927390974,0.0431940988493448,-0.14124828977512613,0.6189614019774697,0.06907036845780924,-0.13926563545272788,0.7350569436830222,0.07009976625611704,-0.13575887655314858,0.8351542770885746,0.0621246727936479,-0.14061061667515296,SPACE,right
0.0,0.0,0.0,0.19919967396167118,-0.04296770115000638,0.11941238848631489,0.3944040093478899,-0.06235712880626408,0.15912951580054974,0.5249137361602658,-0.03239663397910014,0.16548073199311564,0.6237106279509496,0.009744556607744826,0.16619022197148747,0.4607278171313272,-0.14723711024790853,0.11776643147452955,0.6743726616077618,-0.07429916560943096,0.10922761201970814,0.8142221923381187,-0.04487931834468974,0.09675638966097508,0.9302000368588405,-0.026445699285773727,0.0822144013792628,0.46620238678829445,-0.1216270838009609,0.026837254514192603,0.7169913167040457,-0.04068343587948827,0.01799731801493523,0.8717825399919875,-0.01419419745975588,-0.0002904050642670309,0.999813394798727,-0.0065747024205793075,-0.018164494739066717,0.4526104073834281,-0.05786248285618801,-0.06033766624911933,0.7078695749468846,0.004455944497668367,-0.0657569278290366,0.8555560764915955,0.022806003602522305,-0.07557653721788883,0.9745455976724073,0.019879059667779357,-0.09095693327771315,0.43072590881815886,0.04471087906886987,-0.14098168485066706,0.6178885515025715,0.0681516451294427,-0.14659383523901545,0.734205107030066,0.06880297298189501,-0.14798169094532615,0.836629893492945,0.060718180935362236,-0.15493927570365768,SPACE,right
0.0,0.0,0.0,0.19707266254450617,-0.005022018833535478,0.15426795399511362,0.38459743801285207,-0.01252700619780481,0.21597078130621117,0.5099185967165619,0.01767282035042322,0.23773504387600086,0.604848558479457,0.05492939550691225,0.2539836468537363,0.4692021916440252,-0.13891240307244518,0.17947728174281094,0.6789354180879643,-0.07114021252525761,0.19759337311202538,0.8156852110980183,-0.039564374695455644,0.20188710782218075,0.9263972758883405,-0.017852974388596482,0.19776423211575406,0.48180549674654444,-0.11981462105421108,0.07842716292897008,0.727514002947113,-0.03474189619167241,0.09419449256366286,0.8747535798570434,0.0005756343863845089,0.08994297496525848,0.9965424177615513,0.01794256675039364,0.08112505100380255,0.47478613598632863,-0.064955431617517,-0.018148257931960583,0.7299372893944859,-0.010447272531913798,-0.0013080632536302589,0.8700344025926738,0.008520967516519306,0.0002756548127393647,0.9822699529540816,0.006329347253515307,-0.009556744652390748,0.4655939873606427,0.027103143415508096,-0.10637072291852498,0.6580441963884074,0.031235469939079545,-0.09731844984841917,0.7743489293522436,0.026673875530544906,-0.09199120077764818,0.8759522065706696,0.018375573420161346,-0.09491408234452475,SPACE,right
0.0,0.0,0.0,0.18850283422822275,0.01883524070370243,0.25005485742787004,0.35616371858221973,0.03298073946698328,0.37434255296679375,0.45615748415397644,0.08906063502419376,0.44174910323617217,0.5452824168998215,0.16046328562362966,0.5020588922717939,0.48068334957505604,-0.13310647810829931,0.34288595199532357,0.6531176181778691,-0.08384496596990253,0.4275101670483522,0.768536634395897,-0.06488039288625971,0.4841521610260729,0.8549678794962885,-0.04811569848933325,0.5164443867334637,0.4967346278951698,-0.11335596210040336,0.20761880637057947,0.7073482940652006,-0.0461106167205518,0.28137102591129237,0.8348304717535281,-0.01604053132747865,0.33145815272961254,0.9263684421085838,-0.011430378543943468,0.36609524940721416,0.49382237712521104,-0.06338514844808847,0.07590644349975491,0.7183962024941067,-0.017135373525758456,0.12243487258826703,0.8538822490059816,-0.007603098115337107,0.16284026403430452,0.953414016717201,-0.023235612191000014,0.18631633250909208,0.494878223093072,0.01820552834667073,-0.04132347168298449,0.6855832389350043,0.01858271708247029,-0.040074575183491855,0.8111706297046799,0.01488317233775567,-0.03162110400394822,0.9094152147551441,0.004100929566789827,-0.022806564577557704,SPACE,right
0.0,0.0,0.0,0.1790290214313279,-0.014232202409297486,0.25521420264297234,0.34032612489231945,-0.015174015698296394,0.37741468523001376,0.43716187674735674,0.0339268266539049,0.4403874813487985,0.5199797181814921,0.10025305428887235,0.4933434663350138,0.47931692050013147,-0.16177937948598642,0.33889745631968843,0.6549034304262117,-0.10979541700657856,0.4197381267703361,0.7721647207829425,-0.08902540413353895,0.473808459858985,0.861037322823645,-0.06737852034909478,0.5040583931453344,0.4956110285166615,-0.13374332054197344,0.19905467148134662,0.709201448752531,-0.07808907203131898,0.27042753496858407,0.8384663048392446,-0.05278666455260658,0.31926197071132295,0.9344749491446269,-0.047842115022586146,0.35258744047279256,0.49156948161551944,-0.07647444142431005,0.0635131658510541,0.7196888986646144,-0.040218320382096696,0.10652957410885092,0.8547136852971938,-0.03443065092884402,0.1468402111819207,0.956831556089527,-0.05374812127387509,0.17060035624387196,0.48886142613772166,0.006911392830178559,-0.05693516350135607,0.680853714016507,0.006162918535154399,-0.06054666060898065,0.806410485346243,-0.0032144988770395027,-0.05400699741242218,0.9055535071352259,-0.02262054324394077,-0.04592903024833265,SPACE,right
0.0,0.0,0.0,0.1974345585895353,0.006700277902443079,0.21315812497967285,0.3653336958130147,0.024892439624547645,0.30791468134268396,0.469679646916826,0.0831211177647999,0.3508376773405503,0.554692792634555,0.14869086905087667,0.38636451078992357,0.49439873074021007,-0.1344520752392149,0.27883125680437454,0.6827700276873042,-0.06027665598733148,0.3358270458340529,0.8043485886090784,-0.025904560884214497,0.3701261767815077,0.8990674321735606,0.0021806026537165182,0.3864595107066532,0.5063805000033895,-0.11655499345587249,0.15694210007218226,0.725054074522836,-0.038713433062140805,0.2060763969180603,0.8591708662804901,-0.004018830530422396,0.23360657867841575,0.9680093581719263,0.013318507758358446,0.2505603716525533,0.4967007645027876,-0.06482803694546625,0.039207643970318576,0.7319679117692411,-0.006000525277056731,0.07621493918494468,0.8680663982735297,0.009961570540424609,0.10381055426240597,0.9784391886350341,0.0006843979195361615,0.11544791219884847,0.486555523549636,0.02224556964356364,-0.06651163026656093,0.6764353324378896,0.04123277693652174,-0.05973421621180414,0.7957326060317083,0.04186138218441906,-0.05025070374247616,0.8941845185017063,0.034375083996240494,-0.04407529891482036,SPACE,right
0.0,0.0,0.0,0.19371209082282614,0.041592359926857225,0.20340433044691605,0.3653042385992377,0.06329050397006021,0.29202598125711604,0.48149985103596316,0.10767427983511983,0.3317514255904267,0.5722993180508622,0.14450926277242002,0.36319861518675817,0.4924534456835465,-0.13312970419165965,0.24911236861601915,0.6846014056159295,-0.04933502178643229,0.2942980931878476,0.8071946928025708,-0.005953795912504024,0.31271863703667785,0.9099939506400689,0.02833909634616832,0.31460090011187786,0.4972978868255316,-0.1172691944526097,0.12742297107608824,0.7243354080245117,-0.01390926857716217,0.16772229141018397,0.8638513191452235,0.031410874830263,0.17381502767471976,0.9839211152034936,0.060355997013319396,0.16809637914375727,0.4796220381599043,-0.06207947926531665,0.011595011770091436,0.7212290549163204,0.02706154686964811,0.0437731911486651,0.8600106831787429,0.059975676148256704,0.04886123433738701,0.9787116436242641,0.06264408401789096,0.03711900235594662,0.46056714124503756,0.03678203697828755,-0.0921408828325568,0.6496845726161342,0.06955433042273086,-0.08519423608089573,0.7658327162620208,0.07551714084118746,-0.0853966630879828,0.8715519893821334,0.06932622918982947,-0.09370826579160303,SPACE,right
0.0,0.0,0.0,0.18942885580660254,0.023290474115624064,0.15480538094998614,0.3755590311200657,0.025304119036429897,0.2121021173802162,0.502562718291645,0.06139696608995299,0.22977519185850256,0.5932537733154111,0.09109123798257754,0.2402170783239505,0.4759601263268693,-0.1399401072560949,0.15449376485590346,0.6719362386465226,-0.04152208290500038,0.1583135101097139,0.8025302567791842,0.015616166167323548,0.14895775098615438,0.9111335793785932,0.05592529648264741,0.13407620561604544,0.4779013618515117,-0.1231907421991516,0.04588665449976435,0.7168141788105284,-0.019426608636202405,0.04521625215978764,0.8681544953856525,0.0315217523102965,0.028314060979189336,0.9983231967195121,0.057148150282017196,0.009213241073506401,0.45829228806524763,-0.06175863225501262,-0.056874954380615836,0.7030112396710986,0.022687697173858015,-0.05625699581066282,0.8475217888434073,0.06042773558503386,-0.06461591188674859,0.970303970137084,0.06615400772730921,-0.08120695959282032,0.43111363066397723,0.04882547630556074,-0.15032754247138008,0.6162876320127761,0.08895301190683992,-0.15186972388392056,0.7302150853146107,0.0999607633867084,-0.15184909183020534,0.8331988729883277,0.099753055592154,-0.1595125057277307,SPACE,right
0.0,0.0,0.0,0.20685692695288316,0.005344028621208165,0.21852979757143284,0.3863529101362664,0.007068134269694603,0.30643844745422233,0.5107443639985136,0.03162677467217928,0.3440584380802664,0.6101031156058175,0.06910765948701478,0.3722738812956618,0.4890645015587715,-0.15384656505857347,0.2311031753614126,0.6843486851903019,-0.0657628837768111,0.2683006606462825,0.8080105525930665,-0.022184997976791715,0.28603354689495036,0.9100483611626723,0.008518920519462455,0.2875638989806945,0.49098741427579873,-0.1385236903491377,0.0975439294911586,0.7302358080974334,-0.028828906562912683,0.12310377556970754,0.8731656178958587,0.016548081062070796,0.12848751990802887,0.9917160254655458,0.03255920025270154,0.12425467119478972,0.4698888662849834,-0.08610609393285143,-0.027447927228553607,0.7194871087854351,-0.003729487279289091,-0.009794159090032478,0.8619137184320103,0.023219676408683516,-0.005090905931955319,0.9797422273223125,0.01627992269055067,-0.014993871312188317,0.44689256558473334,0.010469681279081378,-0.137691234796759,0.6355427863596398,0.04163443649559828,-0.13931246934582608,0.7520603943415325,0.04632828321120011,-0.14119788397461447,0.8551962114476113,0.03919778652952409,-0.15005717692585052,SPACE,right
0.0,0.0,0.0,0.20533810674625919,-0.04358082413861163,0.13263957864032871,0.40199403803409156,-0.06494816315632165,0.18788640420366334,0.5290427538470753,-0.04908032899995264,0.20826301923474055,0.6231973397342531,-0.0356798822642804,0.22441109814292187,0.5045623420771029,-0.15336998613044092,0.17282512811348585,0.6949450373714545,-0.056748131438407644,0.18016512084780784,0.8257734469642379,-0.012841113736499316,0.172110260092541,0.9292325559746523,0.011201190424005355,0.1597963492892299,0.5092997401587417,-0.13060920751824806,0.08106142242943166,0.7351974416981073,-0.0175244229945514,0.08598687851380102,0.8766238208544797,0.019350929025251068,0.07249547566839952,0.9981356678161448,0.023373548047825855,0.05638143209315219,0.49339738879258377,-0.08221044514182371,-0.0100955558134006,0.7295081514908482,0.013903081362752142,-0.0057793148595164335,0.867480674583194,0.04154810446798786,-0.013883603669828432,0.985699983024863,0.031722739186047344,-0.02986928729785974,0.47178493013903644,-0.01126470920696731,-0.09448931826323011,0.654018835758872,0.022625556553226244,-0.10109338866479445,0.7759502862587778,0.0256163363732127,-0.10850827988934339,0.8876109689930417,0.016125289839690995,-0.12015977311398976,SPACE,right
0.0,0.0,0.0,0.20647005941456678,-0.052378571799762255,0.1861101636882684,0.38473685995544377,-0.061256908303730956,0.256597464475144,0.5022955636911481,-0.039037769003151326,0.28266547575267204,0.5933964894385225,4.45158991141674e-05,0.2996565525597561,0.48782135876355304,-0.14567397090226666,0.19588443466646477,0.675744840554459,-0.05167487587785072,0.21480074981801509,0.8042405479683865,-0.010470686262402306,0.2216565400258157,0.9077782293275579,0.01486563578415843,0.218191268505286,0.4899412427283116,-0.11914302993421758,0.07540998411411529,0.7226427265907861,-0.00771842690835843,0.08395101907409509,0.8708568971300882,0.02949632984709082,0.08305320500666384,0.9965423378234358,0.032578684399639485,0.07643296571630545,0.46988050048010854,-0.07253304111459147,-0.039360892866509026,0.7133244612680683,0.02814563782670555,-0.03495085830918025,0.8591984862643514,0.05536547570614623,-0.03554948645685579,0.9844908319553745,0.04400245071303617,-0.04702626027028244,0.444508280432126,-0.0011124220076366772,-0.141769462470487,0.6317792982170569,0.037059575163210144,-0.1547509880839936,0.7529513378707118,0.041773565200914,-0.1625418350498562,0.8600091629852021,0.03059353680776725,-0.1742902880880335,SPACE,right
0.0,0.0,0.0,0.2150590978814183,-0.04077717363216182,0.19102109023468572,0.38781638175473293,0.01125249254666628,0.2617672901614921,0.4992475610433346,0.08727755050514616,0.28765494480530973,0.5955688094937116,0.1729251617306883,0.30345685223824204,0.4827501555063069,-0.049124594122858946,0.19266755463006457,0.6571137094977664,0.04251881980792061,0.2062667290760814,0.7777584273974838,0.08238392250863581,0.20921525713519293,0.8811668000853513,0.11194301047274027,0.2019449278150424,0.4822501011732358,-0.018993693855698678,0.06729719483432693,0.7038939020429276,0.07480240144495953,0.061305534232344874,0.8603642627272147,0.10599570068366307,0.04968609030477639,0.9927856007757633,0.11420520501161407,0.036522897483112444,0.45288919913910514,0.0335084318777189,-0.05123208815187504,0.6909700780489348,0.11993568218986062,-0.0640591319754686,0.8367649541592,0.13910239184285947,-0.07078636228324808,0.9610897070988564,0.13067974960245193,-0.08323626904868345,0.4141162261859124,0.12062347338406626,-0.15611145231907825,0.6006580255854014,0.16224575153964393,-0.18644139002872825,0.7221050703289219,0.1606723873288935,-0.202655891356657,0.8276855792827943,0.14653912691400026,-0.2188960246545561,SPACE,right
0.0,0.0,0.0,0.1962937549158616,0.06696605352260097,0.10025737839172755,0.38097429227759005,0.15803854191414463,0.1310333676960613,0.4951415228275375,0.27891026323469975,0.1315260582218813,0.5856959650874748,0.3906433017670045,0.12744493679535987,0.4661291620067229,0.0006302409841886373,0.11345272245890983,0.6468952139597774,0.1264524861144833,0.09814341703739317,0.7699046161777326,0.19642490924425227,0.07854943840238202,0.8710612834891776,0.2504694336576443,0.058613758305641715,0.46065682171507416,0.015283168814596109,0.02800949835844845,0.6812470910172873,0.14112157258904565,0.0036213038648229556,0.8355137744884987,0.19663766472562524,-0.028047304091356882,0.9720116587769115,0.22875900254399154,-0.0535037751643291,0.43009333877968264,0.06759117760280722,-0.05612676410700091,0.6760138447969841,0.17331750948126046,-0.08108397515538893,0.8218090897592485,0.21436628274662528,-0.10021404584948104,0.9518864983791497,0.22527983100885088,-0.11774840330389709,0.3920379543440147,0.1583839598640294,-0.1344363911757842,0.5782187140912322,0.21797677019659817,-0.16441778588656872,0.6974193084332866,0.2334103221261293,-0.17972827627532342,0.8078054701131324,0.23782992675108566,-0.1929798187603228,SPACE,right
0.0,0.0,0.0,0.19944221618808744,0.03207577197214514,0.21685338750172856,0.3725805066181256,0.05373759005799059,0.3134156211927433,0.471212797429729,0.07915875980897204,0.3605195503217087,0.560572097013803,0.11976288599538537,0.39959457245573315,0.48451680552164983,0.003924855425585184,0.24278251349582805,0.6612774198566027,0.11220230008083647,0.275604949057893,0.7900210543326521,0.16076396138935647,0.2948441506389402,0.8930325694493911,0.18833091207722627,0.3011368010725344,0.4885418985465777,0.014566721240716955,0.1152108898722281,0.7102607130371117,0.13824474548642723,0.13183439155824492,0.8546866212591602,0.17853366105717813,0.14378985578352912,0.9710255280446495,0.18687468683928954,0.14895393685407277,0.4792418862969341,0.02856418229439434,-0.006638369378057652,0.7145327366333597,0.16854715895532277,0.003227239428606459,0.8514567777004535,0.19999978458671222,0.012465994623271701,0.9664957654682357,0.19111392146447212,0.011397720787391857,0.4675191795972361,0.05016011065708451,-0.11412552748769086,0.6467208834626826,0.13423997019158904,-0.130191564702091,0.765768543788108,0.1559308358762072,-0.14051368608583062,0.8681469355713106,0.156505812048694,-0.15051155520420034,SPACE,right
0.0,0.0,0.0,0.1936376682479934,0.026617818530575203,0.16689539142732945,0.359560941755892,0.07032444877397534,0.2386267788138274,0.45552763556097364,0.12733634257690832,0.2704844747429424,0.5422348443666031,0.1770047433595488,0.2965030520907092,0.49304125335726046,-0.015302415892994909,0.19534678294625157,0.6842790055884093,0.019569627676417848,0.21944238071216202,0.8130234586118328,0.009944443668756417,0.22640368224583104,0.9227831593249228,-0.0039318068539854634,0.22128003341885352,0.5001509003941408,-0.009026073028629998,0.09164044027917541,0.7302930203644976,0.011093361796612113,0.10564306441776738,0.8725868256279866,-0.0007730632250440335,0.10112671855745477,0.9956144648178822,-0.025768195484681313,0.08993240543244313,0.4885839440594824,0.01184784928281049,-0.007315448780332729,0.7352865956182965,0.02983072693073014,0.0026851403506868952,0.8708775104441142,0.016183635055430013,-0.0025332400312979915,0.9883039567544184,-0.016720769036630605,-0.017978899406067138,0.47815375350016387,0.0520457481448127,-0.09570574891538199,0.6602425203372366,0.06711969981050962,-0.10829460959347595,0.7746522319379989,0.05929184873994248,-0.12231625433381818,0.8761601380827545,0.0386264260766668,-0.13844712430863695,SPACE,right
0.0,0.0,0.0,0.18662628709237514,0.016288627476302046,0.15066402220021843,0.35894843937072274,0.05766169647846201,0.21517414983081468,0.464999589680615,0.11932868826691109,0.24264555301502708,0.5600748072337841,0.16641282211522834,0.26372909801768,0.49082958557707396,-0.05280959472394333,0.18254137019232883,0.6778946316564817,-0.02233336029436959,0.2005431851588746,0.8017732650149495,-0.026918975547832423,0.20082372778314792,0.9069050688873757,-0.03259229080560484,0.19191652445557716,0.5003480803059638,-0.038001358944683226,0.08685953994741803,0.7307752467924711,-0.029399251469424258,0.09673904510696614,0.8727496891932247,-0.04361964937870822,0.08596577645398713,0.9951234576045538,-0.06922010858308124,0.07027005544970337,0.48857020872988677,-0.009038627079929685,-0.005352168632663801,0.7342981151593703,-0.003919878868472169,-0.0005391758181732646,0.8726645926634758,-0.016900778640492164,-0.010979847727226912,0.9900131870548945,-0.047157873510374114,-0.029275009286616936,0.4764911402261458,0.037967128385724074,-0.0877986280405528,0.6581164066369416,0.04564788997497963,-0.10222019046717791,0.7731336440338291,0.03856904237340304,-0.11690232102718838,0.8742256021255431,0.019639863180756483,-0.13355579787534042,SPACE,right
0.0,0.0,0.0,0.1910564874895264,-0.06060426189109116,0.11030574187352199,0.3896793204213945,-0.049102035403916285,0.1518693811332443,0.5214852439866748,0.00497380175323837,0.1630050899331835,0.6188083971930045,0.055185396621050056,0.1709402886278735,0.47457523052763223,-0.10397696790043184,0.12881813937344078,0.6768522598551195,-0.055281033031345905,0.12589996699011477,0.8139660041918196,-0.045717569106224175,0.11630194555655049,0.9254778814923201,-0.04480583532807038,0.10432460313892088,0.4832211162273043,-0.0787094740913406,0.048239493705177834,0.717958205835985,-0.03743970648172761,0.03848956368529437,0.8709635336835125,-0.03861249223909638,0.023838560967016153,0.9983299796619668,-0.05674905192938724,0.010807257434375961,0.46927847878518186,-0.03401362063511045,-0.0303275911647573,0.714036050387074,-0.0039611184308834,-0.03549993532336305,0.855854397692476,-0.0081019978922303,-0.03832166602453568,0.9686159240875089,-0.030714341584367054,-0.046723897491275486,0.4493116330167382,0.031054205049844352,-0.10353965138923249,0.6277829887769527,0.03724772524328186,-0.10858278953993536,0.741572252373739,0.028970216827712322,-0.10795918258585577,0.8399219030505775,0.015191489566569138,-0.11199883577727725,SPACE,right
0.0,0.0,0.0,0.19577924140254305,-0.06394174845778619,0.1250828695228785,0.3901435920114099,-0.059678989960417664,0.1730310768948581,0.5184213662631945,-0.014551068964711903,0.18820870226044384,0.615396896094779,0.03105803547495269,0.19916292961902918,0.4778107078840213,-0.11738835547675094,0.14183239867803318,0.6795988991292322,-0.07186829037906795,0.14345566240054206,0.8151405214497377,-0.0638304492803092,0.13669131576540644,0.9260434738549047,-0.06297251812059078,0.1266659264175238,0.4852216563656409,-0.08765422371788699,0.055791642036304226,0.7189730236466361,-0.04661710399034782,0.05029196128941166,0.8709362831079833,-0.049559112248322795,0.03834530756974161,0.9973595348150577,-0.06743320365523922,0.02695776990559292,0.4695217016414229,-0.039807449315047615,-0.026912846401734025,0.7134262436384414,-0.006683701106122083,-0.02772291021988911,0.8535122113753322,-0.014407122028508336,-0.027742923782922407,0.9655073797088067,-0.038417508086989204,-0.034613874161485196,0.4465982448003193,0.028234560840990706,-0.10292760502820353,0.6260273587835495,0.03099515143967819,-0.10363835461937296,0.7380179824006105,0.020153313063015946,-0.09896167911843326,0.8350738331386075,0.005478331014046335,-0.10024594409621014,SPACE,right
0.0,0.0,0.0,0.19749437498155253,-0.08545792674976202,0.12594660862801813,0.38897644760719247,-0.08446890901602357,0.17199397006876013,0.5125118011631681,-0.05463661583667963,0.18509191430560953,0.6110311855859669,-0.031218245678197434,0.19322706351788307,0.4774205616491592,-0.11686526801084875,0.13230353207042891,0.6792409984067344,-0.07241374833236344,0.12747483432001222,0.8168052527056657,-0.06411365300535614,0.11892573954999665,0.9291268574669449,-0.06105668910107365,0.10845468147327963,0.4805094482460616,-0.08328357160381822,0.042763317111079654,0.7173282851271823,-0.04669772528855223,0.028019630549742654,0.871735323019457,-0.05203145077473664,0.012835507537949068,0.9975247896414696,-0.07031261037132773,0.0006564095608868613,0.4621162175451045,-0.03603007907035699,-0.043260599833034145,0.7102189940955201,-0.00731058947870279,-0.05281587566521703,0.8542161102604761,-0.017274764984301118,-0.057965545351406654,0.9703332938873905,-0.042463429050947674,-0.06687079901597553,0.43775266234091553,0.027120816764914398,-0.1219834119746068,0.6206399160645648,0.0289059493558868,-0.13393073594776145,0.7378531121380968,0.014220339275762101,-0.1380591113245323,0.839374694010867,-0.004652512797799557,-0.14434774753915217,SPACE,right
0.0,0.0,0.0,0.18203756051604514,-0.06452864425214984,0.07316796321451625,0.38034747424200843,-0.08445605745272045,0.09477588342766023,0.5027841268123198,-0.08639438161954244,0.09269632979800924,0.6057296568557913,-0.09780538674373372,0.08714994488121218,0.4533125428897606,-0.12209959109878069,0.06694123697660638,0.658964005063206,-0.08475374505932108,0.038167651304410855,0.8106545564544078,-0.08224864911480748,0.012319295226919826,0.9370234751496319,-0.09621771950853028,-0.008484431313530053,0.45564460570588233,-0.0993075968012416,-0.004244621011393815,0.6892297945563552,-0.056310276911204625,-0.03180668648825981,0.8524021534028555,-0.05605743666645247,-0.0584843035576868,0.9939849216297233,-0.07536758066614771,-0.07945881547873902,0.44171437948383935,-0.05821187567934754,-0.07438470727085685,0.6751021693164122,-0.024388842882412297,-0.09294717269501024,0.8264083399724006,-0.026024182510131857,-0.10758106329408802,0.9530594086055535,-0.04625034270380346,-0.12269185438274371,0.42150993671342507,-0.001867345271297998,-0.14184177720953584,0.5885707737094901,0.005586851274055527,-0.15409003976256747,0.6990842077826869,0.00451333962035925,-0.15741581815130126,0.7938187861907158,-0.0033734397459738606,-0.16370316667816653,SPACE,right
0.0,0.0,0.0,0.18207875539735374,-0.03896141647678592,0.08133176562245623,0.37844863507661486,-0.07559907837900855,0.10668201722565789,0.5068190829079706,-0.07791509383465858,0.10673180625834033,0.6050372504864135,-0.0726598956091258,0.10262883245166204,0.46036838646545314,-0.16714477952049953,0.07791371435470845,0.6637884352329763,-0.12966052530585273,0.05534063926446488,0.8089574818741347,-0.1294438299762815,0.03251077999837728,0.9256778638735901,-0.14404283659756412,0.011939883844945693,0.4634283667870689,-0.1455610498382866,0.0033270466000127463,0.6974734550280757,-0.10105203103441916,-0.01811852278826871,0.854000163399586,-0.10610298381732816,-0.04348805384055659,0.9890040455898964,-0.13283625592773635,-0.06500405308839448,0.44966905456787476,-0.09605390615017892,-0.06956743086466104,0.6843129150743659,-0.0707900571829966,-0.08271790260320849,0.8279967238510411,-0.08040305232355534,-0.09520827271341613,0.9479608061254443,-0.10781131019657199,-0.11124087750762912,0.42954297110880235,-0.023919597660292606,-0.13927809651895623,0.5894690033421033,-0.034935055741306,-0.1502931129654664,0.6960156405632196,-0.04919690596471537,-0.15362830518832768,0.7893233371912007,-0.06425252060188015,-0.16064686586428908,SPACE,right
0.0,0.0,0.0,0.18125475635651817,0.0457812005704049,0.0751896344482696,0.3709442479776025,0.018787649190151506,0.10895239371539589,0.49264098306461296,0.004164373003848364,0.11866347705508787,0.5973802473679344,-0.004363062344707567,0.12612769754172962,0.46387640630351995,-0.13439664659360967,0.09703564193279203,0.665682220266086,-0.10897705188417568,0.08098752230626996,0.8178027339671394,-0.11591464837969019,0.059477674173523384,0.9370130972209836,-0.13770791952381786,0.040613108324412374,0.4725462951028224,-0.1404928115575247,0.031974530619366184,0.7016091750200604,-0.10667381133581434,0.01854802573564132,0.857082287737716,-0.11385515070951176,-0.0018625113068120654,0.9893231711893117,-0.14440728328600203,-0.019651958728843608,0.4685885525309443,-0.11974355079986926,-0.03359180476140526,0.7030311165181833,-0.09640517021385607,-0.04093460454690764,0.8499142375368982,-0.10631338303722473,-0.05017525673757841,0.9682027859695294,-0.13615535518007305,-0.06223993666448173,0.46103835757829453,-0.07381065918293564,-0.09720672842001564,0.6369848996848108,-0.07453248815861827,-0.10606687927981459,0.7538724127571419,-0.08235430083988139,-0.10742603146186966,0.8500691698451048,-0.09545094277586341,-0.11105167638801215,SPACE,right
0.0,0.0,0.0,0.15816748812857537,-0.014117577227403547,0.0387984120137564,0.35928410293744667,-0.04007528759861316,0.05915401395124674,0.485900168894589,-0.050885583472998194,0.061720416428802896,0.585347761757136,-0.0574746848154806,0.06292420067919959,0.44024464904116356,-0.1176530668950084,0.06211866210934253,0.6393718327200582,-0.07939062838148427,0.027757833551332274,0.8003483083396155,-0.07535784793988584,-0.006856029593046032,0.9291837065623599,-0.08857079789746637,-0.033691529248546924,0.453828286497554,-0.10529382148014163,0.010040255877389746,0.6727781901128089,-0.06346499479624904,-0.02118441836895602,0.8402483618478821,-0.05784492299611015,-0.055142430838060634,0.9938933127182495,-0.07569034339336383,-0.08029355423032566,0.4551098917207122,-0.06661171978614663,-0.04524327266671635,0.6756566721490223,-0.04095385441397439,-0.06966404339797387,0.8276398946156337,-0.0423350585004492,-0.08993442465391961,0.9610220932783263,-0.06350962706883301,-0.106226318081729,0.449277741739436,-0.003340530898366313,-0.10163728173282549,0.611837764399364,-0.009525245878510617,-0.11932235170445761,0.7234096092684412,-0.015990934494116506,-0.12593022144176613,0.8216717509984305,-0.026013425825576197,-0.13256332788353908,SPACE,right
0.0,0.0,0.0,0.1587136954151221,-0.034763719844182604,0.038414913923953416,0.36309093770571144,-0.050446994153375384,0.051190466494791136,0.5014616791425932,-0.031112181218434183,0.046458088136701506,0.6124169755000038,-0.01859956501648668,0.03824811259997638,0.4141416602696119,-0.12616255150853314,0.037127047573579715,0.6216237352194219,-0.0851684070229793,-0.0044321012403596,0.7909667295271408,-0.08604240079595275,-0.042815967701118146,0.9312366862358703,-0.10504742955017186,-0.07199929741493,0.42657518082343404,-0.11031215151094256,-0.017826854712534545,0.6520808152724854,-0.07067209298814645,-0.05291580121203335,0.8292600598218884,-0.07323416132443365,-0.09044907997483373,0.9879380176684223,-0.09846409641899202,-0.1195127397467715,0.42460869483424374,-0.062431167337448676,-0.07349002702228973,0.6523470076032197,-0.03780719425145219,-0.0995452026856147,0.8102994402521649,-0.04116258405514977,-0.12030949372881189,0.9443497461453477,-0.06537557510238183,-0.1378701482466916,0.41363437073902704,0.013514319227375898,-0.12963998821006073,0.5795351276958541,0.00682587560034837,-0.14608146229988728,0.6936487316772478,0.0009044758167692905,-0.1500396607972713,0.791345390088432,-0.00688841634537774,-0.1554846965289657,SPACE,right
0.0,0.0,0.0,0.1800971567299022,-0.05746122065590896,0.08022967919586296,0.37957367790734875,-0.04276979220152437,0.09969476032863743,0.5129316363738665,0.019915154863965178,0.09507968136026214,0.6238243721869249,0.07208222305040318,0.08391487813122911,0.4571231266201561,-0.09423352039114877,0.05303490286178908,0.6536910054940259,-0.06159817629816172,0.017311722706833985,0.8044149716371047,-0.07535795543739532,-0.015267736164353316,0.9317192809098437,-0.09843675938388659,-0.04214492095981161,0.45647479259822415,-0.06505066428644733,-0.02291815889505309,0.6775728046135809,-0.042662311907508674,-0.05672547080387146,0.8443732450555548,-0.0655685029621118,-0.09092568381759546,0.9875922328098591,-0.10215783303195015,-0.11927010876096933,0.43128102042505795,-0.011255281153197733,-0.09534794699352786,0.665652158299785,0.0015507542207231786,-0.12736901214971177,0.8156693321882124,-0.021464988482598285,-0.14924046083948367,0.9387602758452228,-0.06142234129895832,-0.16917043164333592,0.39398236644482054,0.06843640862320284,-0.16261292541813557,0.5619870694958674,0.06983434289697438,-0.19629358441558198,0.6770802824953934,0.05293761213582673,-0.21099416135323662,0.7786261452879694,0.030267555517326603,-0.22374852793485236,SPACE,right
0.0,0.0,0.0,0.19521077059865638,-0.13042635705171954,0.04434379062513378,0.38771505382796556,-0.16321219902348164,0.05848122733860355,0.49478781245956327,-0.17882728396587177,0.05615029021584573,0.5398554242088867,-0.22037429985163226,0.04996591061535186,0.5034834732880845,-0.13045073401375754,0.05059845542371524,0.7042697121728665,-0.08298081953436377,0.017712801951589377,0.8432232008636332,-0.05865050187566224,-0.012701457536132216,0.9515244177456259,-0.04633216665504393,-0.0355288820140913,0.49519940808782,-0.05602036830808302,-0.002435456005298173,0.7132675066943394,-0.0158311960866115,-0.03451365259584975,0.8623517326566809,-0.011240123438168933,-0.06635311468503016,0.9957784483869315,-0.02228523118003398,-0.08904296827581484,0.46441048465531387,0.04024144205353374,-0.05666028741554667,0.6779375537037282,0.064181259531896,-0.0863929332040718,0.8146144919733994,0.057570649336152614,-0.10783200252874879,0.9361831048384316,0.031072657206996347,-0.12261923763654362,0.4129099332604855,0.15564315231068707,-0.10945983130234006,0.5704490975512232,0.17791338228331305,-0.13231886599053802,0.6718994505250789,0.17150247566118856,-0.14044965225221875,0.7656104696426728,0.1539702832908303,-0.1461885516612384,SPACE,right
0.0,0.0,0.0,0.1734953781906836,-0.0802357319473109,0.05479008967565725,0.3498080960093426,-0.09435909453920915,0.061634183624352794,0.4589299164817294,-0.08203024120051224,0.048050277111870064,0.5493170646641593,-0.06890091660488883,0.027763861082626903,0.4631510732756308,-0.09383619475140954,0.021548968558384438,0.664454227673778,-0.028842738202391784,-0.024842161566874604,0.807615972422593,-0.0011497540807423017,-0.06051730018409113,0.9290267466829475,0.013900464290932743,-0.0871758817132973,0.4498729341394499,-0.06873527955105088,-0.045542695504921286,0.6826448641977113,0.007993497560411166,-0.09590303226274151,0.8424960518334296,0.02890420507783946,-0.1365943194823496,0.9856704134672049,0.037921503542636986,-0.1643648246567841,0.4112990190240788,-0.010335601188214772,-0.1108449489653849,0.6451729315388312,0.054169031946058585,-0.15722136276141807,0.7920246298737312,0.0651905818969447,-0.1870460747378203,0.9225921353531883,0.05673284767196819,-0.20613695835465895,0.3560803053839717,0.07715807470998344,-0.1724213796828409,0.5290881002810822,0.1226780702608126,-0.20906499227675193,0.6406421757985958,0.13205640574139751,-0.22498759545371164,0.7440937309292465,0.133422264415819,-0.2354433670793422,SPACE,right
0.0,0.0,0.0,0.1858610884703662,0.12079406097372553,0.1287872843001064,0.3721645472625135,0.11592477853024462,0.19326881185931288,0.4828346414900373,0.11409320286917252,0.22303945935957642,0.5716405148431548,0.11175620400861276,0.24764856411804054,0.4936606497285353,-0.006213854846867258,0.1638473514458326,0.6793602511525613,0.046986771092079396,0.16909031491454488,0.8109737358607016,0.05929329257142489,0.16044251688671812,0.9161004277836865,0.05292732734542423,0.1478312120490734,0.5044774063220558,-0.028365460152644423,0.07299193659316007,0.7287204442480394,0.02079994830939008,0.07433424817789766,0.8780961704831611,0.020493977239911323,0.06250227461663148,0.9988303041349158,-0.005508729472911858,0.04803829140743968,0.4995313602297082,-0.04064380995629288,-0.01805564654234248,0.7318723379999895,0.003887607898038034,-0.01506112582399568,0.8734036694720868,0.0013172342092188129,-0.024976237726683875,0.9895184817910571,-0.028065740194636903,-0.042386132750959156,0.4898281349595971,-0.03205861680985055,-0.10303931034424514,0.6711857143557026,-0.007237703557702737,-0.11659699178455848,0.7884220594207655,-0.0072518727437042045,-0.12949140946073548,0.8861262649309578,-0.0221799436777801,-0.14450027601057708,SPACE,right
0.0,0.0,0.0,0.20758816152519985,0.10491850319021531,0.11367331622482627,0.4026518862121065,0.10384334263350571,0.17121883470233484,0.5319530995247232,0.10918585001251752,0.1970338220125801,0.6455392225142257,0.12859153581541907,0.21992960705490988,0.5003069670986898,-0.012547854322301984,0.16271745775088842,0.6975068772541231,0.034163043607299506,0.16977590255926703,0.8316274087757513,0.044490239209668596,0.163656179530314,0.9410097101904809,0.04204928583107836,0.1525755370242726,0.5105238876399992,-0.03421243320993625,0.0812574883545117,0.7349942668913122,0.007942955112323806,0.08299957353363652,0.8820192797280746,0.015587784364593736,0.07258170436875425,0.9981466680822122,0.007593651405399782,0.060378518155973636,0.49807728200310264,-0.04435101162292535,-0.0023941253660571277,0.7330736925846412,-0.006874095987674768,-0.002460940869880112,0.8707145106114471,0.0006107279829495625,-0.009372231572549742,0.9821309824189122,-0.011483763848942011,-0.022759460328908823,0.4789212691569786,-0.027335271660718512,-0.08110890901567278,0.6554434557781521,-0.0008111816460649097,-0.09762700615407074,0.7734146090914119,-0.0002066699406885929,-0.11047334824299765,0.8753365258733735,-0.009453255099160594,-0.12387263035092695,SPACE,right
0.0,0.0,0.0,0.18606176510572375,0.08098103891887369,0.13230228292979232,0.3749168070068126,0.10392115476257663,0.19534313249875326,0.5000709356051234,0.12942947450159345,0.22278459809372222,0.609685421521248,0.14713757636703623,0.24742005672160328,0.4914155446311237,0.030878720209882554,0.18728798644144473,0.6859539587078822,0.08107422031189222,0.20607895395154555,0.8184438704114042,0.08910869066512717,0.20716876923076652,0.9263271395730367,0.08359496751262045,0.20032205853919122,0.506626887442554,0.025664112792957654,0.09807856937505857,0.7273356767877223,0.06940801382574059,0.11132132535926083,0.8746485311654179,0.07628732934489163,0.10450325755406178,0.9937061199058178,0.06175440942649778,0.09345876191191962,0.5039113772744478,0.024649942445708506,0.00866543302681388,0.7302939262166378,0.05558244113613429,0.025123538384467185,0.864457639002188,0.059356287553385026,0.026914536068669486,0.9757385650166915,0.040872944209966455,0.01607929127109874,0.49897059844927444,0.04152027777206084,-0.07539453350604106,0.6722722282987628,0.05668693508274991,-0.0751845722724226,0.788990063436398,0.053557131434903316,-0.07930127815308832,0.8881045824758326,0.04011831348620853,-0.08865186532036638,SPACE,right
0.0,0.0,0.0,0.17779585948906879,0.0825011701724304,0.13667242918370417,0.3499491083847155,0.11506571356399825,0.1924562959992135,0.4563583791973129,0.15148551931342663,0.21299203390831165,0.5462082002582425,0.192087156484306,0.22764032357973837,0.46954604571529474,0.022304675958574122,0.1473320383690522,0.6577746411643303,0.10075605095939723,0.14960312204493834,0.7865569686266767,0.12804832716189868,0.1454601949574006,0.8896320789587508,0.14486453883088582,0.13683768623543716,0.4815065150833112,0.01812962019883015,0.053149025627946316,0.7158711260162226,0.07888822687403996,0.047902501495694486,0.8699619764094485,0.08532305496652427,0.03946252887723501,0.9971857233722894,0.06884143617104385,0.029689893371178683,0.4724799072344418,0.031088697287642974,-0.038055727179142754,0.7257502190919696,0.08182012701742968,-0.039507134095364445,0.8686496377209276,0.09115012403457608,-0.042967468986820405,0.9887839028555636,0.0752125195514159,-0.05409034175302621,0.4573821281891801,0.07272629747215091,-0.12148577593536138,0.6401215461210805,0.10897644421857282,-0.13932782055795784,0.7613256525778802,0.11389396985589842,-0.15091825855867094,0.8646837359396666,0.10429758234953324,-0.16295837538428642,SPACE,right
0.0,0.0,0.0,0.19076054533005304,-0.05443669779151911,0.16462990812901163,0.3583880531837281,-0.040147679595164305,0.22988295566693148,0.4661739368236265,-0.012688300598909517,0.2561960034403783,0.5475177273564386,0.01451080556454713,0.2731580256133569,0.46298589218987457,-0.06657310889283378,0.14764643626087579,0.6702067104075748,-0.008916129931488246,0.1490627980679783,0.8103448840837812,0.00965330511950494,0.14535113289903526,0.9261549870939938,0.016757642534266474,0.13625150268527697,0.47003260059706914,-0.03735073853600194,0.04168873617643117,0.7177286216164503,0.02962964179412956,0.03043169748355782,0.8719876875547155,0.046195253762733986,0.018112618360543883,0.9991704437346323,0.040189339118706695,0.006575818453965252,0.451855360203425,0.023921096796721487,-0.05632317231036819,0.6983901715987331,0.08966557792842887,-0.06760968573608116,0.8442950152266233,0.10025820611447284,-0.0761323315487774,0.9637380270684155,0.09052336735603494,-0.08771532191703368,0.421416730137839,0.12783343826191218,-0.14265203937973706,0.6050083657916399,0.17181974538348202,-0.158941842984889,0.7197971161496716,0.1776822322393134,-0.16537473054922258,0.8203475340649917,0.17409574401968103,-0.17380153466043588,SPACE,right
0.0,0.0,0.0,0.18784232481040333,-0.022337822533646134,0.17532535444111624,0.35356024577378775,-0.0051042877199665,0.24586813342656733,0.46190222756120225,0.03359640632868117,0.27613987526941763,0.54109754885206,0.06832583325601906,0.2962311306989331,0.4638856410269714,-0.07387105112547131,0.14981142072725626,0.6672488422354839,-0.015353404023030854,0.1544227146595192,0.8029963509738283,0.0024419113226118103,0.15428958136077178,0.9156677108402128,0.009181154137147006,0.14659405680565968,0.4669096998389765,-0.048106946502038284,0.03856699065149762,0.7169775197886409,0.02022062421954354,0.026276931467363457,0.8713770109209392,0.034594869872087625,0.014122833488166122,0.9996498462823727,0.026359283104547125,0.0023179779642920075,0.44419861178692815,0.015512478647889114,-0.06338248732561898,0.6950827509735017,0.07918113198876173,-0.07730936576008189,0.8437138564373962,0.08775861336870996,-0.08986893722390803,0.9655683009582197,0.0738027108133356,-0.10487635635101879,0.41392317782975696,0.12383631357275912,-0.15202346172122308,0.5972083235207378,0.1616153786662207,-0.17649033111885126,0.712830575593762,0.1606257955023573,-0.1909116813933194,0.8149910410122911,0.15299890083697468,-0.2049229294663079,SPACE,right
0.0,0.0,0.0,0.18436202006142713,-0.006407222790648278,0.15894148880895917,0.34829583430207434,0.012036127427953444,0.22441399188755204,0.4520532445301171,0.0510490121901115,0.25273676340023443,0.5275505864415766,0.08349920294582369,0.2715550820987687,0.4705328649519092,-0.06965860885728886,0.13852581400665548,0.6709952955547607,-0.009483936578523769,0.13891536993899856,0.8057393890294111,0.008589399843074542,0.13501644335532473,0.9168243423762703,0.016781655392329505,0.125374209467585,0.4738285468630244,-0.04994378117087717,0.03579084829958353,0.7206981733071001,0.020009992098581852,0.023432846870174148,0.871945882685432,0.03524078363035623,0.009884936094241941,0.9995950626203494,0.028305189603841405,-0.002920107277189323,0.45156845526254036,0.012826567718171863,-0.059285338101147195,0.701780328016522,0.08028298837644665,-0.07368698990176592,0.8470073760801183,0.08916312708965751,-0.08939230055737547,0.9679903428079721,0.07258966458778963,-0.10613460109561328,0.4210450108179533,0.11981000567401454,-0.14247239000946701,0.6018635186143702,0.1649070486583504,-0.16869991991364336,0.715448325965737,0.16658529116353177,-0.1856395118373056,0.8161792426872448,0.15775113960449863,-0.2007695982359512,SPACE,right
0.0,0.0,0.0,0.18751631000303498,-0.062089261773232304,0.16002443604649552,0.3588695216020215,-0.07324678142250077,0.22271604923814672,0.4664815059914072,-0.08394278491622222,0.24625783494407802,0.5453169354922929,-0.09854267099073816,0.26055038926848234,0.4690603625696017,-0.06788078787735209,0.14668421702905632,0.6709804335751988,-0.01266005186554034,0.14548849803251643,0.8093555953846855,0.0019726342701975805,0.13856688923083882,0.9238716067782261,0.005804646128608588,0.126974756711533,0.47021531060768884,-0.04286736471869699,0.04100529882130768,0.7169012910521261,0.019960380785871507,0.02864038118311201,0.8692884460741088,0.030741760909538427,0.014311015723822465,0.9997998896763926,0.01999742556089869,0.0005325166753190847,0.4529189700884207,0.014984418556959573,-0.057671077639582714,0.7003434342641942,0.08001478464335275,-0.06891172494401064,0.8448240380578488,0.08625219863855496,-0.07998304193238008,0.9675504835998624,0.06945972494211754,-0.09394045680771035,0.428968268913358,0.11304078040469763,-0.14555007490282593,0.6104851583065868,0.16138864947051534,-0.1597739179225086,0.723996330177515,0.16541630404703866,-0.16736259796928837,0.8260396359375538,0.1600801199692947,-0.177632200667124,SPACE,right
0.0,0.0,0.0,0.17276090532848917,-0.04590296679993961,0.18368602343420673,0.3382064793159139,-0.04847157503318958,0.2651013234527044,0.4440444972913182,-0.04287580806678133,0.3048313023223368,0.5228612530023498,-0.0438992423840205,0.33566092480381327,0.4738330030075729,-0.07687068418893947,0.18062914339340713,0.6716782624521959,-0.02248634672510444,0.1975949630421018,0.8055286188452924,-0.008297625927774787,0.20367428888289296,0.9165585471748834,-0.005636620341504161,0.199908034845904,0.4807176557775328,-0.04822664568623605,0.06905935155243627,0.7234234527944727,0.01009880160081183,0.07373397274853795,0.8717219680071202,0.020212875491379144,0.07079778555697394,0.9979144165095747,0.009427202658814552,0.06385879087788021,0.46472995469881845,0.014210102002987324,-0.03455903895923801,0.70814314508687,0.06969604881724739,-0.033753017021570665,0.8490378451296823,0.07339308835980547,-0.037802879269040364,0.9687286889796065,0.057194152423410624,-0.048326936584945926,0.4408686246366659,0.12012801314417491,-0.12570147807244528,0.6214115252100604,0.15744833490877808,-0.13606085118573363,0.7347295289004554,0.1596456355973479,-0.14278503752997362,0.8374912304600508,0.15500629577687666,-0.15246916066949504,SPACE,right
0.0,0.0,0.0,0.17395502629989582,0.05647957365492036,0.1796977403166216,0.32918426849199783,0.11627465162193384,0.2550108496193907,0.429130695900664,0.202621213114871,0.2884339437906745,0.5052622703911086,0.28109798753664816,0.31368244446233323,0.4805920794026933,-0.06324444329811485,0.1858945231598712,0.6753446334886993,0.00016394214687525982,0.2027409888041729,0.8048373087095001,0.024038769313781648,0.2040823015955871,0.9151190476321269,0.037166925543145914,0.19503094897260362,0.4849211297168558,-0.05445398570717489,0.07364362190513078,0.7275169656471607,0.017261679212391176,0.07788409152303336,0.8738044985772664,0.03719644264986543,0.06684310142523764,0.9980040233357668,0.03553953652554013,0.05220067766966438,0.466156898167507,0.003681178022726591,-0.030875389573794734,0.7128826849469045,0.06800572181831664,-0.03147268796900425,0.855625156957882,0.08070296589098584,-0.03998419891357033,0.9722166004576653,0.0690382565323521,-0.05500020736389286,0.44326892000168805,0.11749500537808902,-0.12292095587120545,0.6295299477049326,0.16076463973725666,-0.13699417653497936,0.7450142176921605,0.16868274462005303,-0.1453674817351353,0.8465222316512233,0.16637458207740674,-0.15699765654892484,SPACE,right
0.0,0.0,0.0,0.17399460144516618,-0.0317363381673862,0.1720846803337562,0.3262393311954391,-0.02145238189685098,0.24503008812041074,0.4246113376028616,0.018784462132043916,0.27696675282941174,0.5010018432981534,0.06403416739824434,0.3008768209252238,0.4696784373426215,-0.08360133095640704,0.18041197606269618,0.6735120655352643,-0.024083092180977327,0.19812853772716638,0.8061430268528219,-0.0017791713187482515,0.203079142852108,0.9170062559247596,0.008869623909861356,0.19977659213836596,0.48064528060734946,-0.05679934202209008,0.07506937228982194,0.7280524199852284,0.008834646998021486,0.08541390443210908,0.8741660505800386,0.028743021494026313,0.0809137316987702,0.9968432897681023,0.03111121889195024,0.07304483351589117,0.46692986602843894,0.00928730033050235,-0.023262710961121813,0.7178406501072138,0.07265969711484023,-0.016463517033532323,0.8589129542119978,0.08706441732336093,-0.020599705464056216,0.9754750012975898,0.07971424255709646,-0.030159588496470206,0.4444589676216552,0.12199184055392501,-0.11013553288936986,0.6398964625460988,0.17195245212170698,-0.11133563166502454,0.7575440962305506,0.18499177043664897,-0.11120210776919434,0.8628232985367338,0.18521093427785834,-0.11505418437277694,SPACE,right
0.0,0.0,0.0,0.17040473635328213,0.030299473469228278,0.1563803315637161,0.3207627502755302,0.09022731890074846,0.22587587503211726,0.4148142754331818,0.18551032872778622,0.25616277093315626,0.49005351174392964,0.26833247590059806,0.27950159923187207,0.4668604760029458,-0.07153441642045823,0.1867009836024709,0.6751685071738881,-0.00834435639343612,0.20859418463876658,0.8062075550795482,0.01915043107090465,0.21378981497382582,0.9160823312271773,0.03672810761157224,0.20967000235408043,0.47828072919668246,-0.05584958570135207,0.0887129979503337,0.7262555062023133,0.01518280032417026,0.10240990827270717,0.8733575608027592,0.03565273670152266,0.09164704524935953,0.9960122185633044,0.04284254829208021,0.07825711806886987,0.4648104440894135,0.013091394243166394,-0.004321791459671873,0.7195287635876471,0.08022209797896086,0.0016364429588471277,0.8609229702980725,0.09716602593278521,-0.010701790499933226,0.9769441783831314,0.09187066866274048,-0.02632282021983426,0.4460835844090386,0.13372845815236542,-0.086988804703129,0.6483373148880439,0.18204079648966212,-0.09568607581961608,0.7682494819364882,0.19344326683388077,-0.10352200133270562,0.8766312136130264,0.19196880946178355,-0.1128289661576207,SPACE,right
0.0,0.0,0.0,0.16805137404378395,0.07812209858331023,0.14238616518127523,0.3089342610455265,0.15385340673801307,0.20861742016926332,0.39670946060224727,0.24726552964704782,0.23960501977152304,0.47283494266607695,0.30956287253624243,0.26507534501132535,0.4721506336401012,-0.05857261400606167,0.16969275758983357,0.6833830982394327,0.0032647863435341998,0.18538285617285807,0.8156157026266653,0.02926169850081696,0.18668951509557002,0.9232676535676567,0.04509591226695783,0.18153592768553764,0.4798157879933876,-0.05246322492618954,0.08079574749491306,0.729540241217521,0.0199666906432517,0.08831343693124083,0.8762743469627425,0.04289603477367513,0.07510901600866973,0.9967761396469415,0.05181482154401338,0.06125807456085344,0.46672818082843404,0.01417081913606875,-0.003756554495743584,0.7258731365139494,0.08770662853453762,-0.002629371623482741,0.8683836876514465,0.1061845485812206,-0.018426673491524884,0.98269762428786,0.1027113343541668,-0.03496044386705839,0.4512854261544498,0.1385856263964961,-0.07864526706940267,0.6566050193926563,0.19388872502301094,-0.09566040432390117,0.7809916275864898,0.20349304686569858,-0.10961237418227432,0.8890073640014898,0.1999445183614066,-0.12126824380071889,SPACE,right
0.0,0.0,0.0,0.1651655271490061,0.13312631486031262,0.1429545738952079,0.2964966791161415,0.2187105783503994,0.21018507451235838,0.3744662965582618,0.3147165845451612,0.2418281361601885,0.447066323187354,0.36108772348682006,0.26788229851861733,0.48691743603068594,-0.04444110338754648,0.17944954127786264,0.6877690078019862,0.013146498781068992,0.19599296700324842,0.8096778226179616,0.04475128458726281,0.19292247553112613,0.9096973488932869,0.06659598998054411,0.1837036569916462,0.49010962394286406,-0.04840330100776692,0.0882363314270463,0.7392005067728891,0.015451171015395828,0.09759814436360996,0.8815994250743038,0.03648905968362113,0.08045602140197504,0.9969927066672684,0.04540430673418649,0.06280120844587168,0.4725609713663781,0.014183488964633163,0.0004664936444411726,0.7292455046924111,0.08285536014417018,0.0008644735237814084,0.8696848381443644,0.09839794389196152,-0.017944212128368782,0.9819913415921855,0.09462911271323554,-0.037046997257524666,0.4502915164528167,0.1424856653555972,-0.07772196141147154,0.6556700057110076,0.1939757445085077,-0.09642511014133065,0.7784865541437572,0.19891393288972975,-0.11093452696964902,0.885303455166738,0.1953255079352399,-0.12321027195385419,SPACE,right
0.0,0.0,0.0,0.17090731073460785,0.13178384649515001,0.12233206637110122,0.3056394029019051,0.21414215019776883,0.1792769255012668,0.38393602818533795,0.27976212148729146,0.20429921265118664,0.45318610946315246,0.3083055156734079,0.22583785949644042,0.48421468899182635,-0.03214606739691451,0.15947217730163646,0.6855873488039133,0.021931303368444257,0.16842494662946028,0.8085912539426778,0.05026521171885284,0.16441435626648046,0.9056648159745057,0.06876260394183865,0.15710632684232181,0.4937569931341734,-0.04424430580491636,0.07732636842093651,0.7410117100417066,0.009638074026052053,0.07463131437883436,0.8850596235182648,0.02563009157964535,0.05906293835697709,0.998557116651278,0.02626200025374931,0.04684006968139698,0.4807366029090193,0.0046587303067882925,-0.003347850726328914,0.7356228853602231,0.06933963906095489,-0.01335154084303549,0.8746458997133768,0.08111260498105778,-0.031348453188824496,0.9842692853525866,0.07353021856685732,-0.045263429034875236,0.4579644227058103,0.11456390372994454,-0.07591371213046595,0.660092715528247,0.17696203808495184,-0.09788369553133228,0.7828458933858884,0.19044022561005075,-0.11093843565283779,0.8858642630997358,0.19012306336455564,-0.11946952630014566,SPACE,right
0.0,0.0,0.0,0.1739464861212765,0.1406512688911045,0.13925504853988327,0.31681032625295596,0.22181414343304243,0.20757771548258536,0.3996864704114861,0.2801884990311143,0.24065530663829457,0.4634489073369603,0.30155647211930825,0.2694103335407278,0.4733696412260388,-0.03225285186609486,0.18791241606554718,0.6747715141617197,0.03133160763440554,0.2092918250216817,0.7950449709146057,0.06951749977774997,0.21328809015034747,0.8876485375674218,0.0986346409618277,0.21062372674845828,0.48494368718680064,-0.049591781311488205,0.0998311321619526,0.734497843480769,0.00208697052149855,0.1031638262076584,0.8817311758435823,0.022710643052202707,0.08925849995907383,0.9964196217465635,0.029347839898540413,0.07928834524521812,0.4752100621878689,-0.000955185715445221,0.01409629695435198,0.7377567427967225,0.061857061956659534,0.006020580045357197,0.8794593362252813,0.07880144318986501,-0.011695914083064354,0.9913876675609046,0.07393695662964127,-0.023845975935880778,0.45690716014544885,0.11605248004965861,-0.061658937103280985,0.6684949240438139,0.1778998936657581,-0.08037850531716384,0.7937315905558685,0.19459255658542363,-0.09086415169968089,0.8983823164404805,0.1957338174402413,-0.0972282122086238,SPACE,right
0.0,0.0,0.0,0.1612728129830634,0.015168300114565665,0.15174638397645582,0.28631201722128424,0.06763584972846559,0.21562380991843558,0.3493483791441512,0.13431084309271824,0.24367839798603888,0.4122308200032533,0.17381794397031988,0.2652734450997299,0.47978159209918103,-0.0607403944251854,0.16833341872402283,0.6824071697024524,0.021866861468258312,0.18582094161261298,0.8001815254471395,0.059748458680922927,0.19242661208180004,0.8942744353610115,0.08610724551935704,0.19205815214108712,0.49203294481244975,-0.03996895088280699,0.07392054529033225,0.7400757407095577,0.030510922561923125,0.07932210139150737,0.8805941256767503,0.05063195628494091,0.07398323578563468,0.9961318078248,0.055839401907542,0.06784823235946381,0.47722874223958167,0.025779911681533877,-0.015936403286882016,0.7342663274297961,0.09771652254869741,-0.015804045984667753,0.8686464480232952,0.11265632845016148,-0.023825008372707863,0.9796946355906702,0.10605847123294218,-0.033033308340506926,0.45108317036595663,0.1431517981359706,-0.0949059677708174,0.6526176707388858,0.19484705119981285,-0.10804574149151462,0.7696995987314078,0.20585939577881637,-0.1150069040734959,0.8723358656024713,0.20352149716224116,-0.12042375570057179,SPACE,right
0.0,0.0,0.0,0.16881830524421526,-0.06285977405328387,0.1354908979439328,0.32551338995010226,-0.07195724748481984,0.1939377389672353,0.41999159337626063,-0.055411479303340866,0.2177992902913028,0.49695611395820405,-0.022410900233223136,0.2350419326118865,0.4660881040531053,-0.07014333407055653,0.14613188742049646,0.6611358588896951,-0.008667192239902541,0.14833916060371224,0.7928441118993537,0.01633272056267872,0.14313985686532868,0.8991015899741357,0.03255346685497696,0.13517414985452023,0.47858875811340146,-0.035488082254177655,0.05740472699684139,0.7216883001970857,0.0248486952131422,0.05411880758561267,0.8708840738382535,0.04264632527258991,0.042008074053390417,0.9985021265134998,0.0448962755652819,0.03127023806089723,0.4687581322744755,0.03662203976021928,-0.027383777709499194,0.715343265956943,0.09283085609945482,-0.033170191478534526,0.8545478649805474,0.10151723396200822,-0.0462720831643435,0.9724620041337391,0.09026783132805105,-0.05876711234890789,0.4504511239336474,0.14653978580728308,-0.10352699012815632,0.6343556947198652,0.19000673248507574,-0.11494742822767715,0.7475693563235957,0.19426785927583218,-0.12271287440114526,0.8500458714181469,0.18711266851556893,-0.12989327899390365,SPACE,right
0.0,0.0,0.0,0.19374351645982918,-0.067766229714423,0.13727472293462895,0.3626216388363913,-0.08138974433109075,0.19009816861972656,0.4701274451157563,-0.08745171050670704,0.20876411634740072,0.5535505291594337,-0.09068732062759424,0.21919115905363815,0.4743890074295762,-0.05768579684722301,0.120386562032089,0.6696065220031082,-0.00493543224536791,0.10708834482481167,0.8051221716282889,0.00766323851707043,0.09362036707282691,0.9162811546349734,0.012666648869568193,0.07911255403113242,0.4710036792221978,-0.03314255988035396,0.02370081276544874,0.7153114545533705,0.02494353196184294,-0.0019557491660331604,0.8684452562046839,0.0343666276164843,-0.0223285498614428,0.9989826178213062,0.024305867761266173,-0.03798623544472449,0.4486842315017492,0.02305954088951315,-0.06768037840057864,0.6883383697028437,0.08215320497448118,-0.09232562870892178,0.8326806440372249,0.0871725015150582,-0.10873938601090587,0.9571758972133299,0.07147491573846117,-0.12303560449444438,0.4174262168630766,0.11688022739262402,-0.14956305636991943,0.5984529321270177,0.16243183975560982,-0.17885020234520374,0.7144020626473916,0.1604859664390178,-0.19461171386554704,0.8181874529847762,0.15090659502722464,-0.20781514502331078,SPACE,right
0.0,0.0,0.0,0.20336731210783585,-0.07727842185419545,0.12665180622618782,0.3799690510374797,-0.08670109621319037,0.17021496316477824,0.4949947811000283,-0.09650636504214288,0.18062523603565075,0.58945985604167,-0.10527122222615772,0.18424998840899337,0.47455848097576847,-0.060742603946469936,0.11463378741990785,0.6781892218777157,-0.015247922836228337,0.10016475804807344,0.8165266075446617,-0.009930850392334397,0.08681035350558511,0.9277346958209158,-0.010949655592482866,0.07385063808869374,0.47188645251973915,-0.033332894529954755,0.022659324048182515,0.7176151338382305,0.01751575037751085,-0.0017057555704846567,0.8745179279537794,0.02399787251685147,-0.019838922344030042,0.9993418504987338,0.014460844397662072,-0.03326784966108818,0.4503809636079184,0.02106637802077693,-0.06497731530260137,0.6966984913103815,0.08279438681169496,-0.08573166182240209,0.843084419188243,0.08588835422448146,-0.09921542197976388,0.9597709206096555,0.06804029861313815,-0.11181151932935368,0.4185891086532577,0.11010304599952345,-0.14436121561743195,0.5965018587197846,0.16051003253118842,-0.16703609438391465,0.7132091174244009,0.15665880168661905,-0.17885882961332786,0.8133479126758895,0.13955876308090429,-0.18942874486229364,SPACE,right
0.0,0.0,0.0,0.20692123476663335,-0.07390603565805391,0.11027503448805599,0.39517920719503424,-0.08585708574055384,0.14452375655423905,0.5235709682565192,-0.08515498249342664,0.14757064061060712,0.6293300068843859,-0.09141526510250689,0.14405552129762592,0.4673463025226843,-0.0693670604270076,0.09662119893398251,0.6800029229516071,-0.016380233394646237,0.07563909985075236,0.821403613818161,-0.00880712390083084,0.05748747321267336,0.934447205006585,-0.010485079545137624,0.041526311651328494,0.46377713967198364,-0.03778654015210457,0.009471534369158353,0.7123168181736967,0.020475851906159328,-0.018496396734415468,0.8709175285906585,0.02857395576639189,-0.043182772079189774,0.9978884244017827,0.020567426354931296,-0.06160903682141161,0.4420881211588485,0.024611899562608976,-0.0740410232443105,0.6934386481397291,0.08881299204336135,-0.09760516254803797,0.8417247633576714,0.09331124587059204,-0.11514052480726018,0.9609094929521458,0.07791641199650799,-0.13061580293780536,0.4098369641761303,0.12495060759981237,-0.15060152452632866,0.5920244274275869,0.17179853687752952,-0.1742083701587587,0.7081914866761458,0.17059462513505722,-0.18601878283316456,0.8097330348399318,0.15784999477628445,-0.19637524411660942,SPACE,right
0.0,0.0,0.0,0.19160788965363829,-0.06922317068711771,0.08038536477178826,0.3858559994100158,-0.08037273849826711,0.10150874618474882,0.5202826834415533,-0.06507790829537514,0.09641647323705467,0.6296205969507002,-0.055206771152170236,0.08583204187940195,0.45506063497215676,-0.06954408468605033,0.06416282938081447,0.6703177173431427,-0.011632072607086796,0.03313014991075903,0.8155203089535854,-0.003959122413252625,0.008444703214907236,0.930681209438142,-0.006735743289424492,-0.010951963855663794,0.45418337145065063,-0.04222636679411492,-0.010890837379676629,0.7042639114182542,0.016968709734037298,-0.045360912928693674,0.8656721177237976,0.02416980296968667,-0.07590961181742875,0.9950789378015245,0.016520909001886155,-0.09769834752717783,0.4338839589129449,0.022670429668375666,-0.08378081020803058,0.6879764661182028,0.08437859308832282,-0.11279454749282723,0.8373302355858062,0.08917702145331535,-0.1347290316437582,0.9567270036740929,0.07540226868069778,-0.15198117843852715,0.40221876830305775,0.12615558169284177,-0.15215458784248187,0.5845241449268073,0.17421124529214568,-0.17776670451996732,0.7022601460989587,0.1755966472930677,-0.19060051625063001,0.8055729608975771,0.16594734010304205,-0.2007617576770482,SPACE,right
0.0,0.0,0.0,0.18385866568428108,-0.06031057937618418,0.07955002287622903,0.37066204877615994,-0.06127659814807876,0.09655413972381464,0.5006792308549128,-0.024644907917753065,0.08759314784488642,0.602713572251216,0.016792825087395505,0.07245187198039743,0.43035952426306245,-0.08599962239862083,0.04718537520909825,0.6569002684291902,-0.02149520967506961,0.012991204485440399,0.8083482589315532,-0.005406822967837565,-0.010807495958525648,0.9290667152536422,-0.0037445153568592894,-0.02905806632435207,0.43414717255685614,-0.05718751621898094,-0.028854473768558583,0.6931240840669383,0.00803385735029534,-0.06642385504052407,0.8601122555619477,0.018487532093398228,-0.0962226706333213,0.9931077967514143,0.010802316085881303,-0.116705672521657,0.4176169217076649,0.012177600835416002,-0.10126401277220112,0.6816618539228902,0.07203717268208808,-0.1316931506444272,0.8359799736550416,0.07715627709595087,-0.15381317917408063,0.9589288202321572,0.06340164067695223,-0.17129603186777903,0.39095917652785617,0.11964679167009937,-0.16879059460131024,0.5759632005801104,0.16429156785943172,-0.19714597863421746,0.6946838267218882,0.16811072108642403,-0.21095751276380353,0.7984422929797992,0.1613903312350339,-0.22123994775958394,SPACE,right
0.0,0.0,0.0,0.18938249855664627,-0.0697876718146996,0.08909797342592884,0.3737223269143366,-0.06989154202261413,0.10626518782677843,0.5001170773918124,-0.03277323524767976,0.09555562074557138,0.5981099792588987,0.013178309198976876,0.07682056574286078,0.43611088490310906,-0.0772843005012119,0.04798103602991751,0.6618451757653854,-0.02323207146484592,0.014648693135091677,0.811775664147289,-0.011433865659364441,-0.0076585612508421625,0.9291831590826072,-0.011232182683958687,-0.02503178525942856,0.43806902699667183,-0.04811405067777977,-0.03474615708256348,0.6966111103077315,0.011224635709005051,-0.07289560344570485,0.8634684704876232,0.017696166731748973,-0.10162860661415452,0.9925549091636949,0.0045973986766913505,-0.12171120006169131,0.4176001413878774,0.014613426067792208,-0.11268380156394144,0.6807802380171551,0.07277657180324601,-0.14252190901961945,0.8339033947113533,0.07981849524880166,-0.1608909481498664,0.9534727007616804,0.06640493889633575,-0.17691049481428364,0.3838113414974233,0.10891307671809339,-0.18476381736965733,0.5684245490925789,0.15049671010803045,-0.2135611001594843,0.689777920301025,0.1559049120807277,-0.2252810557509728,0.7934774275583835,0.15086968955442337,-0.23451356315354818,SPACE,right
0.0,0.0,0.0,0.1920472325372831,-0.06591227501827454,0.08965300701605924,0.37206244049156656,-0.0583270261503867,0.10771500628197193,0.4998992205476996,-0.010201753090001865,0.09683137893309109,0.5973472782225184,0.047358514524892786,0.07914344436757245,0.4269212439308159,-0.08424677425390867,0.05908946464722717,0.6592971098023441,-0.02267381372686137,0.03019738260528528,0.8120459241188672,-0.006914448664709636,0.010868123680657293,0.9330155788098229,-0.005267920729170835,-0.00417429402422143,0.43292252444890056,-0.05379236430757207,-0.02265502550321137,0.6981900006439565,0.011922948918192872,-0.054020492525474854,0.8663982976213309,0.02294251723785168,-0.07889058916034661,0.9952320958494861,0.013121671302933707,-0.09664831676370154,0.41806754901085924,0.011871488613797433,-0.10015995280026273,0.6848227325157316,0.07783936094133058,-0.12231197417593798,0.8383136851436831,0.08762892708338073,-0.13675401850966498,0.9566752105248088,0.07443854113869547,-0.15065419088323587,0.39219280344804386,0.11200900305990268,-0.172590860975272,0.5823253090515861,0.1587944919599686,-0.19245737635634536,0.7029841838650164,0.16522218668663194,-0.19869778332321267,0.8051373278025006,0.15683678053667383,-0.2046005451065834,SPACE,right
0.0,0.0,0.0,0.19513277866017892,-0.06343260511899984,0.08401659878732642,0.37887661322761257,-0.05757170134889551,0.1023297669156188,0.5107850206714998,-0.016246699166370365,0.09285023576663355,0.6102421945579709,0.03013258531039549,0.07728260833578325,0.43984325238334737,-0.07804140478197902,0.061872639092030016,0.6646402454712632,-0.010728915140429961,0.03208736604607219,0.8140144010034945,0.010513429310761798,0.009820341312138183,0.9329476607305744,0.0174742432027829,-0.007623100625869131,0.44431447975000515,-0.045743083284461916,-0.016612387753122897,0.7003013890990826,0.02356171789090851,-0.04793069387741637,0.8658604988195677,0.03795948647935209,-0.07505655580845152,0.9949802295504706,0.03178540306353293,-0.09488957242912217,0.4274015356939252,0.02082380466664398,-0.0918950834390394,0.6820442485814908,0.08566369801170744,-0.1141900386135384,0.8327832167675916,0.09510529251778327,-0.12984481219166946,0.9505435291083719,0.08382709570961264,-0.1449381312246627,0.3984311234783458,0.12036251093193656,-0.16293268723695506,0.5786781824646307,0.16360865216511863,-0.18328316122089464,0.6960255493645181,0.17081168041760328,-0.19045495438797305,0.7962021144054198,0.16744720070399594,-0.19722491310225082,SPACE,right
0.0,0.0,0.0,0.19847202958311183,-0.06746916696262885,0.09171985063960737,0.3838903552596119,-0.06733131691531898,0.11192353771968984,0.5151091618762248,-0.03931856429680856,0.10279558948235092,0.6185057608938505,-0.0054681572665694,0.08633710533612414,0.44762113011354365,-0.06867472253692368,0.06499638590623866,0.6665599922942279,-0.003752198191416986,0.035064271619832665,0.8144311478598402,0.01239722994277906,0.013008687256748528,0.9331651454898555,0.016774706674478522,-0.005075015634158916,0.44769321683553137,-0.04209822408105772,-0.01938353956225181,0.6982516970927789,0.026925233781973274,-0.05318887263063405,0.8641005855484982,0.03860623366242978,-0.08049405692287946,0.9943830025088817,0.03217070209596946,-0.10083397367987625,0.4252061643932472,0.016969888851556418,-0.10043996678576622,0.6783554456543316,0.08271340086414561,-0.1262663259646904,0.8298431625528839,0.09324965516824138,-0.14340767108208569,0.9497247512877596,0.08502734248397403,-0.16003879713102614,0.3918704818515871,0.10697247983201706,-0.17637520020037786,0.5724170519570274,0.15009994211034408,-0.203217123231282,0.6925407213942508,0.1593133418319983,-0.215363287978951,0.7956665736446447,0.15976883717180967,-0.22604851096949363,SPACE,right
0.0,0.0,0.0,0.19258236934263406,-0.0454880164457714,0.0922689792659542,0.37456831395890006,-0.032183142936466264,0.11765141090932421,0.49598895921196007,0.016384350158847198,0.11316516352483437,0.5880619012926381,0.06989476501518481,0.10213836150010634,0.44385009066663644,-0.07966356263292264,0.07986232515175502,0.6621378607550807,-0.007458916914184672,0.05408679658734335,0.808173664044893,0.019894415849456618,0.03338241365409281,0.9249884272837948,0.035114317725924986,0.016251002779170118,0.44913103575355434,-0.05464327932326759,-0.0010558216671178106,0.7011161140485126,0.01643921201128776,-0.030815055222575445,0.8637348411742328,0.03758200822016375,-0.05904189495824874,0.9959737628677133,0.04145534243171425,-0.07948407553087154,0.43233369168958186,0.011691694617123626,-0.07932750887479055,0.6873060087785845,0.07646704007907014,-0.10372455143171416,0.838128891196791,0.09213239396858178,-0.12407653644140398,0.960901629753426,0.08821009937875764,-0.1412953851012563,0.4053664683376388,0.11782194816338822,-0.15243292856194285,0.5867196437793414,0.15940941804450612,-0.17563906865888523,0.7040532995986969,0.1646180154296,-0.18672614905111673,0.8076316027140062,0.16037310691865128,-0.1961266646270356,SPACE,right
0.0,0.0,0.0,0.19894371898656948,-0.024686907981956687,0.09615401669033988,0.3892842517933943,0.0009926194251078419,0.12196191210567789,0.5191274369867728,0.04517301656763585,0.11841042982038412,0.6250513786465827,0.08623758603062959,0.10891218250423636,0.46231758444648263,-0.045160717836304265,0.07823976848773116,0.6714582933867225,0.01700266064597879,0.05376787167869591,0.8124726398618817,0.03913299780404317,0.033044764443882324,0.9266692672485619,0.04676894466788246,0.015004396594821683,0.4651694366289816,-0.020657396371133684,-0.006749797666599164,0.7059954789054471,0.047192244638986115,-0.03492431401846449,0.8671753843051249,0.0607671370562021,-0.06095992114319845,0.9953467246839462,0.050914287966519346,-0.08180851387112967,0.444067944250129,0.028170803148250937,-0.08856062917882146,0.6819409493272311,0.09388694969228514,-0.10781622174311285,0.8301399910330087,0.10349896726116566,-0.12300349181373144,0.9497837265264505,0.08987756327818656,-0.1408135781474602,0.4104144784809034,0.10138828135136775,-0.16514531833472404,0.5750763783338515,0.13190545882438925,-0.18537907931480865,0.686293693958778,0.1340769675509543,-0.19381227746138727,0.7807754550209183,0.1269984886363815,-0.20382521969584658,SPACE,right
0.0,0.0,0.0,0.18903539685407877,0.020037657105170043,0.08554742631983486,0.38343183105559914,0.04901648744914367,0.10837441440273339,0.5172079851290897,0.09911213386335987,0.10371363035319321,0.6235361415384282,0.138555683200471,0.09344754514142829,0.45339290866941273,-0.02211107657011006,0.06541480785235779,0.6619204263737029,0.04816588348031801,0.03503904208439778,0.8094047909407129,0.07429934291959876,0.009199235621538591,0.9296086414643024,0.08096167479400157,-0.012843841391295983,0.451930665621562,-0.009640949416583737,-0.014907357902811034,0.6920593815215004,0.07143639086134844,-0.0491397958542061,0.8546106790217628,0.09497524216509788,-0.07979531305323777,0.9904528499692219,0.0910863372643831,-0.10347188580288483,0.42958004583423165,0.03580309389587928,-0.09237864779916116,0.6721283679925144,0.1108320546881123,-0.11788214240930663,0.8209911181315255,0.13194748277254773,-0.13646731574183263,0.9446224839404306,0.12617346181473194,-0.15488207044197236,0.39794472632082384,0.11505592683029012,-0.16549129899909565,0.5637575591369615,0.15844667647201705,-0.18978232294484582,0.6769388954691883,0.16873835990119437,-0.20107948642583187,0.7768720229374876,0.16765041035934308,-0.21237199437108972,SPACE,right
0.0,0.0,0.0,0.20217829097497492,-0.0020884918678670135,0.09521305545644215,0.39759672962581105,0.027478052775892735,0.1178961385491573,0.5300670603857669,0.07656206551509673,0.11219105737553396,0.6397822189713149,0.11061495551421115,0.09987729878985008,0.4611615143950246,-0.021786280471557066,0.06136735573756953,0.6725690134392348,0.05179700580652311,0.03402072146293004,0.8143494437113773,0.07431010552293212,0.012860090447566195,0.9332232711019202,0.0786192600984885,-0.006187622147437849,0.4518899346175767,-0.007344268924628371,-0.024408237230135653,0.6952861473755881,0.07216816752311507,-0.05638040889964846,0.8565456463826072,0.08745592799590161,-0.08369200300543135,0.9914403129476836,0.07604397508286044,-0.10612925947068773,0.4217242877244582,0.035318744781966845,-0.10551148417804353,0.6644348492041198,0.11032124253682812,-0.1279657735885047,0.8138513353915368,0.12707540116145075,-0.14454793256945594,0.9385872645384632,0.11775651433477681,-0.1636164351003943,0.38274833487738846,0.10736677888236541,-0.18103198960789849,0.549040196479684,0.148073471560916,-0.202830488057818,0.6599418832693569,0.1569438442262255,-0.21290482813528444,0.7571440263991905,0.15454550924205362,-0.22480589139887955,SPACE,right
0.0,0.0,0.0,0.19241577489721828,-0.021459475294276237,0.07319004655290234,0.38539206893494266,0.0063496627362241605,0.09137999936915117,0.5175966229775677,0.05824914908139445,0.08483811200779577,0.6252636873002554,0.10022693707675166,0.07462296118693677,0.4563140462203252,-0.03629004740778527,0.06391492375169425,0.6681189425319322,0.03477307878843375,0.033453236374663436,0.8147878203860309,0.06030345173134932,0.0088971695057974,0.9329502234425542,0.07168708591217332,-0.01042183426831061,0.4554995099965988,-0.015451474452333297,-0.007239113633105505,0.6949744336792897,0.0560131872736301,-0.04058186342089799,0.8562340069329036,0.07764209221719567,-0.06971035920700287,0.9927811830165996,0.07898861206154784,-0.0902569765322955,0.4354869384291108,0.032557499494869614,-0.07673257325455787,0.6761539844110872,0.09657591922063691,-0.10172525388048767,0.8227581477826003,0.11545140127718,-0.11727804375985137,0.9468471490149792,0.11038609171699733,-0.1312213315901624,0.4044069164323298,0.11124750772338421,-0.1428841982536098,0.5707301431668477,0.15022498962846875,-0.1623521745198106,0.6780323604853513,0.15658815578035054,-0.16761360208381354,0.7730832854716704,0.15015441517305048,-0.173063313122741,SPACE,right
0.0,0.0,0.0,0.18895361455618123,-0.008663223670375397,0.07279101395826239,0.38564522038567434,0.017391887781418366,0.09240722913468409,0.51441183015025,0.07465636339308553,0.08707701151251253,0.6123221814660544,0.12419477697843748,0.07825951711579776,0.4580313458246007,-0.028420238044920925,0.06386792016295476,0.6714313958332903,0.03622128390950106,0.03634651253522642,0.8162001020206068,0.05822808610049716,0.013771357347742989,0.9324864017443681,0.06555414343323183,-0.004849052751960726,0.45866407308530527,-0.009164388378487886,-0.006416045086439113,0.6991703716240114,0.05700707654504138,-0.0365226962817217,0.8591970618899779,0.08044293435911558,-0.0643602672988706,0.9929650936668242,0.08306764136689077,-0.08438062406131347,0.43765932764203136,0.043406644294800456,-0.07498179189577772,0.6790406194061636,0.10146703926608697,-0.09849196891864131,0.8251594436850029,0.12235508259017036,-0.1158394969430134,0.947131699697268,0.12048266798156945,-0.1311944828415279,0.40477168884753756,0.13111755759555824,-0.14019882332977374,0.5708051298955301,0.17351423775605584,-0.15839608013861095,0.6792886114094433,0.18312443913659154,-0.16484814971102366,0.7748237473975177,0.18109987550343853,-0.17149899462196408,SPACE,right
0.0,0.0,0.0,0.18952483592402763,-0.01902836055343218,0.06470230785932435,0.3893588178347054,0.010749531865602062,0.08078229205044773,0.5222632306559705,0.06585362228443098,0.07304996236602855,0.6288190121217307,0.11175311553758142,0.06260151462532317,0.45992985649337936,-0.026944944353885874,0.06204043515873622,0.6682956139529,0.03651803200844726,0.03022383069595936,0.8157402129177403,0.055617649197248945,0.0028461444494823837,0.9343458888718515,0.05806961557050142,-0.01918179597448998,0.45920735395546947,-0.008608142221808682,-0.006163471180741665,0.6945380700827946,0.05489685000520448,-0.039801438647831935,0.8557305154728184,0.07338070766366175,-0.07132295396471497,0.9930253022621685,0.07093725801973631,-0.09417353392418856,0.4380387393221542,0.041872215845374636,-0.07390918746296742,0.6771339917575162,0.09830974218583918,-0.10005032556444593,0.823492565787671,0.11816308992008318,-0.11802270039725664,0.9459730696946043,0.11483446820810156,-0.1335994878306412,0.40577793641331256,0.12379378356916151,-0.13939010081602068,0.5673923857414909,0.16202481373625247,-0.15866449725948054,0.6779755865605157,0.16914167665289787,-0.16580983798981322,0.7751815606255715,0.16517004187672532,-0.17323605335607695,SPACE,right
0.0,0.0,0.0,0.1782033268557308,-0.004566074995323344,0.07205445003059492,0.3694137845827256,0.02933885203430142,0.09068828637033313,0.49526268738425794,0.07362983727272672,0.08571711992898509,0.5972266610625695,0.10566516981394745,0.07716728607052482,0.451015184446946,-0.01142761100291219,0.05820377064357623,0.6595924154548437,0.05722328610312209,0.02706559462534868,0.8060116247914009,0.08072915357145395,0.002447564999392032,0.9233080934639745,0.08491269988455709,-0.017320005924378573,0.4557424762131749,0.006380485965370839,-0.01270684052690727,0.6946625525867298,0.07190470225646023,-0.046292157745965484,0.8550362580128291,0.09098953203949482,-0.07484330839356894,0.9917629590663182,0.08527962694378645,-0.09556996522103171,0.44165291051718425,0.0433774235366275,-0.0816975130829468,0.6840140115170554,0.09679160227842695,-0.10676804818015137,0.8295338161800844,0.11390022648262002,-0.12183786168176529,0.9516774779807609,0.10668303125462855,-0.13603133888180785,0.41603201191728667,0.09989141363155428,-0.14723994029624252,0.5780084951867519,0.12076060681443176,-0.1663353517356112,0.6835625756666256,0.12569476454476156,-0.17148601809980712,0.7757161621326047,0.12221675829357816,-0.17749009685308959,SPACE,right
0.0,0.0,0.0,0.18278275435834038,0.0027066542604875514,0.06782474979671786,0.3658711226190532,0.03809650701542658,0.087243775068991,0.4864805672400482,0.08495918273585791,0.08330892196976207,0.5849008418552326,0.12008195680404857,0.07629538304035954,0.4624252553114581,-0.0010786896127383855,0.06717089704132535,0.6655304449033584,0.07604569093727498,0.03719162708928514,0.8139860291837775,0.10353819588716424,0.01024528471468317,0.9333756860179028,0.11018581700705186,-0.011237629042540819,0.4677890609015931,0.01877791414887366,0.0012195007709230573,0.6942778639712823,0.09258885900468816,-0.03051881797068315,0.852119737503518,0.11423675744334831,-0.05951309168460749,0.9906479091773377,0.11032899015433206,-0.08027598628540515,0.456413909886471,0.054584243657288214,-0.06394171891874827,0.6927868475513664,0.10764041780271427,-0.08711800645218862,0.835455924568728,0.12356969024276246,-0.10089477214835096,0.9564258216681758,0.11637753688363318,-0.11335372610289998,0.4339099368114854,0.10836902980274477,-0.12664680073679635,0.591354304773322,0.12457101299951713,-0.14505183109486922,0.6966750508078351,0.12610916095238867,-0.14961575306261513,0.7890869442453881,0.121254316633227,-0.15382960668092613,SPACE,right
0.0,0.0,0.0,0.17832923843913523,0.022215999846350865,0.07590760753461126,0.36991070550395033,0.059504426154703034,0.10716328619910538,0.4970307871878183,0.09144198578774945,0.1147972236534402,0.6063107909966684,0.10762831786797403,0.12125880713465531,0.45442049060930045,0.016448725779197215,0.0891264625655773,0.6681041902041244,0.07451378939678217,0.0723396335528118,0.8195902838728455,0.08180725676617287,0.05571816723575302,0.9403831281247232,0.06858299461867455,0.04215804491676438,0.4685325497950498,0.029087672513649052,0.024779119313213447,0.7067202715871697,0.08546302211804299,0.009189967231292577,0.8654906425078054,0.08676643429663539,-0.007479487244990107,0.9978424362403925,0.062353362572292535,-0.02055554946398904,0.4687120739864363,0.049052727379561845,-0.03933695334545577,0.7118583395078134,0.09152754895045793,-0.04702568241882708,0.8568272138332713,0.09403550031962403,-0.0522406135903229,0.9740466868899611,0.07287002597097164,-0.06093058764189869,0.46183073585075807,0.07819363919445173,-0.10101193818632657,0.631982750364935,0.09204314623092713,-0.1054297702623567,0.7412153775336929,0.09390113446411147,-0.10287621491584424,0.8341761094595177,0.08607178817568364,-0.10400462863978137,SPACE,right
0.0,0.0,0.0,0.17759036147330848,-0.007390547510624197,0.06671316417236549,0.3647075147019812,0.026281411439149183,0.09040112428779708,0.4922895622593068,0.07023611711450477,0.09194003963186723,0.5950135235260631,0.09985327998882709,0.09136127387851552,0.45107454545690184,-0.02349287527849075,0.07217601571069915,0.6574680006978134,0.0473473147251597,0.04740296061107138,0.8075182299484018,0.06987015511978054,0.025106745715651295,0.9282242757009902,0.0740440066424423,0.00754471379150106,0.45910434846904,-5.968478883914641e-06,0.009874850159062917,0.6918747108112434,0.06717899940407017,-0.015684505404779326,0.8544885881124722,0.08523993063726346,-0.04086590434373897,0.995073595179341,0.08009698662213448,-0.05842099717494337,0.4485462663886288,0.04650261789785199,-0.05168658967846532,0.6849272443251331,0.09945998864342387,-0.07088929681209773,0.8319117172774286,0.11651978607645737,-0.0842152560666358,0.9531747163490264,0.10937991467895758,-0.09574949857503463,0.42500988404037904,0.11512379027855649,-0.11070792024522881,0.5830817489109488,0.14371217587157248,-0.12344631318503453,0.6870506092207026,0.1533305366582347,-0.1248632870082231,0.77565660488326,0.15281693334375046,-0.12705043020528736,SPACE,right
0.0,0.0,0.0,0.18296998829700722,-0.016306136308702392,0.08398209453346539,0.3727761819165696,0.01672881731424687,0.11674789314533607,0.4948745396381988,0.04637882440445731,0.124829659721109,0.5964367705516963,0.05539220265662477,0.13074136961068505,0.4476001022076969,-0.021133732232825535,0.09136119170529294,0.6572549696681341,0.043943876489898594,0.07431385292599506,0.8092552256435488,0.0673697547023773,0.05817000374104721,0.9309301072486373,0.0745155762468268,0.04511833625061816,0.45509752183463653,0.0041950056155994645,0.022921468559028334,0.6916953614878486,0.06531486984397031,0.007260230628597581,0.8557552249638168,0.08393795959540523,-0.012161530725400235,0.996384121516931,0.0805272514663917,-0.02709324934743493,0.4469089917298578,0.048738713840981045,-0.04393817522961403,0.6871441461459814,0.10447885706951376,-0.053131377772444505,0.8373444298483494,0.12088199691974441,-0.06452029920887208,0.9612957142353677,0.11347283461337557,-0.0774460211175136,0.4293758401319224,0.11575607534987205,-0.10706005937403645,0.5903670522294137,0.1460949666071324,-0.11332357606273914,0.6933953087975817,0.15917931315950254,-0.11441331543848968,0.7812547558259165,0.16054849429484414,-0.11827193940828748,SPACE,right
0.0,0.0,0.0,0.18355856292562495,-0.010119099880384891,0.08638995113777849,0.3656926733201423,0.03223285395213973,0.11960246856628477,0.48134957954425517,0.07055196898930834,0.12723855330065817,0.5854658713547378,0.09250595950163464,0.13281563751968778,0.45114457935985197,-0.01804978838012846,0.10055765177502364,0.6619902341605758,0.053295598842683804,0.0889558952437195,0.811695359394311,0.07581813164403013,0.07565168805926041,0.933072785672276,0.08172557188619964,0.06416964501517466,0.46561080440150643,0.006543953508759532,0.032827532957143156,0.7010754519916641,0.07232207299864275,0.025864880013172793,0.8599677759460163,0.08852521061432293,0.011273264001944467,0.9965552965622194,0.08292014593592273,-0.00133801784453449,0.46334584626575126,0.04871422790591015,-0.03351071185491147,0.7059785733970284,0.0989117477055206,-0.033078267850309574,0.8490076146235503,0.11319549925832478,-0.03735000259684013,0.9675747268382476,0.1046305208417248,-0.04678748697318202,0.4513084719973572,0.11045855573626583,-0.09652218277847133,0.6139242715127047,0.13058431752479366,-0.09351110221939343,0.7127558198171206,0.14091654135821344,-0.08690838875338881,0.7967952635332145,0.14038992509274126,-0.08568061334268857,SPACE,right
0.0,0.0,0.0,0.18530804095662734,-0.012637601399137739,0.08193336135924803,0.3703975776100055,0.024278963221917308,0.1105311315613252,0.4881172882025251,0.0669947243545525,0.11396075791760422,0.5865985940558738,0.09213370014366462,0.11529975324277732,0.4515839416165931,-0.017537954280163418,0.08855683770361737,0.663030062525332,0.05203903578780564,0.07101065768334165,0.8146469042752895,0.07128269226915226,0.053767392780659784,0.9364827075839317,0.073200055594386,0.03956044798038066,0.4616995927654836,0.00914312398417405,0.01955056554820731,0.6967454515747505,0.07394612127073857,0.005175168693188082,0.8588963332669285,0.09009220473064185,-0.012486440554485036,0.9961038267801131,0.08413450109157723,-0.026430134318346656,0.45453685301265156,0.05420784616266333,-0.047821193859972126,0.6933739922416599,0.10710466650583167,-0.05318279492265173,0.8376178654080554,0.12264282102297325,-0.05687262123218086,0.9564162520147212,0.11431928710561143,-0.06505456698690831,0.43603162330994744,0.12082603651758908,-0.11233807563601618,0.5958028292217286,0.14988376683197974,-0.11343614728887949,0.6974084442385059,0.16209995570744393,-0.10684497214283506,0.7845124076711801,0.16197773334408241,-0.10503731850737,SPACE,right
0.0,0.0,0.0,0.18497524554979852,-0.012926712610570767,0.08136702455551355,0.37530515385100427,0.01658403571754895,0.11484085710270912,0.5005348061238695,0.051448335245245884,0.12389882349349139,0.6060234566888317,0.06496544067067185,0.13110722718655238,0.4501359345992739,-0.028368073046866896,0.09246226199702551,0.6612026362549552,0.03608128998844202,0.07557799315281921,0.8137234266445239,0.05714837302954985,0.05931590055860753,0.9354721749651458,0.06214718040223451,0.04642849420716859,0.4577962734323642,-0.004342356620503012,0.02584262874961192,0.6947506996227988,0.05821101657904177,0.00945648337351426,0.8580902239738789,0.07821069227710048,-0.009567236791795488,0.9967750523559264,0.0766380052307514,-0.023793090490548202,0.4503482409988063,0.03844159090291422,-0.039855354350747885,0.6898538374322382,0.09322077060335177,-0.05040281508060173,0.8385945576341716,0.11317979526305573,-0.06064839024290808,0.9598807416003896,0.10902417934999482,-0.07173249231698009,0.433971589094114,0.10246538838044693,-0.1021198481316133,0.600852041196258,0.13337510408319664,-0.10894522297353589,0.7060316803524769,0.1474689461152805,-0.10907735869732861,0.7948156124297745,0.14889109728522218,-0.11164008113970202,SPACE,right
0.0,0.0,0.0,0.18234285416198814,-0.013559067966195206,0.06414576333684253,0.37183124823127744,0.023087403735779655,0.08802219678254655,0.49826205021634884,0.06698058707124036,0.09012974661846133,0.6021503044859375,0.09601457852215485,0.09107566072962776,0.44740977088180994,-0.026048990466313975,0.07693297666039083,0.6568865023159154,0.04112365677003689,0.053774593523084925,0.8108247813094374,0.06108589040565763,0.032401527482773605,0.9342126794924202,0.06277867769287543,0.015546876065377557,0.45765493087554243,-0.0022964953515190257,0.016101912787255195,0.6894057371254662,0.061475706094975824,-0.006365472997364207,0.8528954497337999,0.08044631443000955,-0.030858024902485504,0.9957836246478544,0.0779704152669293,-0.048327913531244084,0.4504851065898685,0.04358721598840657,-0.04465434264301672,0.6868906032663832,0.09528557255771562,-0.06100354330025819,0.8329844743300538,0.11645870281916487,-0.07343922640397489,0.9556175792282409,0.11475863812865623,-0.08487475600012312,0.4319367458501231,0.11150215836042342,-0.1034420814946401,0.5911288354063754,0.13742838219730927,-0.11383543947821381,0.6931206933010221,0.15133423425075507,-0.11401256910124663,0.7810034064633375,0.15539439246936793,-0.11565221947910982,SPACE,right
0.0,0.0,0.0,0.17704466295529692,-0.012234623098335376,0.06666125206877858,0.36408027180503105,0.020032088028556397,0.093531196568164,0.4863477357330348,0.054084711909416355,0.09800422610567372,0.5859897970987237,0.07647034060985411,0.10087023605237432,0.45137484745800527,-0.011806850112366329,0.08537992115372231,0.6583877704521145,0.0537560686043287,0.0639928848830192,0.8129408874842485,0.06927144216036912,0.04226373874528543,0.9367058725627645,0.06424297860279349,0.025047091996851432,0.46328745694328644,0.009219691721210361,0.02373898815232066,0.6911218748673659,0.07287325913226643,0.0031061000065521183,0.8541919362651625,0.08566761765799893,-0.020925239677947575,0.9964717569954326,0.07448395859677866,-0.03868045271437274,0.46108924048476063,0.045892938153014276,-0.03836963410583488,0.6910434235116364,0.09562667789075137,-0.05150659577925529,0.8368335083238178,0.10853784527612119,-0.062143694939433634,0.9576391251584417,0.0975297152039775,-0.0729447408588563,0.4487220235457559,0.09750887902901517,-0.0987305333985067,0.6105583308260861,0.11672235794124852,-0.10525411089698723,0.7146722773181599,0.12690935330010403,-0.10338720145909824,0.8028258716388993,0.12827349136089533,-0.10429069431092125,SPACE,right
0.0,0.0,0.0,0.17299972426206103,-0.03564102886259915,0.07004632782904094,0.35891449760655436,-0.011891674216555204,0.09776992546090096,0.4799830464934136,0.015820708500732437,0.10315533047371436,0.5750793708104351,0.029705066140088474,0.10641922977482297,0.44957220458375474,-0.036640122452000184,0.07884891275931727,0.6615433775898694,0.035899057893951265,0.057535728933710596,0.8171659635290834,0.05865288020447733,0.03872426778712763,0.9397035296427434,0.063404887886016,0.024060263653122086,0.4617232028330741,-0.007236467890567693,0.016779071421795258,0.696429744379593,0.05933923095286689,-0.0027702452339273594,0.8580773243883966,0.08002396475728084,-0.0230534432367414,0.9962102687570913,0.07827215159712238,-0.03792849466141754,0.4565576040755601,0.04133158881752526,-0.04492263794205392,0.6915163471470769,0.09659350782453453,-0.0573059574212564,0.8383790579096161,0.11126716882453856,-0.06837480999842813,0.9588240636165705,0.10160969579413259,-0.07986779071384593,0.4397900876674384,0.10976302468443577,-0.10426652280624539,0.6021795416101734,0.1358890306719551,-0.11258337597641621,0.7078356311914508,0.14504663315730754,-0.11380081894452809,0.7978649387334511,0.14292250709118304,-0.11684281773024124,SPACE,right
0.0,0.0,0.0,0.1828355903992287,-0.07930412533236066,0.0473496836462102,0.37254273267259796,-0.037657331668601815,0.061332073313739265,0.5072325805928094,0.02596907638622307,0.054171842131662803,0.6066852424268725,0.07862905626097422,0.04520339674582115,0.419095153499824,-0.017465794477751085,0.05638703320066131,0.6410718080844804,0.04454579158070845,0.023253981336917126,0.7982568611831186,0.07043262393040516,-0.003702085049971199,0.9253842238258843,0.08191881772202877,-0.02311467710198603,0.4350598899403642,0.016841240779053416,-0.0007253302171032263,0.6808036098926736,0.07979967696361343,-0.03369841904428642,0.8478683844349484,0.10218884160763562,-0.06480794340829112,0.9902417875340911,0.11007049219434235,-0.085473323144611,0.4316440487887972,0.08735026399212012,-0.0589213108383259,0.6768815713081715,0.1430152823182254,-0.08642759010681002,0.8322708237818444,0.1591960659105544,-0.10620728741456335,0.9638120192985947,0.1593805931397151,-0.11963611822568017,0.4157588427490604,0.19378323187045127,-0.11664471318456873,0.5997260192447597,0.24453949191494748,-0.13331293359363283,0.7183436290015601,0.2596527729621094,-0.13762616625098448,0.8237704642503049,0.2622428338890615,-0.14105547121056156,SPACE,right
0.0,0.0,0.0,0.18884967305623684,-0.08725974162481344,0.08211197160979246,0.3659590877707373,-0.05519295074407127,0.10617348365832173,0.4947054667816532,-0.007804604741070142,0.10314226721586299,0.5852855318112129,0.036034336595221345,0.09700141985666445,0.4201525438368151,-0.04209759023306783,0.08079306725025957,0.6534006251147938,0.011373186365105205,0.060052634220284125,0.8040618889997124,0.0329806145863362,0.045076821269370314,0.9243176701547977,0.040606373355827945,0.03420518659692323,0.4403304549565489,-0.007162176670668503,0.01024260458894418,0.7024684140000876,0.045477320516485155,-0.012697311127099202,0.8646773328727351,0.06652528185226579,-0.030495001297711422,0.9966483589469584,0.0702785459131522,-0.04186853941407192,0.4398602026116994,0.06381299306184848,-0.058558045397284195,0.6974305022435863,0.11461817259178786,-0.07471659263150492,0.8502033158861845,0.12804412717146652,-0.08272794894373978,0.9753479704881225,0.12555028893840836,-0.08963646736195947,0.424005861588095,0.17920658175418602,-0.12391094682958165,0.6181938159172021,0.22187364424174355,-0.129021527789861,0.7384366734706116,0.23032567973773502,-0.12387058662999323,0.8437335941311144,0.22537010383061998,-0.1217344663957404,SPACE,right
0.0,0.0,0.0,0.19103384497397027,-0.07988891748531211,0.08700615439325034,0.36694915181313736,-0.057000514810555056,0.11476434851644052,0.4865337324499418,-0.018203445122772458,0.114130384889951,0.5764199970392143,0.02171943945963154,0.10965446412692245,0.4225610032445321,-0.047110048867476446,0.08381520743872108,0.6527941077561216,-0.0027709930598979493,0.06046344895348157,0.8040263980580963,0.015732906881797726,0.04433895374440228,0.9250271540765843,0.022567759192111726,0.03316161821297425,0.4437086284934461,-0.015293110697576781,0.010464131857210963,0.7031729387938991,0.028564979886033716,-0.01657684746211508,0.866219160078673,0.04796113959301653,-0.036525708950004954,0.9975495844402334,0.051123238530511504,-0.04776233940323814,0.4422445545174415,0.05252456930651704,-0.06096537601074178,0.6997658048986789,0.09697723582955135,-0.08251574159695298,0.8506930880359891,0.10886637948111921,-0.09363582333985658,0.9749762832620019,0.10512633056255981,-0.1000306135000979,0.42468417771264105,0.16617645380208002,-0.1280877717963911,0.6244723814751317,0.20903896616488432,-0.13994628607824333,0.7457916037674324,0.21630767681714805,-0.13822115734088586,0.8525534140195591,0.2098904527465758,-0.1362116554407564,SPACE,right
0.0,0.0,0.0,0.18967254736315392,-0.08836523064674943,0.08367400249903867,0.36517083200627554,-0.06560312373369473,0.10739324311726335,0.48896394577834296,-0.026817800318417243,0.10361462217662687,0.5811524467951418,0.00685224830104391,0.09622293373755318,0.43301257726976444,-0.050250608081892925,0.07980657470430816,0.6627675693231738,-0.006499579309273255,0.05748117119121947,0.8112575494157163,0.009805851107123151,0.041351567890828694,0.92974016091438,0.014598370798863667,0.029433131491056502,0.45240701019443774,-0.012960585447571593,0.0074265132188637345,0.7090244765959138,0.02954508094785795,-0.017147022890491213,0.8688653994553962,0.04707343832567336,-0.03628222159699661,0.9976608237368534,0.048095233752723156,-0.048577044691642896,0.44783254699984115,0.05740435688259791,-0.06321514794763083,0.7015576159838768,0.10101132666973983,-0.08180446432914915,0.8508784936675218,0.1122554060089277,-0.09146500798878755,0.9727209070788578,0.10730859363328751,-0.09877226226582128,0.42699968904121044,0.16842463421275738,-0.1300471211497039,0.6208405004923679,0.20700331564066926,-0.13945316921174775,0.7417219302615075,0.2126444450938579,-0.13722380967103012,0.8480158133358835,0.2059980515726087,-0.13617182975368297,SPACE,right
0.0,0.0,0.0,0.19006675647280827,-0.09134363362650272,0.08618581392684133,0.3658798364786111,-0.07074427656772213,0.11415964044241012,0.4910352935092117,-0.03114948613040978,0.11424560779107398,0.5839062353545595,-0.0038751820321501857,0.11131007788567346,0.4378105524760608,-0.054112120110923916,0.09137086029651574,0.6677019457703927,-0.007302673718029872,0.07327764649064701,0.8154503621792251,0.009824782692908538,0.05770862332974895,0.9347910457579085,0.012725368046314366,0.04620190746386497,0.453225863367013,-0.0168237951304922,0.019940484332820838,0.7106512131588266,0.02836572435261699,-0.00027424637586717323,0.8700051716271895,0.04385565030128091,-0.019345289055723035,0.9986075242594823,0.04178603264153355,-0.032201552267371376,0.4465773216562684,0.05298029170198804,-0.050000125363192524,0.7012515162504689,0.10209260282511712,-0.06381251902700341,0.8486884698044563,0.11473595432005931,-0.07184559639433778,0.9675436554070903,0.1097961574430246,-0.07829481663095876,0.4266949092807021,0.16562422384094955,-0.11638023371877716,0.6267590832850388,0.21091616399308935,-0.12077869635170944,0.7479569416513787,0.21828085022557134,-0.11574232998644324,0.8543268076507389,0.21190356325546253,-0.11280831288633479,SPACE,right
0.0,0.0,0.0,0.18433957969952813,-0.0818510930875893,0.06777721016182613,0.37177991902507485,-0.05435030354675316,0.08744276597246359,0.5006082605326807,-4.480519650549355e-05,0.08250920002761714,0.5962415520792791,0.044812797387043586,0.07623569117622817,0.44031666791537993,-0.05338659177548767,0.0728915720753842,0.671070230707427,-0.012064199205501508,0.049866854794289144,0.8179246628805465,0.005737065384690027,0.03150406570350103,0.9368918606929701,0.011766564685857872,0.018335746254663204,0.4552994056128977,-0.018863787821607525,0.008326272074865276,0.710003946238714,0.02549495690442057,-0.012895675183510716,0.869097397892986,0.04490960861520724,-0.03331490199864115,0.9976185037674113,0.04980137596225345,-0.04771942888528458,0.4473088788718198,0.05208764112322573,-0.056186885940727634,0.701099713526042,0.10203663420610888,-0.07112176808796002,0.8495409297343315,0.12042996746440873,-0.08097907383801753,0.9697596727009287,0.12284584765812905,-0.0892967947770698,0.42734556352703956,0.1640342246849961,-0.11887943827127183,0.6251085000671354,0.2092710712532524,-0.1260290424821772,0.7486946335835986,0.22090762085996488,-0.12409539321758714,0.8566691564658774,0.22058118299971055,-0.12363225200248139,SPACE,right
0.0,0.0,0.0,0.18167519165029022,-0.0939166970647678,0.08351017833150819,0.35786264910457316,-0.07545852665213529,0.10981357848509914,0.47540016294815407,-0.03353761899841442,0.10905847727862314,0.5655008321478212,0.0017622114320943354,0.10574233282975182,0.4321809332374848,-0.07730028516868159,0.08382981886019138,0.6665475454353051,-0.03143855001481426,0.06443724922882241,0.8155436989910491,-0.011018894606485767,0.05048563295465313,0.9343758822193331,-0.0035090004702643075,0.04171636274515374,0.4534640397793418,-0.03965787427155642,0.01425032367441877,0.7127863175353759,0.008255039274251216,-0.0035396415581137,0.871934261891832,0.026499325434301113,-0.019136135887985548,0.9991032636674134,0.030572054987748065,-0.029291943994022865,0.4526030237606435,0.03605958625751948,-0.05405529255365773,0.7093840562651671,0.0896446939477192,-0.06473537010217277,0.8598733410642725,0.10413646815448854,-0.07165443816128116,0.9794372762990203,0.10278660283363507,-0.07717835030027301,0.43863561094730247,0.15764527558000982,-0.11896402664213654,0.6444626773356171,0.20189780568361138,-0.11963015737708341,0.7686017874837687,0.21092274709666567,-0.11261484520917976,0.8751214213520431,0.205191704343878,-0.10821113028217681,SPACE,right
0.0,0.0,0.0,0.1791421476747621,-0.10877373486806144,0.07237574906716523,0.3561060872780098,-0.09793525939805123,0.09190294141748515,0.4715806322743685,-0.061261546036571794,0.08688427087012553,0.5603698034092638,-0.03821831236522645,0.07900319579710068,0.4321557535669481,-0.08884112950452391,0.06591946043445866,0.6654399376032883,-0.04817976290352795,0.04197431248350186,0.8137473200614949,-0.02885812327157727,0.025853733930914488,0.931419886048526,-0.01851375774465053,0.016673922322976726,0.4499135877939271,-0.04932891221469262,0.001078223540993919,0.7060285220522753,-0.004672209813690281,-0.021528900142841038,0.8679882188462186,0.014616273504567397,-0.03871167797473335,0.9984854043625284,0.025173728998764994,-0.04892014557720574,0.44667781461919265,0.024539715585708624,-0.06268854807718643,0.7003614206551505,0.07689676966926551,-0.07752441266312342,0.8519057893239583,0.09438349038001094,-0.08667820875834979,0.9733456403680343,0.09747875356683908,-0.09219390811634741,0.4301218967635848,0.13607310705077882,-0.12348592467574167,0.6333161196055951,0.18459494606874916,-0.12672413655800002,0.7578184818680952,0.19769290301335057,-0.12079088751022148,0.8622675416983094,0.1966678877058902,-0.11624364566239391,SPACE,right
0.0,0.0,0.0,0.1674532318403736,-0.11878072602811406,0.06746537000647967,0.34912982387982927,-0.11149580470225087,0.08966515998392588,0.4719465083415772,-0.07715908702355974,0.08899252153815632,0.5595912377786135,-0.0506432652965922,0.08571874145697927,0.42626519882993374,-0.09629677444625359,0.0656572860778078,0.6610282173895833,-0.05162936048925071,0.04680301606325732,0.8089363638555698,-0.03223206674510655,0.03484220736018036,0.9245171864537758,-0.023917305539348344,0.028296981993852104,0.449226253682869,-0.04429946798959298,0.005084488613087657,0.7047551205710012,0.00044684993597668014,-0.01380389705132737,0.8684430386782136,0.016497061863248855,-0.029305374420970014,0.9990385097198593,0.021526474408889402,-0.038192499214452356,0.45033438428805184,0.04050103911936486,-0.05459331382264974,0.700793160159702,0.08190313703003128,-0.06538198784727198,0.850900601438668,0.0911966345090998,-0.07501604614857181,0.973736092027639,0.08553721670148298,-0.08186812631461335,0.43690905800939656,0.15421474034739202,-0.11170105759319095,0.6374604605192743,0.1877477005017189,-0.11335913966063506,0.7585416665014055,0.19321374226201918,-0.10886147291741004,0.8601528072036161,0.18630535230947212,-0.1055768205439321,SPACE,right
0.0,0.0,0.0,0.1558527432416773,-0.12562845548622945,0.06621897016355131,0.3361194826532704,-0.11188457907327722,0.09093331399635818,0.4599269816178729,-0.0743323999603521,0.09301255471764489,0.5477284620652718,-0.03672024311749661,0.09395793073501012,0.41249010540183395,-0.10445958091496033,0.07411386400001196,0.6486522129967188,-0.061617937238653504,0.057794241170119796,0.802343309890294,-0.04446920261979106,0.04806932848814862,0.9200363444961461,-0.036992794978676725,0.042971282008315376,0.4445745188086593,-0.05278407444462565,0.016286247710123606,0.7034767542942812,-0.013563127199624684,-0.0009224576658118279,0.8686648067931456,0.001618990696351325,-0.01471366404155264,0.999743891491209,0.006489427173757012,-0.02168037732536475,0.4568974942387376,0.0333035525703076,-0.04125072075914509,0.7115321306345191,0.06798210479956276,-0.05118258466018505,0.8662138801013658,0.07631900925988198,-0.06038425731290783,0.9907721207195181,0.07234987077850454,-0.06620671274928032,0.45528115561887983,0.1515898362871716,-0.09643115350914126,0.6561873743324588,0.1813824475918282,-0.09583649548249228,0.779451401621774,0.1861357846917508,-0.09068255457800295,0.8816457011995008,0.17930811576212805,-0.08681425875521802,SPACE,right
0.0,0.0,0.0,0.1597641346449395,-0.1266686242855434,0.06528116034313983,0.33216432696892645,-0.11067501747248747,0.08677033078092306,0.4515226175736149,-0.05445782454204949,0.08554110380878722,0.5400508743353089,0.01209054812724653,0.08374140558739394,0.4169176323478218,-0.09184492955230748,0.07567617644623974,0.6491614235103371,-0.05091043218433587,0.05535850041311707,0.8002420743202746,-0.036887739371877074,0.042506841092941644,0.915438352496719,-0.03134583429985382,0.03588114007271346,0.44771437514825757,-0.037663125679574035,0.017735074104260447,0.7054460413370965,0.0036927772904067945,-0.003934917608973197,0.8692430275932642,0.019148670555298956,-0.01919102305409326,0.9993642279760692,0.023940895061347806,-0.02641918593478767,0.4606869252005094,0.04752654520020184,-0.04053422418813364,0.7101982323109545,0.08827730972569743,-0.05308342951416076,0.861050059879001,0.09751578473854555,-0.06124433089589612,0.9838379599756415,0.09313105944963962,-0.06531136903658735,0.45799646113448156,0.16239412700707903,-0.09679017655726267,0.6561820408398107,0.1981112016165745,-0.09672504305390213,0.7744432019596681,0.20401045863910156,-0.08954588503559761,0.8728119116366804,0.19696076432308932,-0.08347533322031633,SPACE,right
0.0,0.0,0.0,0.14779881100782666,-0.131032570054311,0.07268656998801379,0.3104563568006967,-0.12382699652696237,0.10152296295316471,0.41193362370413944,-0.08766157138286668,0.10688963817049603,0.4800754903280575,-0.030982830371666777,0.10946098025317826,0.41880224443824815,-0.08865728581682278,0.08398913296743639,0.6461320106145335,-0.051224396545346544,0.06928856170969741,0.7983618980862709,-0.0380176138440149,0.06104575935540534,0.9121488792371325,-0.033239698955601936,0.057661521288189105,0.45223544936749593,-0.025991217581923146,0.024668872736865282,0.7045451540808246,0.006639778887014452,0.007525533402115963,0.8689007147924374,0.01671723346236406,-0.003836106329922336,0.9997986719955164,0.018434809311051337,-0.007922959148377717,0.4675024396904161,0.05947237833942234,-0.03433083078237013,0.7109056113015328,0.09047161465233301,-0.043312367168049246,0.8619050531799786,0.09298382698844872,-0.05101879843808819,0.9852895099585159,0.08462184493598589,-0.05455549476137495,0.46643815683536377,0.16804858015212837,-0.09055351160398376,0.6614505324195659,0.1949303458779827,-0.09037843602266475,0.779827391132276,0.19818797687779516,-0.08437791700246,0.8782117174460852,0.1883574527514241,-0.07873240651291381,SPACE,right
0.0,0.0,0.0,0.15746296303144158,-0.12526249567259798,0.07178789145025961,0.3291688232748103,-0.10443121772820721,0.09902081985427102,0.4455321569411823,-0.051355594121793774,0.10177718663456997,0.5303628296190459,0.023669455018315213,0.10300485607391348,0.41299671619465456,-0.08877672339693381,0.08900961710185043,0.6445346025720007,-0.05189925700020765,0.07150678938175295,0.7976095212450317,-0.04104312267219503,0.0606915769224674,0.91184807483502,-0.03706325355360145,0.05644130776053277,0.4476147710384134,-0.032732358009575274,0.029946738827760916,0.7045048988711181,0.0011177195082981448,0.01180894824924672,0.8698944238617333,0.011202451862372328,-0.0016253962252302451,0.9998349887747304,0.012732841461057074,-0.006340939380135357,0.465351879466918,0.05497373478978915,-0.029327628185515722,0.7199389314839796,0.08563760537535192,-0.041969639552362395,0.8727403063937771,0.09059178686502424,-0.05076362740627315,0.9950323479614035,0.0840853836453293,-0.05329422827693745,0.46847558657226135,0.17450722235072338,-0.08583273247816885,0.6719895779319017,0.20944590986844444,-0.08654241721073025,0.7909365945137595,0.21706660794838453,-0.07855173674328296,0.888595142636151,0.20962570389122698,-0.0704591529299617,SPACE,right
0.0,0.0,0.0,0.14134422995654866,-0.1375189752136988,0.10784814985535031,0.28757077913988377,-0.14785420025396268,0.15691009694808297,0.378877735369109,-0.1368879487144916,0.17491475857077643,0.4393738612304794,-0.10550610910321474,0.18802187211634888,0.43901756160634564,-0.10201327387920375,0.14855813578539273,0.657008687753103,-0.06753843231133055,0.15473131470840776,0.8005019158578225,-0.051812220668663464,0.154367750671712,0.907692312033603,-0.04302434192015954,0.15403760293280158,0.481633194467742,-0.037522196597534294,0.07617484880406164,0.7213632469106974,-0.00541888194664144,0.08350540714448353,0.876059836980913,0.004534261408904873,0.07912921274891721,0.9971197137805948,0.005930719247739856,0.07561152662993262,0.5011155564777597,0.050997338491522465,0.0037440323397898248,0.7341093059439138,0.08745655341088789,0.017045102811513713,0.8737246585427886,0.0917325715572237,0.01384871588163812,0.9882396958647586,0.08305838746932709,0.008006385548245443,0.5038281673765621,0.16686065078500698,-0.0644581489345835,0.6937286818754227,0.19776277500673242,-0.05132125129750669,0.805690872542864,0.20261276099360637,-0.04254024402288531,0.8975726419260891,0.19413342165864647,-0.03784045636974297,SPACE,right
0.0,0.0,0.0,0.14912511244166757,-0.1287884483294976,0.10668093299603448,0.3032587055624627,-0.11983043033224436,0.15419372061169787,0.4038322639053635,-0.08774201413834032,0.17071578070085752,0.4809922283701642,-0.04079451165244476,0.18321117934123612,0.4404470331612039,-0.07501254199687889,0.1476376401428944,0.6526948124709291,-0.04011345209951162,0.1546571576396753,0.7917160937134061,-0.025500207457367145,0.1546160980664207,0.8957583648048555,-0.01518701994152246,0.15480707598235202,0.48077071027577906,-0.020296703985339712,0.07653426813493151,0.7192166962147869,0.013595130106382183,0.0813888398880644,0.8746181546640335,0.021553276234469544,0.07615539346773957,0.9970651046052506,0.02158281198038756,0.07345311025096217,0.49646635313597803,0.06194384312656493,0.005610722636072844,0.7293144465251119,0.0995532720611151,0.014352824116672342,0.8722218501018318,0.10097185656358935,0.008356890392611834,0.990163295742937,0.08813857496221018,0.002166972241718899,0.49556507853627374,0.17576461786290182,-0.06054342257733093,0.686805558561808,0.2146049924435059,-0.05122475561271638,0.8012496244068561,0.220268471723286,-0.04460879942737759,0.8964976271512153,0.21083657874373044,-0.04032539348504146,SPACE,right
0.0,0.0,0.0,0.1568927167568437,-0.11812935040390503,0.07357361430984462,0.32695792146306557,-0.08027116766776912,0.10927554257735846,0.44764818162820486,-0.01673900916118908,0.1190308804424132,0.5380376757341665,0.05047965071259542,0.12884604868935606,0.42434847982171603,-0.061055679225067216,0.12295255124614432,0.6365480488764904,-0.021315585533035593,0.11701320027595231,0.7810121546473962,-0.005338672544068746,0.10750362037386955,0.8947795598463254,0.0031754747794169517,0.1010732533950477,0.46776574309108815,-0.012339736796757534,0.06342666066212152,0.7041462015380754,0.02700753297909657,0.05456458130293847,0.8654261926438113,0.03921929094343427,0.03945408056574439,0.9986939280617657,0.04050796668655059,0.031137480429248313,0.48743004618915126,0.06471507396457164,0.0013030814608170492,0.7200151323871881,0.10441295241674256,-0.00413439093108462,0.8689042840373876,0.11041773700871867,-0.01707687829387429,0.9927278037420831,0.09899651495714093,-0.025529327488839883,0.4911525416029738,0.17767683463858025,-0.059060059314675686,0.6789285947290729,0.21789818206502395,-0.05693576830932644,0.7956181832682548,0.21989785132158374,-0.05307749326999468,0.8931260555566234,0.2047385808730769,-0.05032420907731296,SPACE,right
0.0,0.0,0.0,0.16507338369320795,-0.10138525665992318,0.04549135608594072,0.35558663716694183,-0.06093112809372917,0.06923036705698948,0.489708421215435,0.013048343451012927,0.07144733038090405,0.5910383383112539,0.07638220655343346,0.07515126807580236,0.43405768546381945,-0.04907167806498924,0.09443733296763446,0.6452021634798054,-0.00461042073406436,0.07398629512341307,0.7952508555187027,0.005944467111364959,0.053522520957893595,0.9129826029296566,0.003179756921073511,0.04034959261217973,0.4703173472327001,-0.006804044766919068,0.04469593490250136,0.7019506184538171,0.03429510724317887,0.023303486589310394,0.8636582680023225,0.04463135845009786,0.001345340204523993,0.999104119162458,0.04096669993863525,-0.010615487211927217,0.4849533011293275,0.06260310869445342,-0.009962865032090235,0.71943202387197,0.10168327382071424,-0.028035563203128326,0.8669219414755214,0.10822422885664577,-0.04223815792036267,0.99199616039595,0.0979555644944115,-0.048792912409587115,0.48658536466741914,0.16666915899254273,-0.06541606554340616,0.6781405441964605,0.20721763697950465,-0.07371524953502927,0.7993868075310205,0.21626928453442934,-0.07244442407368795,0.9034837028320531,0.21042098125577016,-0.06969291089522568,SPACE,right
0.0,0.0,0.0,0.18626310562855478,-0.053507848049470334,0.08500932705554523,0.37671347835424457,0.0008818597585370994,0.124970199092404,0.501301013519995,0.06283094103985215,0.1373935802963928,0.6106757963841594,0.10205310864556895,0.15126934423468294,0.4402149909262229,-0.033674956373335216,0.1321596642916793,0.6477635947874879,-0.005135825893246772,0.1281845107655896,0.7944204537885873,-0.007525800132246556,0.11932980784968586,0.9125077424803697,-0.015653682180854736,0.11229256977433824,0.470715699813372,-0.010816882845325112,0.06512960056862993,0.7000901088761564,0.011213495914393065,0.0561883343883571,0.8644244510572712,0.011014294090764126,0.04024136109554982,0.9995271566433448,0.002561422100684915,0.030641511863688027,0.47962158808550176,0.04471028975783094,-0.0033499460351019052,0.7117508016934828,0.06062808222169932,-0.009023680457890619,0.8661823511952281,0.05677833911336477,-0.018261789180100116,0.9958023063637573,0.03833090731168261,-0.02553248263001653,0.4801032536185911,0.14266163141483368,-0.0692221253334762,0.6666877680322371,0.168679180158963,-0.06958206652188101,0.7884770771316852,0.1713825055811993,-0.06622158491505081,0.8915387289427283,0.1620737372163369,-0.06485917873479312,SPACE,right
0.0,0.0,0.0,0.13641895730671474,-0.12680310605475925,0.15976643562970755,0.2917857779241593,-0.12145305669646736,0.25668728112701017,0.3927335064122638,-0.13443253928755367,0.3178125305283663,0.47022936381359454,-0.15416347021162602,0.3773391880107301,0.46010196314756147,-0.08094254136611909,0.26954574988201646,0.6475175142735523,-0.05778409246779475,0.3295062375460001,0.7649959095992654,-0.055244142388619334,0.3582609560352062,0.8503479977880708,-0.05965825254238574,0.37450150909939833,0.5066620864907787,-0.02637787897532444,0.18939436178149752,0.7222694406964278,-0.01512105386697029,0.23962521438512566,0.856888620225157,-0.019907531836871648,0.2534189663658147,0.9644353817881727,-0.039010092071216265,0.2614241899130541,0.5289224718325423,0.04966181947835112,0.1091512150752448,0.7403260854472169,0.06481664199531403,0.15467149073920206,0.8688837923022689,0.058338993527133114,0.1638077786758695,0.9765168008226982,0.037003139062194795,0.16382767194729672,0.5353074846797975,0.1644674717904584,0.03680926579311763,0.7141238947184757,0.1802698309876854,0.07244333779434114,0.824640472148411,0.1789350566467605,0.08967523175445297,0.9114491756179796,0.16307748114346443,0.09807437059677114,SPACE,right
0.0,0.0,0.0,0.15156368524821712,-0.117934048754511,0.015527750549062256,0.3471169574286451,-0.10602237091948555,0.017427843631598952,0.490997050232936,-0.05547451379614059,0.006405713487352354,0.5998866758536815,-0.006444147159965861,-0.004417195777413859,0.39228616151029483,-0.10075576594475548,0.0052064149106899275,0.6225874758898776,-0.0639438260182917,-0.04045433245281741,0.7870055643760432,-0.05134118510364773,-0.06972659005029755,0.915568271433355,-0.04859704494510264,-0.08743133558750046,0.40822707400029307,-0.053340413113294745,-0.035752458165133866,0.6556005021879081,-0.012027184175662375,-0.08524382619063632,0.8350396023673825,-0.004478118577567775,-0.119552402859399,0.9903323441158632,-0.0054101233321082924,-0.13860944687686666,0.41278265790810836,0.0314661404846503,-0.07814849690538243,0.6607557507504074,0.06763795395447048,-0.11957156385696162,0.8278311767259567,0.07197774158516768,-0.14261477621508334,0.9671809310202362,0.06078469301913488,-0.1524724664382904,0.41044693987019865,0.1462804805598626,-0.12142270210372055,0.6123247029415494,0.17923333289600443,-0.14910940336355175,0.7435226145367457,0.1820978209783269,-0.15756619015074794,0.8552992070186802,0.17144253396825349,-0.15949860863589857,SPACE,right
0.0,0.0,0.0,0.1333959049697458,-0.14473148590214352,0.029335453344656877,0.3127920079778753,-0.16580271583797684,0.028688906678915736,0.44166741562247175,-0.12866090527660606,0.012258108800233756,0.538118197064858,-0.08313180788433103,-0.005057596651687003,0.40273185953909196,-0.17128351713341922,0.008533892476016184,0.6300412975796839,-0.13476581794950995,-0.03473029701405794,0.7816828343129482,-0.12284276201194645,-0.06193017244926027,0.8982577595493109,-0.12286000265773268,-0.07762018377807273,0.42116814411059655,-0.11183317295695669,-0.04168023928731694,0.6772711846787705,-0.07551230447910687,-0.08231315041760552,0.8492949002046118,-0.06797670555004236,-0.11059045846041103,0.9893852042611023,-0.07113432982579031,-0.1267155267102354,0.42349017175390524,-0.013897684568279651,-0.09236283060043489,0.6818557597374254,0.010882582964364538,-0.12401011020625541,0.8396062319609436,0.00900191585318333,-0.14389098130458577,0.9656439729811749,-0.0060531907355452,-0.1543399530479236,0.41534339193171893,0.11575771862609542,-0.14300401293540535,0.6198141464992926,0.1356252641419535,-0.16202529416924394,0.744158856103316,0.1308271924196458,-0.16739385167701554,0.8482958047812998,0.11614247237122477,-0.16826457612524426,SPACE,right
0.0,0.0,0.0,0.13548294397064622,-0.12618693995104724,0.04193458386295744,0.30685491486210215,-0.1624026090225422,0.0394461443980693,0.4281530385181252,-0.14791685038054442,0.019845382575891957,0.5171525267312251,-0.12579069388278316,-0.005789362206660491,0.40129292489845386,-0.158149008004581,-0.007557646273232096,0.6315190163722781,-0.10823829097451566,-0.056144199371786094,0.7819472066382623,-0.07858982151223982,-0.08786957672684843,0.8985428030949384,-0.061872411121618044,-0.10747051550139851,0.40691277319803076,-0.10521440158266364,-0.06596715562800012,0.6687445148585912,-0.06157745338679592,-0.11368765162340706,0.8409382446160873,-0.051658068028588834,-0.1471620699715639,0.9844108784968917,-0.053397275241508946,-0.16758267599534396,0.39664676796508014,-0.009388512334187278,-0.12191711398684256,0.6585731811332798,0.019557046633197524,-0.16047620508320157,0.8211959268604132,0.012382371516626875,-0.18607407965184403,0.9527440226714802,-0.006003751442785831,-0.20128927971526883,0.3765692825331671,0.12019896709286794,-0.1752088699437953,0.5760366775230059,0.1349684857644832,-0.20203817396832263,0.6993547145019653,0.12323303621672418,-0.21215297836934816,0.8054163242806797,0.10627462067090261,-0.21728092293148385,SPACE,right
0.0,0.0,0.0,0.1531183912286883,-0.12129349677056524,0.06382960036354383,0.33240549441489087,-0.14643911672072063,0.07615348668870374,0.4581969831728654,-0.12537360302313352,0.06779294603549701,0.5485827007068854,-0.0977605194387508,0.054836811840620954,0.43217694525986616,-0.16968897838308294,0.029846807660779625,0.6662761616852643,-0.12191227858175757,0.00016850977339670205,0.811056873084693,-0.09625604320920284,-0.018332727775933894,0.9253731998575074,-0.08294654130073638,-0.030645467653260813,0.4368748480022714,-0.11933949504265284,-0.03352064221083271,0.697809510502339,-0.07242177650293664,-0.061884458557918666,0.8604801543510454,-0.05653554976994386,-0.08391415709933232,0.9939458732256422,-0.04843642718884218,-0.09861801873337117,0.42084695395440197,-0.029652260869462075,-0.09361882661651419,0.6767594335059866,0.004576708215690808,-0.11414517794243295,0.8299071654150356,0.010182967767625908,-0.1307770192410884,0.9538640952894026,0.005828066337051107,-0.14353368744408032,0.3907241473976602,0.09341371953932041,-0.1501477938924032,0.5861193935821222,0.11841110336556314,-0.16132285709974933,0.7067067433813161,0.1199639698216764,-0.16438152723223656,0.8108013464131921,0.11510940098376227,-0.16727184426313835,SPACE,right
0.0,0.0,0.0,0.15792948486690542,-0.09357889619588174,0.06951960407332616,0.3296276091745203,-0.11125548390410504,0.09154778540307924,0.4467442311922933,-0.09244241117350233,0.09068024567117941,0.5395494015250368,-0.09888381754160382,0.08628343133361493,0.4397597840879739,-0.16593110070628964,0.06289973959692467,0.6671772551396549,-0.12885761657589717,0.03855791637447463,0.8117509495599946,-0.10979608153270948,0.017317360771687808,0.9284025413151139,-0.10468440865233127,0.0016627475875294374,0.44512692558352257,-0.12401720263442696,-0.0030187243439749787,0.7054130534974808,-0.07818991856767057,-0.02583958740059243,0.8646838793086319,-0.06940568827231583,-0.050683777877389743,0.9950728435720266,-0.07170040922659388,-0.06847691072339754,0.4303726980552234,-0.03440052740817679,-0.06780116198904627,0.6876741410677506,-0.0028686103362083187,-0.08532476786460237,0.8393963555589272,-0.001653696553543247,-0.10495375459564689,0.9638521318208716,-0.01247602889952135,-0.12054466667440356,0.40600477766278825,0.09245705120875565,-0.12962305710666971,0.5965353204618763,0.11702574922752204,-0.14191988936039837,0.7142832417141087,0.11430646725089762,-0.14766220790223358,0.8186075054992082,0.10781131103908036,-0.15279629833659344,SPACE,right
0.0,0.0,0.0,0.16000073625415742,-0.11038638682016756,0.08097224629140809,0.32757165148243084,-0.13630369948826107,0.10188427582137574,0.45092110312670364,-0.12501485895683245,0.09937346539537908,0.5469585561570984,-0.12398287151131664,0.09122008827335183,0.44343348314822895,-0.1508877861454732,0.04606342677024086,0.6701093251698705,-0.10601667143557705,0.019291126906274877,0.809874691283624,-0.08478798833062519,0.00043663946862403373,0.9222042202900377,-0.07863523910327742,-0.013178103725373699,0.4411698236961378,-0.11259433898879206,-0.025956406476785134,0.7061455252236365,-0.06550014297393422,-0.05600872000621173,0.8653579433009668,-0.05465585858772442,-0.07756670604682707,0.9942672022597173,-0.05555328689349969,-0.09135952509707358,0.41844566053179083,-0.03202868220466478,-0.09418025738383158,0.6797376678435774,0.009290892798318781,-0.11572124819430657,0.8319297658886355,0.011811146410406677,-0.13116616768016054,0.9564435598731356,-7.374201552423836e-05,-0.1426442226087597,0.3857621171675249,0.08580284278068634,-0.15760072648296042,0.5865234519238375,0.11645387184206542,-0.1728281395857285,0.7093969870277025,0.11502291604625405,-0.17803594399797715,0.8167134616798502,0.10846067820824383,-0.18176049189144747,SPACE,right
0.0,0.0,0.0,0.16758216190188255,-0.14508004665298863,0.07010483003656111,0.3431179710632676,-0.18948153387258568,0.08174341913810006,0.4694821278155587,-0.1912307713856468,0.07251398154856448,0.5611056162888389,-0.1846963451716683,0.05949600248615516,0.4324489718505211,-0.2050033250885404,0.03525025537189888,0.6667230048666083,-0.1589903158772369,0.0056013414989846055,0.8075317670660037,-0.13148316787697217,-0.01558315546016294,0.9164624408524519,-0.11827109130680631,-0.03006239479593885,0.4370103102312729,-0.1397575170269311,-0.031170015695008643,0.7021125886822422,-0.10302292831219043,-0.0560194012383445,0.8624220690189426,-0.08889952553925656,-0.07916040382998836,0.9917142079903478,-0.08578074472510193,-0.09562736796798223,0.4225089159109991,-0.03250166429364116,-0.09369194532984602,0.6846510618284144,-0.013543595388845059,-0.11175108868859246,0.8371599344086157,-0.016105204242784457,-0.12719573417340288,0.9607385318300591,-0.028709529697619366,-0.14020758489511193,0.39393049138970937,0.11100792463219038,-0.15169155702494816,0.5859579095076143,0.11440123507836909,-0.16337025890197987,0.7005823939656921,0.09744509914872707,-0.16369012197971533,0.8015592201791522,0.07778212708808073,-0.16384791892800207,SPACE,right
0.0,0.0,0.0,0.1487554075526536,-0.1279452042840193,0.057605622320303196,0.3200701600511892,-0.17744568901263566,0.06416659524817465,0.43997152091001535,-0.18713099554246454,0.05156514264703393,0.5337907277681686,-0.19734091754992833,0.03389138010207906,0.4280816372882887,-0.1949008546504127,0.014046528183744899,0.6574474521308024,-0.16268336709773826,-0.025978629949332758,0.7965787208364357,-0.15012024811730337,-0.053454241902998106,0.9071149772366212,-0.15170621083242583,-0.07255749673724865,0.4281542372696414,-0.14654076612955888,-0.04962578375107386,0.6934000768129371,-0.1136110561487822,-0.08700927174335002,0.8527359301002275,-0.11172941706276698,-0.11538703373447744,0.9832771455613384,-0.12187748740374857,-0.13532159133300087,0.4082301837061051,-0.05564910710627612,-0.1104461188864569,0.6695875760651054,-0.03824836702652527,-0.13950968443629458,0.8198654335631921,-0.04547357970639801,-0.160928132400653,0.940579171602323,-0.06578300921401929,-0.1769766856137153,0.37712377877518266,0.07247999107398248,-0.16775356883731313,0.570957228046999,0.08261526114907282,-0.1906738983809205,0.6909242513384887,0.06728366939385114,-0.20146093161296638,0.7973342296598801,0.04736196091719565,-0.20938606722881112,SPACE,right
0.0,0.0,0.0,0.17211425139947253,-0.046624805631785594,0.0983555054290086,0.3554281872701884,-0.051400630970028255,0.12741957201835788,0.48341403066219807,-0.003708386951877697,0.12688970337142483,0.5791630051881972,0.04007265873430073,0.12129265935885403,0.4428400834223809,-0.19587063893943057,0.09890971502901842,0.6570886860337085,-0.16036821985666355,0.08844616053074351,0.7890901947515881,-0.14627655990416805,0.07117244264072622,0.9038753132773379,-0.14244916476510286,0.05278947445452674,0.44576228927915673,-0.17939221430675764,0.017858532638801185,0.6984088260870807,-0.14308113267873673,0.0064718739526470085,0.8540476184919855,-0.14099772407699304,-0.019430507018603452,0.987901598702388,-0.1491032913471069,-0.04264551313708917,0.42767677579072605,-0.10686169883473964,-0.060146221924332444,0.6858517403553847,-0.08584020362220603,-0.06849192217343665,0.8363563435400497,-0.08595002789784206,-0.08760236258265235,0.9600529175745528,-0.10547215388385678,-0.10813581301628832,0.4070231153689769,0.010101537380628155,-0.1328061910871059,0.5932849911819615,0.02200618272919024,-0.1375774723024455,0.7057339522068123,0.009055528121216568,-0.14133745896570923,0.807139546588285,-0.014473653273588492,-0.14966116805160629,SPACE,right
0.0,0.0,0.0,0.19600236961089462,-0.005672824892170441,0.12326995963742411,0.38272639579198253,-0.02447716501803621,0.15124699928119154,0.5066487759058632,0.004861185042623643,0.1437609197773209,0.6161029575991646,0.04643857793435783,0.13242451095825886,0.46111482287641087,-0.19333158104064135,0.12099365556130957,0.6666653767064749,-0.11026646599372682,0.1198891358034857,0.7572575859524703,-0.046975497580745866,0.10986806273595,0.8349564505966643,0.005414492154213509,0.09573727462856235,0.4634904529442087,-0.18123137134172634,0.024407060573750614,0.7131572599349443,-0.11555344893836429,0.026973045319851428,0.8635531297603245,-0.09749225274007813,0.014863852148307776,0.9888985494788383,-0.09373077708979075,-0.0013483716833541113,0.44229299051240833,-0.12868570068734958,-0.06878548207477898,0.7102718692220761,-0.10993144360120177,-0.05633988698304802,0.8614129083920833,-0.11602030756779394,-0.05908776798966858,0.9870725439461805,-0.14138773544258124,-0.07548046935488785,0.4207899662996817,-0.032734053805065944,-0.15580689257422933,0.6014966625617157,-0.0355293134593241,-0.14426942658905695,0.7152023787663682,-0.058046243033105495,-0.1364854611745477,0.8164643929537458,-0.08685061950853719,-0.14055966812178713,SPACE,right
0.0,0.0,0.0,0.18765605079251713,-0.03876183288215823,0.17433015057971396,0.36346911516520364,-0.061732791639154835,0.2346782632698023,0.47071023125225225,-0.03961548509110784,0.2528081799740344,0.571837820446531,0.0026017275706373467,0.26297845806727177,0.4483731676254447,-0.20613323950862422,0.17195295925448453,0.6472235492725595,-0.13845846345388443,0.18657053739432966,0.7533861808506795,-0.0878728876990157,0.190728793019167,0.8426115304174019,-0.039508567097438364,0.1858161057602015,0.4572596262179556,-0.19208731102539892,0.05938836961772154,0.6942038570478554,-0.14385071682448686,0.0655381579087597,0.8415108841091525,-0.12179312871277741,0.06240917300709796,0.9590731392401581,-0.11273791901475187,0.05491891834517061,0.4406962188363198,-0.13943747362693068,-0.046597570248352316,0.7063171412910806,-0.12665451394392604,-0.03876222433366727,0.8601393990045909,-0.1317307502066573,-0.040145925245311444,0.9861968131721619,-0.15728499656386408,-0.05174239601117594,0.4241703680917009,-0.04342985218488248,-0.1405558067889977,0.6128238690276914,-0.04581875881242459,-0.1414886007288231,0.7295441449585499,-0.06780783143768446,-0.14201588449329133,0.8292955033324154,-0.0968568751259418,-0.14946580171990925,SPACE,right
0.0,0.0,0.0,0.19283088327309028,0.017730949686807437,0.10392789810787942,0.38343370542160443,-0.00894019320399658,0.1352868103598251,0.5075159423950808,0.006771664438076595,0.13555884577483765,0.612560506525738,0.012203406535056537,0.13089955016732732,0.457618698084743,-0.18570089381059213,0.10095210813528385,0.6519650312638686,-0.1303978366938153,0.08514458070042454,0.7789326893819262,-0.10074054423069026,0.06087449718165852,0.8899373553897125,-0.07671289654935869,0.03709291776076455,0.454067839259552,-0.1812722356074956,0.01485341423467395,0.6922862897040191,-0.13798486019332362,0.0027282669784643838,0.8503747508335492,-0.12774739469622284,-0.02542791027086236,0.9901145635698356,-0.13014759076828375,-0.05229489099448785,0.4344928404333127,-0.1245744896107227,-0.0682184590724706,0.6826866362882602,-0.10432977194375323,-0.07618730854022208,0.8300411788999288,-0.1111350394499451,-0.09629141937875428,0.9543870707155404,-0.13457447188604724,-0.12045696282368269,0.41291442022391217,-0.022732637133196676,-0.14563002277875134,0.5758188633825311,-0.02321648900341424,-0.1524436708578205,0.6808371751162232,-0.04562505039315301,-0.15878705773063942,0.7757799784479376,-0.07047968896718698,-0.17059325540253886,SPACE,right
0.0,0.0,0.0,0.17033846801226005,-0.03292474061724715,0.12757252424099638,0.33676187253113843,-0.021707079401140555,0.16953179449133177,0.4554271463511884,0.05154347267034324,0.17825322135947555,0.5448890472442208,0.11874439212866009,0.17975946109188123,0.4318072654889438,-0.22696523660582693,0.10863649711295247,0.6594214790706252,-0.20172287636729422,0.10286317835932582,0.7961163453441765,-0.1952447785907857,0.09205557861969571,0.9105571742735906,-0.20305791471762336,0.0776710334992037,0.4346541210061325,-0.19873470121950687,0.015219190976918822,0.6985427124294398,-0.17763545136387915,0.0028836751729361446,0.852384606793313,-0.18087346602587706,-0.020462757594542625,0.9788140387396324,-0.20031411245954875,-0.042394975123860576,0.42248305092828686,-0.11831489273906216,-0.07139115190141562,0.683005826873634,-0.10616642789224802,-0.0840974294498366,0.8319304186284264,-0.1148896831246664,-0.1003791979984465,0.9503883300840799,-0.13911377374052664,-0.11846928345378091,0.4083935650182313,0.010777228577513063,-0.14901886806836123,0.6057532624299319,0.009292227420014381,-0.16275638462139247,0.722170349988607,-0.005180143824799648,-0.16790853046396687,0.8236436068761842,-0.02436415440029052,-0.17637767999886728,SPACE,right
0.0,0.0,0.0,0.18814124689701248,-0.03682257447729192,0.13750764892274203,0.3546349514097961,-0.03742525631940869,0.19109704252854676,0.4684782548918893,0.0017379765557436534,0.2094331977960728,0.5587570235618483,0.01686533514032435,0.2193082107350757,0.44603755836886294,-0.21707367093943006,0.13342975309330046,0.6614234392831843,-0.1923056202534686,0.13171965075753575,0.7971545744147408,-0.1769795850940032,0.12194917769226894,0.9091076417636117,-0.17205923554412417,0.10929508561935633,0.4472109918892757,-0.18832203666716427,0.03709938224509939,0.701128745819127,-0.16889933192452936,0.028412643053834834,0.8544961225925135,-0.16722196355011212,0.003240239192588227,0.9834392892403417,-0.18016284503713356,-0.019710749518401356,0.43216951953237953,-0.10733191525997901,-0.05350999204322762,0.6830503601032789,-0.08889313260248739,-0.06765678231855245,0.8338797323274129,-0.09829360935104998,-0.09261743028316193,0.9556912377559422,-0.12263902884088396,-0.11571766577450673,0.4136935589295133,0.02387903214328543,-0.13410610483747887,0.6103035426558189,0.027499262291296154,-0.15190989668789967,0.7279681180581276,0.01280340439279317,-0.16353833387764283,0.8312154853712023,-0.006641917549214773,-0.17579811244890436,SPACE,right
0.0,0.0,0.0,0.17537354690304877,0.06882147740148535,0.11372168370014514,0.3183147423637433,0.10786907278687413,0.15889584792487121,0.40696044497502676,0.17967679231777947,0.17291273162785104,0.4792492919687476,0.21024131974051205,0.18166664626782722,0.4441886986166168,-0.2017783541849044,0.12582175300456108,0.6618850551357968,-0.16347839096754047,0.12168775211976089,0.7972242149662812,-0.13094781857309995,0.10678052393989343,0.9082285241936408,-0.11233771962430546,0.09091436660026692,0.44639715496743915,-0.19217206422841251,0.04226956244686451,0.7065293971423982,-0.15598270593932598,0.03513511795045896,0.8609979188331581,-0.14144644846600268,0.007370666561172357,0.9897807377294965,-0.14152301498696687,-0.017473621509363487,0.43725728519801776,-0.11336560299647724,-0.03792829298617104,0.6929964862797021,-0.08571030774675087,-0.050918646718924196,0.8452896614665432,-0.08034503443022921,-0.07809428338576185,0.9657716643700107,-0.09020777788840617,-0.10199546335741687,0.4308067775245094,0.02355336952911389,-0.11045687688895095,0.6268548371119634,0.0358124381569269,-0.1334710935790215,0.7466282301669709,0.024216157714448704,-0.1489821792206197,0.8497612645403052,0.010067462824075427,-0.1621936178588331,SPACE,right
0.0,0.0,0.0,0.18118845276121348,0.03847591397673179,0.08920126120622049,0.33606230300069917,0.07781651917460934,0.11004052180645099,0.42391876482304885,0.14416756821029603,0.1010906625397153,0.4979850939110749,0.17985038278183396,0.08565800585084947,0.45577711032537654,-0.16780176272688405,0.09614421205865446,0.6604359994025679,-0.12622500073750179,0.07412186491324674,0.7952316865407265,-0.09442371227626459,0.04448284737042234,0.9090062718394311,-0.07465337266040074,0.017987998277019614,0.45463230048123926,-0.1604223854125131,0.01462245885069149,0.7004855495676959,-0.12367914851036674,-0.0073216004138097,0.8568487982380623,-0.10734166598877445,-0.04512428564749321,0.9912392456040662,-0.10681557311383766,-0.07768649377236789,0.43777748581149184,-0.0959416392276905,-0.0656708855586132,0.687965946850726,-0.07299692139661601,-0.08496772473948243,0.8393649334341924,-0.06690604482120212,-0.1126898091527825,0.9660186856379464,-0.08152223172522442,-0.13857835581649858,0.41957891043385714,0.013589609432433432,-0.1412429926414813,0.5970550613798676,0.022001853970954374,-0.16243005222299162,0.7133892764589365,0.012533530026212476,-0.1759474792569851,0.8170755479175851,-0.004559172070758757,-0.18981791865347353,SPACE,right
0.0,0.0,0.0,0.198799389929405,0.08865983230660959,0.1922728959943195,0.3314620382955838,0.1260899951540123,0.26642717346814787,0.4012594035185408,0.19600630586560042,0.29446777181829925,0.4601801187714791,0.25459427873880397,0.31047817770003433,0.4811943554927335,-0.15568515766759672,0.2015155513760452,0.6615616932636927,-0.09765211124712221,0.22220120118495615,0.7661486314864415,-0.06065594693900688,0.2252861782403326,0.8454428790112962,-0.027604045532742715,0.21640964240991103,0.47824603231684365,-0.16063916102197473,0.0786600776836086,0.721276598394568,-0.13708513313001353,0.08842179001914802,0.8647298899928323,-0.1398056299469099,0.07950044948183102,0.9849165290495524,-0.16086607241567102,0.06373019339793555,0.45855796154671813,-0.115584363611993,-0.03775557240713266,0.7105521376523106,-0.10879059378634556,-0.03855974350806398,0.8464992064468703,-0.11899733666462514,-0.05230834564432497,0.962358822119093,-0.1540330353293537,-0.07433351417917027,0.44226776690182157,-0.02125296641670572,-0.14017454086453124,0.6150687991478959,-0.025815745859438695,-0.17161124259464833,0.7253788453043959,-0.0491745049075638,-0.19518907864611276,0.8229961878702259,-0.0813899755380053,-0.21756874857916594,SPACE,right
0.0,0.0,0.0,0.20023983848072094,-0.03516950448469268,0.16440443897428125,0.37100796978226297,0.014704510957640818,0.22393329390835232,0.4813882730499878,0.08619489046457816,0.24378738533407118,0.5660995191951086,0.16126321639280597,0.2545872954245337,0.44497036849899346,-0.02731862891676508,0.13759616618224998,0.653100871634971,0.043407381280957134,0.13537634521611258,0.7921668032881697,0.06018664882384837,0.13309725072580278,0.909053739220849,0.0649296476442987,0.12565593226137556,0.45056282943120995,0.004532326073855699,0.028564217792806084,0.7011617611925964,0.0765482007552014,0.009324302778731648,0.8625786891122418,0.09455869623196811,-0.005466011033429756,0.9957153486992548,0.09094068150168316,-0.01675520255714111,0.4291795456518544,0.06671834163327847,-0.07154599195042163,0.6868658911423662,0.13403198385733198,-0.09304197657450115,0.8364132456738542,0.14032968891110098,-0.1050208565190116,0.9602500088600001,0.12340620337799618,-0.11654255461470552,0.39865147310679855,0.1749783053788655,-0.158990146323329,0.5897125275840486,0.2238624800171195,-0.18480961666684922,0.7082826117161612,0.22018178002293726,-0.19616449726878088,0.8127383198805971,0.20111289482321898,-0.2064238167635457,SPACE,right
0.0,0.0,0.0,0.20050650686097124,-0.013774631052256146,0.15528090028754082,0.37750372328067977,0.050443582908298264,0.21319451147351218,0.49388765198748197,0.13912498545345728,0.2321018779871198,0.5832593487025654,0.23467004103402625,0.243551509875577,0.45182084591458316,-0.013194230336529281,0.14959555637550404,0.6599995486541808,0.06712391679649776,0.1529333069530225,0.7976593730920691,0.08601194193460601,0.15226973672814095,0.9155233236239748,0.09145890698125499,0.14461256110979517,0.4574967184523029,0.012556044670423457,0.0449606243466533,0.7042216185716776,0.09246089546961422,0.030437920153496792,0.8624849030542885,0.10968578554582208,0.014294882461523245,0.9944374112673303,0.10532193752713723,0.0012347256619798534,0.4355720495255714,0.07373997471339656,-0.05252672468951356,0.6920045024071193,0.14595713102144206,-0.0704007826019634,0.8418564411325808,0.15980306844734465,-0.08269289642493992,0.9677922986733833,0.1458224270311547,-0.0952263230070321,0.40558937769500114,0.18142816131234332,-0.13872744434867093,0.5989176670886981,0.2415797434449038,-0.1614252899431386,0.7178487895739601,0.24717200001137976,-0.17178627186274273,0.8242401951451972,0.23452551487778042,-0.18211537957820573,SPACE,right
0.0,0.0,0.0,0.19092655322679433,0.042605508102243075,0.10382755543888703,0.3784817744809932,0.12611468782222682,0.13710320215677457,0.4930859995127255,0.24433721515528628,0.14125408378056262,0.5817554978494189,0.3558554329903303,0.14060735360537296,0.4731547310836165,-0.010193307649036327,0.09533395264068598,0.6688242814110119,0.05838635863137937,0.08084539567297436,0.802473553784308,0.0760849315192915,0.0658303251894826,0.9171118251193833,0.08227118672144797,0.04723975336487476,0.4705341829268319,0.00966173056836973,0.01015683969570465,0.7039051376271328,0.0835113337919,-0.01883911395464239,0.8573395605512187,0.0939711480052417,-0.04802951092744025,0.9941541219347876,0.07960193260522364,-0.07294596743881769,0.4445804884318637,0.06228977628495502,-0.07162380856780412,0.6873216559678681,0.123033646958012,-0.1003145954855259,0.832637860522242,0.12797760101780017,-0.12503875620187946,0.9620017264888134,0.1047093161784282,-0.14860297910899592,0.413051457464321,0.14629714497090343,-0.14642992443398029,0.5877161738536788,0.19283048354177304,-0.18058780571048483,0.7037726622042833,0.19816635901965737,-0.20444379317100803,0.8126243783483292,0.1913798357768382,-0.22643851290756056,SPACE,right
0.0,0.0,0.0,0.19612106659652517,0.015031512298438314,0.1499737256596837,0.37109544671914624,0.09806717228217818,0.20255691459557154,0.474779564842574,0.22210068972854544,0.21916772848752777,0.5578755238545381,0.34373710762461757,0.22860108509644092,0.47222690598108225,-0.03582724624645564,0.1339136885732573,0.6580423204811052,0.04986486001705281,0.13275514019890391,0.7677144366477441,0.0849059043884396,0.130782433127305,0.8554995891798353,0.11400353545263561,0.12160542352348142,0.4691541527741293,-0.012863975412160408,0.02965391268164358,0.714680040438033,0.05356088590665058,0.005182134510641417,0.8676809674108757,0.06220057939710351,-0.015694270324788376,0.9965613085642835,0.05058905743683656,-0.03298271548357678,0.440475386777709,0.04649664157180122,-0.06836320074818937,0.7073823962282795,0.10707048718525591,-0.09720870269386606,0.8586824033403248,0.10475768445825605,-0.11917472505430769,0.9872311607466087,0.07668294418193625,-0.13962220927378918,0.40829269906847787,0.14705398099531153,-0.15385911437807284,0.6035581894534217,0.19594772211740788,-0.195946557008279,0.7272176092923616,0.19422633713187984,-0.22426150364071926,0.8397325505532802,0.1794339500706216,-0.24797205606822953,SPACE,right
0.0,0.0,0.0,0.1994771764747745,0.07110611103899214,0.13225448729635955,0.38943175574249395,0.14844317519976843,0.1807343888089275,0.510775251924414,0.25796871672111477,0.1968544208818455,0.6114604412043784,0.35548348936417834,0.20701486189232796,0.4859849722650696,-0.028662911305895298,0.12136391213678382,0.6793152374673005,0.04063511734063624,0.11706816705472615,0.8069271118909016,0.06058755654123989,0.10848506011746775,0.9118718187368634,0.06864275970728013,0.09425007893859041,0.47663563839308937,-0.02229465290423327,0.024655035184276843,0.7173312550972617,0.04944552948610066,0.004846081086474042,0.8710365219149224,0.062233782775170235,-0.017160603297084284,0.9978634867839492,0.05386025650933465,-0.036980190807077803,0.44492153191223693,0.027417163794958045,-0.06682167153369536,0.7034558170452342,0.1015768652165807,-0.09073597135170818,0.8527567759930403,0.11038595999782475,-0.11037957097789836,0.9780916462419202,0.09317483597943162,-0.13070250389543367,0.40853533334364334,0.12303289603416351,-0.1482668312253661,0.5961279983246194,0.18383284761584248,-0.18735183003996733,0.7160662261645535,0.1950499644315429,-0.2122489359615455,0.8242502118680264,0.19382721091427033,-0.23351538609177844,SPACE,right
0.0,0.0,0.0,0.2042197042122841,0.05733498880957229,0.12793143572445226,0.39237958840527903,0.13620720913428355,0.17052978963443205,0.5072326121965114,0.25415606482761827,0.18003061271463286,0.602438128721115,0.36828163075224474,0.18287994086271636,0.4873045680592974,-0.027567238015653413,0.11995259016097513,0.6748065968358863,0.05504614354994102,0.11314044237478851,0.7964354014285022,0.07759284693406651,0.10249826909890654,0.8978129654470673,0.08632647730236473,0.08599861093055561,0.47844851300779523,-0.01424658165514564,0.02259374783331062,0.7165447873587601,0.058078636040655954,0.0001694774845308018,0.8681315973205443,0.06971772556526343,-0.02485988843499981,0.9971870660688754,0.058016360164161264,-0.04745584493242867,0.4462982667984158,0.038848743475226856,-0.07028791540811037,0.7050408849360691,0.11030410779934453,-0.09901786294520666,0.8548208672857017,0.11591094558310852,-0.12214672612688209,0.9834379233171536,0.09253681205246343,-0.14496105624970085,0.4094994277435939,0.1348299314482387,-0.1533211052156207,0.594457599227391,0.1912993801109697,-0.19730229082719608,0.7172148143411603,0.1985814035212778,-0.22536631780828345,0.829302647411376,0.19142026857710645,-0.24925840760299076,SPACE,right
0.0,0.0,0.0,0.20480197319428314,0.0489184736690877,0.13667758244463102,0.3847789489809335,0.13241542307217546,0.1808466566862835,0.4931373456537881,0.2530372320562209,0.19046666160444986,0.5825753878030022,0.37340430287333926,0.19204840073046178,0.48239467324280755,-0.01821700718394297,0.12109836256627403,0.6656983299250626,0.06920173608121795,0.11323774583045038,0.791307020047001,0.09235508763767968,0.10288999094749446,0.8972483976009872,0.10372580115145272,0.08660241260708951,0.47441455994809156,-0.007005358285923919,0.01822961190957335,0.7093649125890509,0.0772143666442467,-0.007768478785200181,0.8634627210422599,0.09135703054311113,-0.0327738316587641,0.9950304060165258,0.08327396546388134,-0.054588806348081616,0.4413919826769722,0.041873495967800704,-0.07919027688377892,0.6953776741892701,0.12751858072415945,-0.10844931784641433,0.8442809370726533,0.1357375844196572,-0.12798590835445475,0.9732985403878611,0.11651729624786078,-0.14809120622231708,0.40103100924915835,0.13229286701398568,-0.16621899635240542,0.5881973534953079,0.19166176854724984,-0.2101275069056867,0.7107834637453396,0.20086016419052288,-0.2360335567461449,0.8233150468076748,0.19695914851072902,-0.2582229826006805,SPACE,right
0.0,0.0,0.0,0.19995257562249028,0.01733979449597193,0.13003327261035502,0.3851534293960878,0.1029068066561391,0.1719069495833754,0.49642044714572897,0.22181962691831456,0.1812229882747548,0.5858914862359245,0.3406466456753881,0.18391391459935655,0.4718160472872735,-0.025334823161765028,0.11538992776475604,0.6546684063221111,0.07359682548007526,0.10499301951706783,0.7722632266251259,0.11058265138503745,0.09585126513292667,0.8656305775236376,0.1368617586860575,0.08227777972202646,0.46954423618250113,-0.002867979600712057,0.018556781269643635,0.704911616827369,0.08310664815658092,-0.009968961620022011,0.8603314578652187,0.10215727089222439,-0.03399841230699115,0.991844474632754,0.09468237001519275,-0.0538530296296956,0.442601219278993,0.04959017221063697,-0.07341410702801446,0.7015456027409803,0.12843649508902794,-0.10408680810642094,0.8530209124598128,0.13634578069761089,-0.12382183373660044,0.9832209557868787,0.11330667382834761,-0.14296205709031012,0.4090142551755879,0.13567211029719908,-0.15518045735472868,0.5955448569345897,0.1856952060420934,-0.19783159357195154,0.7199065403538701,0.19130386573526686,-0.22388940254279988,0.8323238126133242,0.1835228148012027,-0.24574011765287757,SPACE,right
0.0,0.0,0.0,0.21796114019315016,-0.003454625614476814,0.1698758778862929,0.39517444209135566,0.07313844175480679,0.22716884489997052,0.5115270331269643,0.17102856901180943,0.2438637741045012,0.6096005131363552,0.2830549945630221,0.25105122832509297,0.4807051078259358,0.0034534555267142857,0.14964940442299618,0.6725453843215675,0.08027960437829354,0.15063096179478716,0.8045804276207911,0.09679902041844497,0.14860396025937117,0.9151939721987508,0.10289318851202135,0.1389197142667083,0.4764342289883192,0.02175608531695892,0.03281107704844369,0.711896020819277,0.09340330872281147,0.014230279917672423,0.8697147670272465,0.10146614947684178,-0.001254557892018268,0.9960182524305012,0.0877038112315359,-0.015990069441790912,0.4430699955012572,0.0641831750642961,-0.07635201576951303,0.6938582988984688,0.13692425501494826,-0.09817213413927632,0.8443410628704906,0.14118197036523641,-0.11000360818495497,0.9672928318779829,0.12024219677580539,-0.1252444766400402,0.4018045688845582,0.1405040215156275,-0.17238604012186548,0.5897560587014269,0.18926731201022004,-0.20646835646879114,0.7114279857142657,0.19268092604862022,-0.2244643940130593,0.8164033453997063,0.18218933412590982,-0.24162955223715604,SPACE,right
0.0,0.0,0.0,0.20678042518296832,0.07621219529672245,0.1299649797708979,0.390764618064892,0.15170164617487972,0.17812381687103213,0.5074208856349268,0.25683962943835426,0.19334535456487148,0.6046130469916784,0.3512189658093282,0.2027801503379363,0.4855878460311257,-0.018557176733751405,0.13042226537097112,0.6693924444827816,0.06709285143012628,0.12261291675676228,0.7958028505717837,0.10247933628921732,0.11041195807947478,0.9001026518496069,0.1297322312493416,0.0940584100436062,0.4785125644581509,-0.007459942835558955,0.034970369424892025,0.7096415269179946,0.0743263418123083,0.012685841116909752,0.8621504522962601,0.10022903151395428,-0.011736121758453214,0.9936791876812916,0.10716401893410768,-0.033429702585255586,0.4472968915221834,0.041557188251184665,-0.056895747093575436,0.6944032082296189,0.12307939966726478,-0.08248255801608108,0.8414891431866937,0.14067103240512202,-0.10190084189732747,0.9701593712121637,0.13344325231966297,-0.12214747569695089,0.4077692658896078,0.1307503435650679,-0.13950711363461185,0.5877826751836158,0.1843498758053991,-0.18008498599780573,0.7082903139600946,0.19555347797588232,-0.20551801778981205,0.8200287284357175,0.19821817114666976,-0.22740096650663802,SPACE,right
0.0,0.0,0.0,0.2055712345917728,0.0953142993188794,0.2584881859912454,0.3569828545269113,0.1612747173430244,0.3771723328136277,0.4412280627777671,0.24844463319485452,0.43713745993424147,0.5214404242754046,0.32549533860579255,0.48770998202835814,0.5001893025885816,-0.03163446242118839,0.3300730142532004,0.6598601834489703,0.03213433312004252,0.3996030625876126,0.7749941939848243,0.05444735742956576,0.4422650745868012,0.8640989054209042,0.07491838869038386,0.4623465548493032,0.4991829716617223,-0.021332831848296596,0.1833717956780566,0.7096323248585712,0.049116757822780584,0.2359583387162794,0.8412222567179899,0.07541963220781114,0.2672436110052022,0.9550500029251233,0.07699211351423614,0.2862720845093579,0.4817623432704359,0.02406237956091244,0.04148978119892228,0.7034594736007891,0.08803122222462227,0.07001897605630321,0.8460283298043473,0.10296748830045685,0.0952536671736613,0.9637559790140754,0.08883832972014659,0.10647194930012165,0.4683663796336717,0.11110676488241403,-0.08428336049193859,0.6524519053008423,0.14304522424844,-0.09884379002700283,0.7772382581372326,0.14986615569823308,-0.10300436382026666,0.8821766196940415,0.1412343118122309,-0.10575811432432708,SPACE,right
0.0,0.0,0.0,0.20990868450483371,0.08023425030327944,0.2510130521776109,0.3650730485252043,0.14729399087834952,0.3646786814015357,0.45318302266363736,0.2400607780574936,0.4203905671735528,0.5354524670197832,0.3260198287183981,0.4667874202386337,0.49950220793561795,-0.028738352168165733,0.31958455662889335,0.6619725297151954,0.04573651133837367,0.38273169938385815,0.7785405238310729,0.07263428023070279,0.42374845808498146,0.868040961080784,0.09378683890500407,0.4435795886217725,0.49938052103818953,-0.016558685230129704,0.17495803797206355,0.7130501360356218,0.06405596074162966,0.219733162142789,0.846229550047967,0.08835296180079592,0.25099468330324837,0.9588457538955873,0.08238004373481492,0.27171372551023765,0.48070042388543793,0.023723539143633045,0.03442962621786489,0.7069454916273656,0.09866402327628018,0.05526996574217697,0.8476885792578414,0.11483271468736217,0.08253137835844257,0.9647118787460555,0.09691230563587297,0.09743670630581562,0.46475243477563033,0.09997235048988322,-0.09050988585559912,0.6513322627075928,0.14023460629752216,-0.11060912335253925,0.7761513566046805,0.14954966658535077,-0.11504999869114418,0.8818443151565384,0.14137391780227626,-0.11645221126260001,SPACE,right
0.0,0.0,0.0,0.2140501884023543,0.07179543666933358,0.20898363971037856,0.38789765429239087,0.15272933419354356,0.29718129842254165,0.4847935099112192,0.25671919228150436,0.3382736561800754,0.5769140035559974,0.3577727506105365,0.3724867695411201,0.5068263927713409,-0.03115013094606842,0.23950358171708608,0.6754414887935076,0.041925255916785975,0.27681002589452236,0.784871432182697,0.0686855881768688,0.29999869354069686,0.8714377441130973,0.09305990818774898,0.30784153503673645,0.5009965016282618,-0.01951755757152408,0.11357847607346369,0.7254900472952746,0.05055212135246397,0.13120343040108787,0.8682982543115149,0.0732110920166201,0.1425549204454689,0.9862125133291751,0.07378819246627313,0.14812218336735342,0.47385360415145644,0.016594833984710372,-0.00722751600140221,0.7134061227652919,0.08333586177564768,-0.003447359920338421,0.8574961466987188,0.09515629543183267,0.008286299811011179,0.9767954015416394,0.07943554066178989,0.01090455740924355,0.4462943707297926,0.08963486623268209,-0.11347905697407114,0.6287752073046455,0.1320101722550787,-0.1378460232250557,0.7487301912607183,0.13700326208942243,-0.1480508923995615,0.8515458235955033,0.1282543242394775,-0.15613694536230205,SPACE,right
0.0,0.0,0.0,0.21049601957444478,0.058903765177147745,0.22430008042473895,0.3842781606221318,0.1186588576085617,0.3154150121719262,0.49147248545019284,0.2010511514545307,0.3550382693407416,0.5925957973582204,0.2902323553704661,0.3850811256814509,0.5028789977296184,-0.04808029926503885,0.24407306655985084,0.6671482201676389,0.03422834504363093,0.2804365205813397,0.7701173909551187,0.07808519508202814,0.30426106807764086,0.8476680132128439,0.12034025876998138,0.31188448457100343,0.4986914632499694,-0.03682176483556382,0.10543856305911653,0.7254283075785779,0.035119849079738544,0.11766311610063913,0.8705018365017573,0.06156622993363129,0.12448302537073914,0.9898126717879236,0.0641570925046549,0.1271013070326234,0.47114547740508467,0.0033804187335477747,-0.026669498908575867,0.7122403215594827,0.05746058335021066,-0.03247283295408218,0.8588084040363101,0.06717620433728655,-0.03062819585795322,0.9769154133726483,0.04543732621459717,-0.03414924398303306,0.44102101730380355,0.08054024080920313,-0.14191618739981404,0.6226422338082028,0.11125803298856941,-0.17663607292255779,0.7467541661108523,0.10474950798452319,-0.19581245941953376,0.8508089624150201,0.08764954224553707,-0.21033942051351276,SPACE,right
0.0,0.0,0.0,0.19950004860891307,-0.0003744664185593502,0.19073666916687976,0.3700877750598365,0.025009163143916095,0.2612854904231959,0.48644262312069625,0.07403963907246101,0.2863479049192655,0.5861290983864031,0.13112262609076458,0.30389734554095854,0.4773575450869203,-0.0737421814406208,0.19481851263138755,0.6773931853302099,-0.012186864361053634,0.21472613747502373,0.8057753395755708,0.013649471651836784,0.22753156260294735,0.9069524609417601,0.03677482973691149,0.23066755795702884,0.4810629213595219,-0.056655353196122714,0.0752515838635795,0.7267454079991968,0.015825809361972407,0.08137681854632517,0.8782070284654538,0.03918622333674212,0.08707583953622358,0.9948428802458753,0.048216287099191846,0.08923470895598513,0.4596766410640621,-0.010940676385853955,-0.03734653590806242,0.7170527104905592,0.06264054773601378,-0.03086099762368262,0.8621143187373016,0.07474491867292207,-0.018757300023958354,0.9757905930037107,0.06648348766977501,-0.018143909087519436,0.4293252172042588,0.07698265074281851,-0.137402304264042,0.6198054997373182,0.11761071810008739,-0.14164580461840315,0.7369984339763168,0.12173001660130431,-0.13720789345527346,0.8368796138706543,0.11720664583256407,-0.13796352818353286,SPACE,right
0.0,0.0,0.0,0.2022135285487388,-0.040692119177546233,0.18999027096529916,0.3666088372855576,-0.02898963375842645,0.25998512724271494,0.4778947481272858,-0.0031441852962639212,0.28571166760616046,0.5679859914237647,0.03830798801993022,0.30173364427038546,0.46355959050184564,-0.06896591011081823,0.16989978753409116,0.6608478540961141,-0.0059314003135495135,0.17781446538988796,0.7916699178683013,0.011942499063144355,0.18064982744590383,0.8970855633284917,0.023563055801917955,0.17560545760645468,0.46573040535162674,-0.04517176164207914,0.048399911255799864,0.7157041236375613,0.014181467554942831,0.03927364088442118,0.8729991872609197,0.02521297741660776,0.031371899675483476,0.9995991361899024,0.016907416449375472,0.02270916549344034,0.4451735876764227,0.012048370072014442,-0.06380538090153245,0.7013570932409902,0.0745958338712284,-0.07225081590379533,0.8467203498547642,0.07414204475142462,-0.07466364505792972,0.9648683288377053,0.05362018943540749,-0.08383120364687077,0.41711534329528643,0.11630245182398205,-0.16234285454474925,0.6010552667718234,0.15706213428476012,-0.18001375249349968,0.7173125233510028,0.15496216248924152,-0.18676288171927147,0.8177888336390012,0.143295098597253,-0.19584256704287326,SPACE,right
0.0,0.0,0.0,0.1604076095197465,-0.053566937414554476,0.24425836201687445,0.2934517906449359,-0.06574301085347341,0.356392765801441,0.3525361085785778,-0.07361528489828918,0.4155006758537607,0.4097426462775436,-0.08256860507029531,0.46180975038960215,0.4873307423531166,-0.06793101316013009,0.2766841732661951,0.6566298181455633,-0.0041365906498810915,0.3297741879047877,0.777324430089633,0.016294819175345254,0.3590800764071657,0.8690763705509137,0.03116668114150561,0.3688788707972503,0.4936855637039763,-0.0321844127536981,0.13854415801164333,0.7213947880306494,0.02356963789709183,0.1742594663144994,0.8632948726116897,0.0349269409830844,0.18702902601210702,0.9816123642695002,0.025136815029606883,0.18922290253404686,0.47819929057171323,0.03010227333219834,0.008317060517296805,0.7192936606051532,0.0797971820522189,0.02429650924802694,0.8532826695679939,0.07310800671794514,0.02429714429832782,0.970802284027777,0.03929538849781728,0.015478734609147364,0.4584577358883343,0.12457495979754508,-0.10436225661220286,0.6376110777146476,0.15665135049506326,-0.11971016816016142,0.7517406666582658,0.14308502493745484,-0.13533970070217458,0.8542371501702186,0.11203995592856801,-0.15037164297292963,SPACE,right
0.0,0.0,0.0,0.18844252412235243,0.018367629379960004,0.2586578512246786,0.3388163012227406,0.07972349276375731,0.3745816444586067,0.4205018416545301,0.16702121697749067,0.434165542441195,0.500526022947964,0.2582485377164882,0.4831926907092024,0.49048732345632695,-0.04956571469067297,0.31226918899282796,0.6547304398878919,0.026634104590896334,0.37671160783698027,0.7600612564583613,0.054574968136312976,0.4073088662072599,0.841707058888166,0.08620635299635551,0.41487122156055156,0.49663156931370595,-0.032415919159814476,0.1695229401577815,0.7213205877155398,0.011833057968883192,0.21296348517362435,0.8613993746274505,0.029162321707402763,0.22113360867372206,0.9756844444985837,0.02973742249834266,0.21715328794804156,0.4805854417760838,0.027394886697299493,0.03535041604046724,0.7266349953620892,0.0624481406793963,0.05857820450377507,0.8624066747298801,0.06367335259401291,0.059694998496241936,0.972822013958218,0.04103375856093904,0.04831223308832698,0.465401447665888,0.14261651784973936,-0.08028217821515396,0.648333915965795,0.15972003867144613,-0.09118610150815026,0.7634621563415832,0.14604848327197217,-0.10468328538995714,0.8610546765841751,0.12110000777178365,-0.12076738731302651,SPACE,right
0.0,0.0,0.0,0.19930462981508326,-0.02173563051112029,0.20545565740992622,0.3569096637267907,0.004864563140156408,0.29919934895656447,0.4571735695636606,0.035827340506435906,0.3470441646689792,0.5505848405626069,0.057844548463894314,0.38664669960482584,0.48631889845797216,-0.0492177595694551,0.2368248193460603,0.6622839084427041,0.013045832195099947,0.2690508799414361,0.7827158725591962,0.034667495561156655,0.2813490156167238,0.8749234147121778,0.05697970812859574,0.2818190645917518,0.4947786665363699,-0.02314666166405404,0.11786974498270968,0.726411518012641,0.011693749565474946,0.13399854401038266,0.8720380809912923,0.024171252497519325,0.13277055620961747,0.9915391824263801,0.023183733735379318,0.12772064908742448,0.4809792102199473,0.041646280238960956,0.005266882129866708,0.7268531079505828,0.07023624854534485,0.01078437231620385,0.8631098686476677,0.07004656529700914,0.008636965625486352,0.9783584236112622,0.0525015853079078,0.0007492936693956539,0.4618022076138636,0.15930851523861186,-0.0930371577518862,0.6547193719382886,0.17754666436346486,-0.11120409378566427,0.773923896802774,0.16795862154893765,-0.12310075726803978,0.8777084049467201,0.14963165664896613,-0.1333113619870666,SPACE,right
0.0,0.0,0.0,0.19509912737672408,-0.02899618025720595,0.18710720234384146,0.350524979048219,-0.0029679338745379107,0.26892943099066435,0.447405252484025,0.02580530299303139,0.3085817728899975,0.5385270532794313,0.0515160259336786,0.3399686792246337,0.4829781312830419,-0.05068038257995207,0.19845901045882072,0.662502507073133,0.015784023919358008,0.21516788466456574,0.7861143633339719,0.03969016734766327,0.22123834331167472,0.8793977685510675,0.06338250333301805,0.21949433052502562,0.4920379669889072,-0.021878620526326668,0.08520549383707499,0.727469998566849,0.01979739929022863,0.08601874919195275,0.8761711362149701,0.035789578196314016,0.08210112051414026,0.9963318393204313,0.03633319988725881,0.07747750991299797,0.4773649793485639,0.044176968790336016,-0.022005193803663937,0.7274543557228828,0.08139569824380195,-0.028214293728047322,0.8661917904793239,0.08228497420541277,-0.03274278408931027,0.9829799490066495,0.06616666665407009,-0.0400848831249735,0.4554155716669782,0.15997049220110174,-0.11584339417168023,0.6491774330632933,0.18376483530341292,-0.14206531112200396,0.7703085183045433,0.17556785361262717,-0.15636730702803,0.8752010169841219,0.15891256272009008,-0.16685483158231512,SPACE,right
0.0,0.0,0.0,0.1766374535596805,0.10811659612034906,0.28013010851982895,0.3179867314415552,0.18617655224021887,0.41826310885019347,0.3906027472723711,0.27806614235821936,0.49658481833733603,0.4662718902002616,0.3419948852479868,0.5672425557236584,0.4761997877024447,-0.033950114915626314,0.3757683120942063,0.6366734899585779,0.009327513920340763,0.4686766308035188,0.7379503800930942,0.03430094830488985,0.520270833558048,0.8134810311779462,0.05839714155252436,0.5439971791674773,0.48436159887837643,-0.02601149255231429,0.22977916331115522,0.7020879299513959,0.0034360608270060317,0.2959657615476899,0.8351426437750092,0.022923490232470842,0.32393654159253427,0.9405687394364762,0.02246267060720594,0.3388596683349469,0.47531308674018596,0.023860202138049007,0.09069921081427748,0.7044815180254761,0.049619684943195026,0.13025919923868198,0.8401572341244431,0.060045169258480635,0.1533790439125463,0.944486368439002,0.04906906004266295,0.16275239068667952,0.4662204287503894,0.139405283773651,-0.02972550493744239,0.6489238376482531,0.15025658636042813,-0.02641270563467069,0.7691269372833167,0.14669477292184716,-0.023239718608891697,0.8655593877935893,0.13080239247467246,-0.023045689707895303,SPACE,right
0.0,0.0,0.0,0.18099521784832823,0.1057610250652523,0.2247650448262028,0.3260923367882487,0.19097183624804207,0.3378375597600835,0.4023927146068535,0.30089770228461843,0.4007444175726614,0.47315212446897176,0.38196530671141476,0.45770842006396395,0.4729131300196135,-0.04589596974318167,0.3299030840274897,0.6522980623168478,0.0033751284817114596,0.4111366674269034,0.7624181272510391,0.03231649093037908,0.44696146452336744,0.8480257353950104,0.0576131880263338,0.4596542586578402,0.4841602495296404,-0.03957375209307951,0.2141854999342382,0.7106273428706251,-0.0021433144388132044,0.28176275533389183,0.848278473934108,0.018595244377115867,0.2928202254945278,0.9562188280436945,0.02747774415150632,0.291359788699621,0.47754043415865205,0.015138224027373514,0.10344221052341253,0.7190783036792149,0.04778330051059761,0.1562099865236504,0.854301694002332,0.05663213999113543,0.16527895414517724,0.9571270833073099,0.04752489889748692,0.1586630838369845,0.4721970374921701,0.138542206214924,0.006533987400334084,0.6641074169052904,0.15582438098156162,0.025360545384412188,0.7801207693556317,0.1520730080432327,0.027857525556030428,0.8733286046053388,0.13517095916596306,0.02379493806716608,SPACE,right
0.0,0.0,0.0,0.17862789645596658,0.12785440742657467,0.2555324856435015,0.32034459635646234,0.21534414609807973,0.38144146814923147,0.3920695180074802,0.3185383716518998,0.4522107819807362,0.46268052073508514,0.39452884341917505,0.5164259970791989,0.4895340932779806,-0.03178789270816579,0.35367161973810235,0.6554947541926107,0.009583356806502472,0.43926235470706715,0.7595139357052019,0.030612818944376393,0.48140292450103545,0.839951582389562,0.049206110770905476,0.4978003515508109,0.4940263096231436,-0.028009741594618234,0.21911349356704599,0.7124118940118541,0.0026084061947702123,0.28431111930665987,0.8450219784185331,0.019733157150060254,0.3053278937183146,0.9497110718754971,0.016113158543834785,0.31271272132555744,0.4818262995998284,0.018490584682784816,0.09036818572467602,0.7127661353278937,0.04550630636676136,0.13184678133298744,0.8485287390682524,0.053873734931048675,0.15170327111172702,0.9518002328747472,0.043338418026321095,0.15615501361025086,0.47017135429488927,0.1343403730698197,-0.022023305161882407,0.6548849820705168,0.14682217749246285,-0.018600000013827004,0.7749809083526937,0.14229418175936173,-0.01697911919984004,0.8734155871699126,0.12558013250178657,-0.018849736097422135,SPACE,right
0.0,0.0,0.0,0.17663574791236566,0.07092581606803622,0.27000234617078656,0.3147222833119267,0.13089340004300026,0.4087546386082511,0.3945367100851809,0.20650254319712666,0.49125428863713955,0.47072683330702125,0.25702705522474134,0.5666536512265732,0.46108499827807137,-0.04958866651611511,0.36960122604156426,0.635416939231738,-0.004078902839238058,0.4667350401531501,0.7450872719169295,0.017962276693305333,0.5167809642451612,0.8293600000896278,0.033279780948259896,0.5393300369372309,0.4765244635086519,-0.035729441447662845,0.23846936474750752,0.7006892491502226,0.0012281290891157273,0.3181392030689593,0.8322091724613937,0.021429004614446117,0.34392270773778566,0.9353934103619568,0.02179725758129149,0.3529363220375068,0.4743240415366442,0.0196567271598144,0.11513020287355194,0.7103069994486917,0.049251480289384544,0.17438218690926846,0.8425752148382569,0.0554683513447294,0.1908735175132721,0.9418906507399459,0.0438853895272455,0.18916638413018008,0.4711408856948606,0.1361577071968044,0.009772638322772047,0.6534611424417585,0.1530280360164251,0.033412213644559756,0.766109142098036,0.1527510616158964,0.037942368890857114,0.8540458239502535,0.13987072710916462,0.03457444201086236,SPACE,right
0.0,0.0,0.0,0.18271540054413735,0.12454950192130959,0.19481220635225124,0.32070361291490396,0.22046393234003137,0.2941204720380521,0.39496321233163184,0.318558908229592,0.34807101904598536,0.4602801727311926,0.36396621326128464,0.3981295075651948,0.47245151868175217,-0.04371968587082551,0.2977484109995463,0.6582963544439369,0.007629070927350996,0.3677097233556808,0.7764733911006219,0.03593332471896159,0.397650244317109,0.8664955435746232,0.05476498430556864,0.40846772604605847,0.48844178943712446,-0.045725515762862136,0.19563669293091135,0.7179796449976616,-0.005042857928246745,0.25469389182512403,0.8560358426522084,0.01636082355453956,0.2624441316696591,0.9652586233888669,0.025706225874257152,0.2600288059518238,0.4834985332498723,0.00901986501913104,0.0969093136412935,0.726822220237925,0.04289759197812367,0.14412346785034708,0.8642775071900104,0.05500511096808565,0.14889024282157265,0.9689637553497601,0.05100704824076844,0.140728477493495,0.4750654538354076,0.13262998193193543,0.009613133840944307,0.6664809905495191,0.1529501892076803,0.030702870174079893,0.7827647360606194,0.15290108139104683,0.03580516778444724,0.8752905951213703,0.14250725358825608,0.034178993211520896,SPACE,right
0.0,0.0,0.0,0.17952257851231176,0.12303753384499144,0.13909691112786257,0.3230185083521477,0.21664703604025,0.2026957717182183,0.39556859873583944,0.3069145360560479,0.22771799526217965,0.4611040401453623,0.3533303518027413,0.2490006235814416,0.48817896335498095,-0.0077035635193100326,0.2098742394691301,0.6844399050612062,0.04906275707895051,0.2380289787305931,0.8071124278708164,0.07489011314844739,0.2422608398790726,0.9049825730914164,0.08953311605324915,0.23739645485464242,0.5013366760173132,-0.02397381641744117,0.11722597265393732,0.7370266080785174,0.013599982053744818,0.1320140745498996,0.8823636527877452,0.03199209703805225,0.11957148082806043,0.9934874722899738,0.03728089082881592,0.10766976168770967,0.4917690646520989,0.02084409297157545,0.02532047487735956,0.7389569434617179,0.058334156338320356,0.032016585964335126,0.8769316435500014,0.07856209905046076,0.02245739685040118,0.9856646176392383,0.07882229250443434,0.01205586075634107,0.47093970958761927,0.13109857422296115,-0.05908704657496744,0.6734277144435269,0.16501664475242778,-0.06669898145271193,0.7980305726363376,0.16930993587689624,-0.06985631782148553,0.9000092233839181,0.1614027513182942,-0.0729644465985461,SPACE,right
0.0,0.0,0.0,0.17144226470064386,0.10374346426720481,0.1071799303474923,0.3249022639556495,0.16466060836338683,0.15375951274427874,0.40441079214814846,0.21164057629323818,0.167106757497427,0.4694045643337732,0.22069979494523317,0.17795270727145052,0.4801886716447903,-0.029429635287394427,0.16348732371520627,0.685204202773846,0.020487299736479683,0.17272907492285466,0.8180601545509918,0.049836396002284365,0.16669098325845122,0.9210408669078467,0.06195833090974224,0.1589914020345838,0.49338718992739783,-0.029603640181938326,0.08532515078025754,0.7307520650761015,0.03557422119589154,0.09584892754795954,0.8775028254334307,0.06580369695147727,0.08443159063967431,0.9945264298824341,0.07368948236286466,0.07407456010259562,0.487253635834463,0.02326054927317001,0.005655766619087089,0.737469560915487,0.0786765397955219,0.01794113990449584,0.8772456420031441,0.09702420875171733,0.01329313419827032,0.9888905934069538,0.09265093987939405,0.005438612118878311,0.4717155604944484,0.13518725189284367,-0.07038646825695401,0.6749779127871505,0.17496581305527026,-0.06590600296209252,0.7985817583395863,0.18473594085245745,-0.061805653085198364,0.9000640388157715,0.18153833865579425,-0.059846765574531134,SPACE,right
0.0,0.0,0.0,0.13117206155142003,0.17328950265428159,0.10988062206656486,0.26086378839196306,0.2764458763800156,0.17105273600747423,0.3229197695283385,0.3654242922404562,0.20250870419841777,0.38374745657036824,0.39648668258296216,0.23416652703377078,0.49054603262431,0.017404670160052736,0.1858530201226405,0.687407526230017,0.06730191306063697,0.21440648211102956,0.8159513373138582,0.09177482804278846,0.2232898535767415,0.9127080066455844,0.10637143991294525,0.22413247975118658,0.5068757603258233,0.0016589981180014839,0.1149830308619683,0.7356506852660738,0.059419181214122534,0.13776550996759263,0.8780450168330481,0.08968041360327936,0.1364711847995984,0.9857207534728347,0.10434818117099853,0.13215919665029602,0.5030526057601058,0.034378367022286714,0.0419525666362769,0.742978173788563,0.08995507324949938,0.05791600153539631,0.8790368882123142,0.11426029774666703,0.051353175902357384,0.9813762841276251,0.1169511544571343,0.04189281722396118,0.4948488991113421,0.12372945832426502,-0.026372699739944203,0.6849199715125851,0.1619191318490989,-0.03118038796398705,0.8040506310447242,0.17151889039573284,-0.03964655066975722,0.8953526136573534,0.1710981495161066,-0.04604246839584841,SPACE,right
0.0,0.0,0.0,0.18609762663597895,-0.00996633949579991,0.152040073352758,0.3633343525453134,0.004675202505009464,0.21004184570562676,0.4785459474152858,0.040110660459488155,0.2300005188348949,0.5783551443536573,0.07809196627960553,0.24591236150692405,0.47209830060433877,-0.05730436082936452,0.17227168492754352,0.6767032396145366,0.022605323949379266,0.18967919029002703,0.8065695845157497,0.05267883519436622,0.19972307193115088,0.9075923793169198,0.07214270248360069,0.201181972270238,0.4833932212056367,-0.03859709355000468,0.07485532907728269,0.7282370119484534,0.0357290431197884,0.0807934898727062,0.8748923778427163,0.049321207102828675,0.08400800345117428,0.9956953722619514,0.03968969117846296,0.08375830747031866,0.47419580921478066,0.002239788449366056,-0.018995514371919174,0.7374231971134428,0.06181893900873965,-0.009117805690394287,0.8783634482400696,0.062457253768307054,-0.0003969599603951164,0.993562128591398,0.03471723461080175,-0.0029013722166771868,0.46082737459165773,0.07176143067181633,-0.10399910997871059,0.6469192777477831,0.10390889620630932,-0.1043432433771502,0.7684490073525286,0.09586028935119155,-0.10437245697223616,0.873733886817995,0.07186797545062905,-0.10898785645057044,SPACE,right
0.0,0.0,0.0,0.16844540199648206,-0.015133448865025842,0.11046824219079286,0.3424009319182576,-0.014208341509902554,0.14632860922464858,0.4409833210775146,-0.002098709035957176,0.15090614227842766,0.5347011050444039,0.017221135668732165,0.1522466452605428,0.46676143372725526,-0.0655257264388171,0.11779859675307111,0.6781489204652953,0.004830854357061628,0.11059008536678655,0.8101802877977278,0.0328095366718363,0.10132943387580466,0.9126180257521486,0.054285330004792416,0.09242881029860278,0.4720432874218638,-0.046791580351319625,0.03563948567837421,0.7206145407120372,0.015555942429510248,0.025315540346386143,0.8738083659199222,0.02880687004148529,0.011957782598897017,0.999697005211257,0.024614468985629946,0.0001602753861912507,0.46191499621425275,-0.0020066543928138484,-0.04490848385378956,0.7286823586272924,0.046014170908357764,-0.04506222023887806,0.8724216930873702,0.04779695996338705,-0.05127684934156376,0.9903080397337962,0.032033951598350444,-0.06373400044587686,0.45065247930033153,0.07301347087609805,-0.11975575486581233,0.6290082363674371,0.10556873605221641,-0.12010398138954445,0.7461452232515949,0.1048184641052101,-0.12183723691291538,0.8502802329418573,0.09233437979631506,-0.12818211839464821,SPACE,right
0.0,0.0,0.0,0.18045098374701496,-0.06872234203697357,0.10872036859342758,0.3468940860405894,-0.0694668356647902,0.15241882252697495,0.4464278057057748,-0.08096092203924403,0.16645343820663674,0.5041575758813978,-0.10696239711783172,0.17390238900962268,0.4558882341696802,-0.06481199413632768,0.10507583241740724,0.6699783264647955,-0.009713845343150087,0.09413281484680001,0.8170043765628421,0.007961103806861401,0.08588595841781012,0.9302630540447983,0.011537543605627282,0.07803943793107651,0.4641470149919237,-0.035278439758232,0.023609807883502375,0.7110671887208457,0.02638536401447317,0.006705317398300662,0.8690429556277924,0.04361921724991819,-0.006583613625575531,0.9990467179483931,0.04082169562929801,-0.015467531234589382,0.45177384804507215,0.027519668002284368,-0.05474496618781642,0.6930993799852359,0.09081336885179488,-0.06684131283026329,0.8382122079173255,0.10878288376045313,-0.07814051284280493,0.961067506617696,0.10846172177487573,-0.08910493284885729,0.42726547511005797,0.1278267858739883,-0.12707050106786227,0.6046529749671464,0.1782546372181475,-0.1416696467549068,0.7172080066113267,0.19554318835426115,-0.1488318224864742,0.8170655980663427,0.204485943842664,-0.15555660319354334,SPACE,right
0.0,0.0,0.0,0.1805895960526118,-0.06546994732968905,0.1350810151275987,0.3439943322570423,-0.057499895385052624,0.19393301412507247,0.44632461541990653,-0.05718338606743664,0.22068361020243155,0.5193385869289411,-0.05529858462514114,0.24196830970260857,0.4509272009615154,-0.05820237943347529,0.13229972588808334,0.6658258850492655,-0.006313321916747374,0.1342843964097836,0.8113769058446916,0.008387446725051042,0.13773757781236057,0.923570574995819,0.013285059505630251,0.13748921637390618,0.46276181862438215,-0.02784318312987957,0.04466950868220203,0.7144402305586136,0.032525272439186494,0.03479947228407776,0.8711960626551168,0.04953275456322332,0.03220742484894018,0.9984587072913713,0.045836632433625936,0.03129237864382489,0.4531260021328001,0.030267847277579054,-0.03823270942743027,0.6998470730771337,0.10219918225299854,-0.043577468161595176,0.8455462599850879,0.12186231106194842,-0.046361703030761287,0.965262270469825,0.1226615648478217,-0.05265215632114666,0.4309815928567294,0.12589331269791018,-0.11265845942944624,0.6075021419097967,0.18034998053052193,-0.12409026302182026,0.7209264129399771,0.20074912149194893,-0.12965050758342805,0.8203624377312891,0.2112946136689849,-0.1358730451315998,SPACE,right
0.0,0.0,0.0,0.18044122047142425,-0.06985029236337176,0.11627556507541705,0.351596202711029,-0.05873535428823413,0.1620816353685909,0.45177798566017036,-0.049930947756735344,0.17735681057223984,0.5256359734574325,-0.04281850369376986,0.18748602921810398,0.45368140592701756,-0.07078054663220769,0.11611133268534769,0.6680743065000943,0.0010194786567715934,0.11121580707851064,0.8143177796116579,0.028931707979523366,0.1079871370776824,0.9268585406726586,0.04125647674085138,0.10288372964996274,0.46657833107735003,-0.03890453387814823,0.03318282499412438,0.714247927256799,0.03888882958565283,0.020903754661167492,0.8694532499341784,0.06341473331516034,0.012210890336542272,0.9978685500245125,0.06499776600963318,0.005800628046510027,0.4567302392726218,0.025098460227874916,-0.04638213520485268,0.702322967776389,0.10232556891577488,-0.05343359072265936,0.8485335318928507,0.12597963434343573,-0.05985208885756666,0.9681102161011547,0.129171906895654,-0.06886630273625721,0.4327737911939189,0.12667522447090723,-0.11943523737561827,0.60822304719862,0.18056595456532085,-0.12690180323162098,0.7227127409665023,0.20009689300788308,-0.12957759711337144,0.8229709448039653,0.2094644534677202,-0.13456217206029786,SPACE,right
0.0,0.0,0.0,0.1615119412164058,-0.08127782181547646,0.13803400185166712,0.3133573443941411,-0.09457132648817457,0.1972721355765179,0.3875562243599087,-0.12970752797651328,0.22385767154857314,0.4266774347970724,-0.16950422342231966,0.24340573420435466,0.46404359313348065,-0.07471307466884182,0.1425920396937299,0.6725796675294791,-0.01412403389137828,0.14716977288541083,0.814146516049975,0.01520622031387493,0.14845576336047783,0.9217427651030115,0.03158136718334739,0.14579276067949987,0.47694681757896296,-0.03540518657008011,0.05406931374426232,0.7222281682668857,0.03353679805847865,0.05282557256457183,0.8727282430620088,0.061468531325629225,0.050480437588979916,0.9967313731795547,0.06626613715435158,0.04621005070587814,0.46854521462881116,0.030464726491953528,-0.0306725189840805,0.7119081072974076,0.10511846325325015,-0.02701814382802996,0.8524775954024578,0.12732514624879027,-0.03158656769285334,0.9693565498494328,0.13034019700772526,-0.04221519333732726,0.4485393736166877,0.12962008263907826,-0.1071024545314562,0.6206919415441826,0.18424138211050622,-0.1112817094955368,0.7337591658215817,0.20377433324484162,-0.11742576447804529,0.8354616192801925,0.2123062982533355,-0.12674083371374753,SPACE,right
0.0,0.0,0.0,0.16370147083844422,-0.07818138644023417,0.15675289187497107,0.31666248380595424,-0.09358475025919495,0.22333265224080356,0.3963318134288335,-0.14193723130021194,0.25396693907230306,0.42014058140705246,-0.20420010180985154,0.27501576629464713,0.46213041102255337,-0.0706556474244916,0.15426398061597474,0.6699714998366524,-0.0033693039488205297,0.16405175975537664,0.8122324029251199,0.02863750515942373,0.16884427992796716,0.9215515875675504,0.04640640564725982,0.16714194487887088,0.4728137503426189,-0.029417434802199834,0.05599039169880572,0.7158981688468239,0.04462981154951698,0.06063758757908476,0.8685570158017076,0.07471550380177568,0.061745862570301915,0.9951194918835665,0.07985518687648287,0.057968491461432896,0.46253635720014297,0.03792740832919679,-0.03659785749505958,0.7042773552799456,0.11558910474183869,-0.028231750084933643,0.8477840149493613,0.13705640673583164,-0.03054340208462541,0.9691772128524361,0.13827789533143672,-0.041928894497388035,0.4435097634393809,0.13921606013067792,-0.11942607912524186,0.6193032019016094,0.18940087271544945,-0.1229287460118094,0.7337681859402564,0.20649875354351283,-0.12929545443284277,0.8371921245008936,0.21263796193324752,-0.140232954040463,SPACE,right
0.0,0.0,0.0,0.1705028311050904,-0.08554639022323494,0.12522272207036844,0.32203998533317163,-0.08820062156266253,0.1727433577971988,0.4064742114339226,-0.10557655159757078,0.1875306405543971,0.4611861389136684,-0.13225757829307758,0.19409365493735942,0.4483789983623913,-0.06327872726419702,0.12028480872578999,0.6629214839009324,-0.004718611645981168,0.11625408626977177,0.8064021577965039,0.020326954752376936,0.11280042245235211,0.9174795618181523,0.03228972355009485,0.10741842501139863,0.46428846042106925,-0.025402229656235925,0.031905152013946204,0.7152380263361768,0.04237529143569121,0.021901971264152446,0.8709546683661923,0.06694081740179535,0.012754801073324313,0.9974926578105016,0.07060772465616215,0.004790285275549379,0.45571556550927833,0.04036154000945932,-0.052501827270083117,0.7043284365576554,0.11550285970429115,-0.0582753567669515,0.8510786547284476,0.1345188705361056,-0.06794564494827818,0.9732576450398178,0.1338118357647006,-0.0803360250234218,0.4332529567838755,0.14118064810138473,-0.12924364629980267,0.6150795514010703,0.19651673628241667,-0.13893402628193663,0.7312018529983847,0.2126837666254496,-0.14470458809079587,0.8349244044911269,0.2180024533888746,-0.15241865989872222,SPACE,right
0.0,0.0,0.0,0.16417461517075435,-0.08689405211149955,0.16128753451906738,0.30926069533973016,-0.1074595363241987,0.2248355443084208,0.3831453923064895,-0.1404561609023159,0.25012790569867843,0.4236680703819767,-0.1775120327299185,0.26514332527120005,0.4658003166129813,-0.0828767197048349,0.15220579826348507,0.6710745834245208,-0.01973434820642443,0.16153136146634184,0.8086879822991717,0.009198159744112035,0.16606778389967095,0.914832213669615,0.024603248911763895,0.16368579870902855,0.4762700523859925,-0.04073530758565077,0.04889498102758623,0.7235974141649867,0.028008089936435148,0.048990047280572754,0.8751504103565932,0.05471395540537103,0.0471410620679922,0.9975425152171912,0.055986104302281375,0.04212465381713934,0.4623759025979268,0.026222364867468307,-0.048012207182483654,0.705977617265968,0.09887195840204266,-0.04550982423148371,0.8479107273792045,0.11644182030608362,-0.04919272106709967,0.9664082845435421,0.11198376144278897,-0.060404801288334406,0.43545244276273015,0.12769237517838425,-0.1342074050756112,0.609995587024514,0.18377729921260064,-0.1422227355935619,0.7240827288484898,0.1991437197894953,-0.14894326505865868,0.8258705854276296,0.20173212842017973,-0.15914757198647242,SPACE,right
0.0,0.0,0.0,0.13990287921176534,-0.05911131418587325,0.11743195598112555,0.27955146392408114,-0.10223058411352723,0.16127889004802262,0.34518099354728754,-0.15175860937901375,0.1755802620464035,0.38239571110414644,-0.19873119899405173,0.1823945823086487,0.4786031292895801,-0.08561782099838397,0.11507625164028397,0.6705716392442782,-0.0023341317384791955,0.11016297822588728,0.7982484546420527,0.024997139761034997,0.1003885870368385,0.8978718288594617,0.03408833497626277,0.08756062377980779,0.4798975807798413,-0.05730331557373916,0.028854779169828447,0.7217364171822621,0.02224814661756712,0.020900379648785113,0.8706591709172461,0.04027063758211459,0.008248411134570054,0.9995274614050548,0.030175041070598423,-0.00585839513469698,0.4618460085170816,0.00407815149454631,-0.055283447352052845,0.7130568415223862,0.07082926574355868,-0.06347654295080991,0.8542683791537033,0.07655275127728786,-0.0807725973882929,0.9784254993311257,0.05803902474425,-0.1010660516976618,0.4357010632875902,0.10148781915263046,-0.13220528082677477,0.6061082220051242,0.15414585024242486,-0.15493255375095372,0.7220499231118421,0.16102219471610307,-0.1763564362612407,0.8326139677622599,0.15484895021953046,-0.19628531359068546,SPACE,right
0.0,0.0,0.0,0.1730847400466568,0.027355984350309948,0.10751318348355936,0.33631073967439995,0.07305678625180778,0.1433567410503967,0.4312194522150512,0.16262009747387493,0.1478557895539398,0.5060141856847574,0.2553378724221096,0.14796430952132922,0.4717689368159628,-0.05158134657311123,0.12508744583230988,0.651106973918084,0.05086590711456142,0.11622896340773145,0.75434540483354,0.10588695485321649,0.0987767396436822,0.8355408894227051,0.1560514019204899,0.08022415189574819,0.48486774091767454,-0.042857619449386194,0.04027707160372079,0.7197120836781417,0.030610889188899662,0.030182368776393884,0.8704024771291182,0.05415279225014734,0.006473638108115038,0.9978768984499101,0.06322964313232149,-0.015611142474105668,0.46804734943976983,0.014123226848904522,-0.04339058449577572,0.7248616774896682,0.06967175798921255,-0.05489922757428763,0.8640341850536166,0.08641554995335393,-0.0743533377401833,0.9793488165620434,0.08147583880953904,-0.09479589880348803,0.44273781684904034,0.12265631190507639,-0.12093134171402294,0.6201301305521799,0.1612575836228091,-0.1417218859902828,0.7321493552291146,0.16314183591199563,-0.15589566851827114,0.8333461218546003,0.15744417257949225,-0.16940135966215467,SPACE,right
0.0,0.0,0.0,0.18707830761136154,0.0020200636683232603,0.11374136115425726,0.35854705805612747,0.04375490353379642,0.1511037785861683,0.45803698589557634,0.13483566551152104,0.1564679809711959,0.5348336452578484,0.22546027190930487,0.15729347778205177,0.4564296883186139,-0.054127538078739636,0.11964151804822269,0.6506097233108149,0.04115945751691265,0.10949635997153312,0.7660512306768398,0.09121781616665223,0.09429172223742603,0.8576807753601259,0.136053683915941,0.07926708013719445,0.4663528643568537,-0.03691926690792238,0.034986211698862194,0.7125331262626984,0.03768509138135891,0.023814454490418347,0.8660615494043228,0.06504499368028704,0.0025962913747525334,0.9968491642812827,0.0777357588151029,-0.015776421430357485,0.44999049956339554,0.022465662312082364,-0.046658489046008715,0.7097077159563407,0.07284849887641999,-0.05555869304255522,0.8538557089668758,0.0887502748161042,-0.06872786855614192,0.973396391104006,0.08502311774708453,-0.08330723192513248,0.4255704237657109,0.1289091329963726,-0.12156711022864611,0.6096560828897316,0.1623635605912338,-0.1330524021807401,0.7244735362200063,0.16319663877196927,-0.13788517765563824,0.8290610686927757,0.1565105072317458,-0.1441705577482137,SPACE,right
0.0,0.0,0.0,0.1732303779361267,0.02271517958395683,0.10231155289427793,0.34428717543175313,0.07155129051714514,0.1359133262038795,0.44338083924278204,0.16515106908534055,0.13954303809704935,0.5191522395890431,0.25981072581176795,0.13950201702504772,0.46189708417293696,-0.04972929288751601,0.10882171828846049,0.6488948708062248,0.05375817315983077,0.09500180308555078,0.7442876363555307,0.1181057063482075,0.07710985269631891,0.8195173440011359,0.1775965684900967,0.05995603673600097,0.46981342812824417,-0.03930448356052976,0.028256190038107743,0.7133114332004713,0.035741084014282394,0.01425610365223408,0.8653719529370164,0.06179559807354192,-0.008934769657062292,0.996719233342537,0.07528502429301155,-0.029714222222129223,0.4515457816219309,0.017109914784625462,-0.050685758463816635,0.712586439973418,0.07101314255949327,-0.06409524140027228,0.8588106336363894,0.0868615019654944,-0.08363307776611306,0.9805731155241897,0.08294428109780944,-0.10318058055284336,0.4291724831724504,0.11819078018030639,-0.1237097264544302,0.6088822781892667,0.1555012525183078,-0.1436166999967609,0.7255568411909159,0.15750785690677185,-0.157060382707003,0.8322314043298095,0.15389734959165394,-0.16987816174956363,SPACE,right
0.0,0.0,0.0,0.16806015821376286,0.04482853150910619,0.1197298679402763,0.3305889287800405,0.08598828549692113,0.16805039612154957,0.42156883218883867,0.1520799303703018,0.1845483608085738,0.4950535116493611,0.21056577275040958,0.19681598614328794,0.4683117932598557,-0.025791245914312404,0.13846660321587873,0.650544278186215,0.06710876985696786,0.13918772893666417,0.7584893639917093,0.11369559839025813,0.1316158546891743,0.8428207760068438,0.15154102750257734,0.12086258734819375,0.48123332593487034,-0.01967558931318699,0.05443385728627163,0.71718176087039,0.054191667840025666,0.0510358916998268,0.8681177145901174,0.07442946913514432,0.03735153033691144,0.996710630199739,0.07775785653408737,0.022839338739625594,0.46869571941369836,0.02115928185553329,-0.027790906243606667,0.7238976753216778,0.08313725334595706,-0.030317130824424315,0.8666324809493112,0.09445161296451944,-0.043174987839437205,0.985688308739343,0.08365072808909184,-0.059983649413833655,0.44863341070571,0.09996229210144873,-0.10301686743613693,0.625192245332997,0.1377271025005802,-0.1162079960229944,0.7430275231427242,0.13721170138437047,-0.1278089397559546,0.8476946925238399,0.12837600600137933,-0.14044955907731088,SPACE,right
0.0,0.0,0.0,0.13679984879821827,0.009523365114246627,0.09391004291809349,0.2579164522968637,0.0907434117800596,0.13178872937130298,0.32485559767048,0.1761266159907024,0.14252820097953475,0.37512774517880443,0.2037470940753359,0.15152250498606837,0.45941283390048343,-0.06382839671942142,0.1252732851184392,0.6844819596688007,-0.03296930721817942,0.12414689228778779,0.8224048022310224,-0.012231047141828544,0.11891682557864433,0.926501483497533,-0.0011870215726329557,0.11443419192919796,0.4816860256903332,-0.0393709309520508,0.05476609609221082,0.7340863472753798,-0.009297532090436197,0.045877624195375735,0.8852577391430714,0.0041456077539103195,0.03179950675962287,0.9997124612941544,0.004045516089215518,0.023635323834374077,0.48043420488968974,0.03196067637742063,-0.01580665755469522,0.7342585666522053,0.07255739272600352,-0.02507908386164139,0.8788383727634352,0.07967431508097898,-0.04010334867496425,0.9906397979533023,0.06901927773469171,-0.04956316811769462,0.4638805092459936,0.16006547162182422,-0.08105895583716562,0.6662078059504565,0.2034776758564946,-0.09289371640553518,0.7898919824315955,0.2060115956684888,-0.09734225090765236,0.8921561569583566,0.1921717534074232,-0.09843915502711928,SPACE,right
0.0,0.0,0.0,0.16061186882630415,0.0684114746574256,0.1522734887149673,0.29565515825364475,0.1521051842095957,0.21403970370578304,0.3822416920907697,0.25154670109094557,0.237709258162363,0.4599241774795354,0.34352151966632943,0.2566361710264705,0.44618910857766725,-0.04727421329965344,0.16337974934508748,0.6548717697432875,0.01612626763377301,0.171187027820886,0.7857892182290505,0.04945669370703751,0.17313846376644496,0.8879783725122852,0.07130917098543646,0.17064340525669297,0.45881227981328576,-0.03691663952595506,0.06421584147707084,0.7195261196776167,0.01979004401191574,0.05509553521756167,0.8759420875831974,0.04426309580929795,0.042972622317910526,0.9983769193449487,0.04547155736891833,0.03429087910414469,0.4531839007932251,0.026285256932507172,-0.029912529750051847,0.7174397159592978,0.08920418513027455,-0.04161048173916674,0.8671930675448813,0.10593984790949715,-0.05481298761457906,0.9845872835608529,0.09481560944050017,-0.06582680122771088,0.4444743443036631,0.15036761877408927,-0.113141434214568,0.6487328006109538,0.20758937470384473,-0.1353746494776889,0.7724741194386131,0.21716215978207604,-0.1473069650079608,0.8757405798823995,0.20719395968941645,-0.15596586442984764,SPACE,right
0.0,0.0,0.0,0.18109213019762316,-0.03351238375363038,0.13455344547751794,0.3568491844926764,-0.012068148690224595,0.1882292738909768,0.47135917417207995,0.020394981141617297,0.20597871608561558,0.5604584637464238,0.04373569513244021,0.21643348291857403,0.4732682934113637,-0.037833641822379964,0.1465236452553824,0.6725716558295672,0.04162465501385011,0.14620576031838461,0.8098158406038999,0.08131134494851551,0.1371470592117535,0.9198235024479849,0.10211837864961605,0.12515810153518941,0.4784584918933078,-0.022161167623639354,0.052343895633099484,0.7145303607946293,0.061319125196975174,0.04725931330396673,0.86665791858929,0.08217736836666382,0.03292343391981957,0.9970700688181057,0.07444862793658713,0.017569281869718487,0.46507218555278035,0.0317837940966477,-0.03894620239543121,0.7066227113350549,0.10841757543336807,-0.04147517632972031,0.8517265772059807,0.12296819494472692,-0.0514189761114567,0.9725357636691362,0.11208218550617136,-0.06685103117335475,0.4497297639416699,0.12661724771061736,-0.12314794169106717,0.6295904900824,0.17247392235217532,-0.13310274097495678,0.7451294227551225,0.1813964700141057,-0.1403089071443569,0.8460969928406024,0.17919986470749494,-0.15082617329710066,SPACE,right
0.0,0.0,0.0,0.1554604529544063,-0.09824264543563746,0.10799189878801842,0.29519639062513525,-0.12612371361552363,0.14462593300075335,0.3682307055726383,-0.19358675427801988,0.1527012818223527,0.38735514077426286,-0.25837718791942493,0.15166860792552553,0.46800023767729504,-0.057289807052755125,0.1021769400548398,0.6790729477437745,0.014065389906138877,0.09254331910493022,0.8202216965968258,0.037823145391039786,0.083141703912902,0.9240550862458983,0.045004543555863086,0.0731117261817513,0.48145827035300165,-0.0170990399624462,0.01947900707390492,0.7314479699103377,0.06000919417033833,0.006844464984708213,0.8810712337854322,0.07508257755228503,-0.003110844672559441,0.9980422516504394,0.061319559554756396,-0.012311601704560412,0.47060032248175765,0.044011185194041576,-0.06086104325543307,0.7240050997536696,0.11963604598778403,-0.06681221390190459,0.8629095800110506,0.1307425294554743,-0.07640101481523105,0.9757801525466762,0.1172980865284693,-0.08939606500662706,0.44444280031508193,0.1271707776188485,-0.13509072115565873,0.6288387030096925,0.18204226275602473,-0.14901820451337516,0.744458847585498,0.1953539442918681,-0.15788025604706954,0.8459041002415884,0.19223849440203009,-0.16773537193359908,SPACE,right
0.0,0.0,0.0,0.14716004498012733,-0.10081530893453271,0.10022781766769498,0.292192606382425,-0.139047153742897,0.13278598367726435,0.36931024929765216,-0.2065167166877043,0.13884197491844938,0.3874621244259763,-0.27985931409245596,0.13686894610118472,0.48120926588259433,-0.05885419534658777,0.09788779926785326,0.694852338545794,0.012823623803986123,0.0930987924950629,0.8294831721661163,0.044051895705144596,0.08632814874424191,0.9283099292337861,0.05810094791460291,0.0785683255582724,0.4913419385931873,-0.009526898420412395,0.022495642159182327,0.7407861516921892,0.06533126911857386,0.018258212462835377,0.8833416981516026,0.08840701220502158,0.010181152069200247,0.9963604429354024,0.08522559613775453,0.0015701963358379306,0.47580988045456246,0.06298371023682088,-0.05032707488512454,0.7253974294398067,0.13750315665915624,-0.047368161422927,0.8581308642754855,0.15318495675715155,-0.05422458232610908,0.9678619589459765,0.14474068469539636,-0.06573071544712902,0.44194991363644626,0.16235925423580208,-0.11767594424252589,0.6301058905198774,0.22022531280237284,-0.11742227041964404,0.7428356947136264,0.2396180976795622,-0.11809631776783752,0.8436052269172643,0.24242075467312743,-0.12257407947200322,SPACE,right
0.0,0.0,0.0,0.15289478580438448,-0.11021167831863404,0.08731215777525428,0.2957996013003067,-0.1417306903781083,0.11296621370241103,0.362879872266143,-0.19446657867684417,0.11369648690736062,0.3830698102350999,-0.25425099170419463,0.10681374956192952,0.4823284687714133,-0.05703652084770718,0.08493912367370539,0.6964706401698745,0.016792509692109516,0.0741195340927182,0.8294803750465711,0.052427631595206955,0.06396076055334991,0.9281337074545293,0.07052110049259026,0.05515279616031174,0.4913892210151058,-0.0034216898451181685,0.014393168762890537,0.7423306652341892,0.07486203420218909,0.004681811080736091,0.8825007976265268,0.10446707809808191,-0.006252731895696444,0.9938915881631193,0.10921102341395597,-0.01588909511170981,0.47343633442720245,0.0702447881872845,-0.05462501708198052,0.7230598363432226,0.14907062349895264,-0.05772865714262714,0.8550712076855779,0.1669379206654564,-0.06706102943692864,0.9644714713320457,0.16057842447573115,-0.07827847925301137,0.435902475233938,0.1689103861658684,-0.1190483514767219,0.625448807865474,0.23141492535584116,-0.12237651634581859,0.7386385936893426,0.2514258668655561,-0.12357986485958086,0.840836406435167,0.25418305931303653,-0.12725058116985585,SPACE,right
0.0,0.0,0.0,0.151187578946956,-0.09642388268544258,0.08450446229610502,0.2938164127556014,-0.1197912804189253,0.11021942730503183,0.3628046706605972,-0.1743347676779626,0.11159294738953103,0.37948509977681616,-0.23408915186876375,0.10564169839227779,0.47674228555333603,-0.03602672990021881,0.08234972056372088,0.687975891345592,0.04082701760663391,0.0684214382162719,0.8257013151832481,0.07248582137846997,0.05599155057057994,0.9271420691854679,0.08568547124396451,0.04532126209318722,0.48477588593025395,0.00898023054000117,0.012123901072581964,0.7323557932238831,0.0889037452508836,-0.0014193960503339732,0.8767777191173247,0.11579099590565205,-0.014161316296377388,0.9930467296868883,0.11510002302349227,-0.024701768320661933,0.46950345169206203,0.07711343300123612,-0.05695712532957932,0.7172174984939068,0.15826555281739682,-0.06329544367977484,0.8533805126042385,0.1758226554562783,-0.07450944026892144,0.9669780120071774,0.16899080542823913,-0.086591512662627,0.4377285010987981,0.17250501885068095,-0.12184052042540419,0.6239663710032861,0.23970770400267238,-0.13075552747580002,0.7390696165975463,0.2605845916276631,-0.13612983560025496,0.8412802964657405,0.26210913614846415,-0.14215135174604984,SPACE,right
0.0,0.0,0.0,0.1985026369613142,0.11348579408688392,0.14213374642080967,0.3921706814267331,0.13082360086569286,0.2057626907386805,0.5311692209682911,0.15693010682649058,0.22867077823678053,0.652520904750819,0.18299013925642796,0.2480040728215968,0.48608745005844994,0.03104737608384472,0.2008109666002023,0.6895944302020651,0.07029818645589794,0.2186847324311273,0.8290854668719774,0.06903410641649661,0.21831852406541694,0.9432418250896699,0.05596293666696344,0.20929779770258486,0.5020558775608293,0.010858418186753737,0.10128749514811716,0.7289461370555915,0.05987613026416975,0.10939837220191977,0.8773057909988423,0.06703660068085981,0.09813115510439746,0.9905148229795763,0.05871074532846394,0.0843528462495217,0.5011736142670753,0.004024730071271132,0.00162324336571238,0.7477522628120564,0.040918720934877854,0.007701065036396082,0.8893979591311727,0.045563750344369144,0.0038313171201468186,0.9992743497541584,0.03729097265616639,-0.007756112541777937,0.49989326849187277,0.030183090708607762,-0.09143449957370735,0.6980151893964285,0.048426886741662546,-0.09603067062641257,0.8297418443459971,0.04220799451995611,-0.09934789469604485,0.9380129413740542,0.02844742662973937,-0.10730719007377978,SPACE,right
0.0,0.0,0.0,0.19219486883849135,0.09038617993307438,0.12218900293804821,0.3809856850581682,0.10783552830992121,0.16925802333439116,0.5117149855590306,0.1416491735584869,0.18105029193727626,0.6254037785736404,0.17188806643169055,0.18886450752946152,0.4670600490355038,-0.005893993067654274,0.1436247895767937,0.6712687068451578,0.0510073632531512,0.14200246807476385,0.8125846265631428,0.060980421661125446,0.1317554515311937,0.926065944505233,0.06057553381752502,0.11836064163491027,0.47877412517095985,-0.016657181717163533,0.05336195893490348,0.717184785148988,0.03825303681182946,0.04860240051247313,0.875312055416892,0.047478130812868495,0.03288340487173959,0.9990691393352341,0.03986156757036983,0.016489701597881285,0.4706810400817622,-0.004575472211290422,-0.03522712315988124,0.7263937075941436,0.040268252253512854,-0.0356096066604348,0.8733794945941685,0.046536946260451774,-0.04393421452469712,0.9910734429492457,0.034290286884567485,-0.05916745331216586,0.45829434701085753,0.044204888112755636,-0.11779402640272535,0.6443733729928343,0.08397948864926336,-0.12498356324109242,0.7651684268198428,0.08675907963237109,-0.13097031066330225,0.8692110664339296,0.07769150856456714,-0.14081031310314657,SPACE,right
0.0,0.0,0.0,0.21180684152074747,0.13791095625357172,0.13342740656401142,0.422646158361479,0.1479026994012525,0.18511436786796884,0.5679403809720813,0.15692575427940442,0.19714019881224698,0.6948656947023295,0.17396031688578584,0.2010780645007157,0.5082231248175499,0.09815769627006,0.1503300593300865,0.6876200228052051,0.12056144875235249,0.1379624360871041,0.8134555379907852,0.11283986874443243,0.11566390361066471,0.9221541916586372,0.0906744581807087,0.08829852666045719,0.5067279122934123,0.060809187946639934,0.04213725499172127,0.7275466576261459,0.08257548730742265,0.01813760767552044,0.8767152454516927,0.07349658013264924,-0.017549419060832457,0.9975703066244789,0.045042162183029394,-0.05314778421553409,0.481113234550141,0.01953763758031713,-0.0666828392410016,0.7028902928125798,0.05757382730588922,-0.0947272191549104,0.8421217292317614,0.05092236178670993,-0.13142951713366335,0.9599239193857443,0.02471832595513069,-0.17049262308730806,0.4368183877318022,-0.005524335144304073,-0.166964874219257,0.5845713719490554,0.03566964258782222,-0.20818703263489996,0.6955929381479218,0.03774858918428855,-0.24651356218540066,0.7967993359076971,0.021075127190091855,-0.2850941421128949,SPACE,right
0.0,0.0,0.0,0.18634845986273835,0.12219592927535751,-0.00493123322699992,0.4147671667709042,0.1472841267042658,0.014691089303788011,0.5812593857383807,0.15822285613113155,0.026407673650401337,0.7193859146992669,0.15995766668657924,0.04116472830098901,0.520583667443443,0.10061504466752585,0.09669712137485612,0.7200990815313807,0.12687267699916302,0.0899863169538004,0.8475574678690182,0.11848230393539401,0.06257104697674928,0.9572782345840688,0.09258611526665286,0.03677996424555223,0.520402945611995,0.06268944750572668,0.07974524372436521,0.7375605597825343,0.08884828788120457,0.07678946353152799,0.878073370752738,0.08107546373214208,0.03904060825414781,0.9982580505350815,0.05872467634950283,0.005681278865244375,0.49344345396129846,0.027460394641263167,0.05163459269094217,0.698881227605821,0.065826588057339,0.04586524102002147,0.835313018250505,0.06570756160413505,0.011065944943510288,0.9493853920946924,0.04423142027512287,-0.021234046687142502,0.44723768239365497,0.0020373361240077496,0.01941803116483203,0.5901015633807697,0.03497096383843293,0.010149242876417804,0.6966022677818093,0.04061142907834649,-0.009622634145576667,0.7951104450389141,0.03205203845102786,-0.03013713859667644,SPACE,right
0.0,0.0,0.0,0.1930150828735753,0.1350351266154385,0.054737719541126724,0.41096301307515537,0.14896292710036027,0.09090717792636772,0.5667734914730709,0.15774050796719957,0.10431957563467449,0.6902116046497692,0.16723341938419986,0.11599342848211966,0.5179983301662979,0.11342869662443189,0.13098328889339156,0.7097042118200213,0.1317116154967024,0.12297069482322551,0.8341203175491182,0.12303565205461277,0.09716884439105125,0.9422802408932597,0.10056757845611329,0.07021491642721976,0.5162347567533345,0.0750000731883257,0.07342566753006778,0.7360381569936132,0.09187117127176632,0.06103540056401479,0.8767072382461348,0.08519608899590168,0.02123091296082007,0.9978122594449266,0.06454269816600892,-0.014315551503945369,0.4874381423531167,0.03355058619043018,0.008447921330199644,0.6979063686779297,0.06455171746406363,-0.00900822150739627,0.835458480737168,0.06308638217344249,-0.047687192315609625,0.951544863855053,0.043987317041643964,-0.08390356670923867,0.4393246968802907,0.0007860819326789919,-0.05523441879145929,0.5843045015308475,0.02637302879849561,-0.07933715873815558,0.6902196218035955,0.031809460808180715,-0.10660268465957286,0.7885256613797028,0.026047331924297916,-0.13376030470120787,SPACE,right
0.0,0.0,0.0,0.20870441329897405,0.15977018834100906,0.11498150080604982,0.4197631143384773,0.1703669178553223,0.16129219449864507,0.5647367965204453,0.17411334678689766,0.1722486979557475,0.6814339833733368,0.19120938518669878,0.17475064418669328,0.5154921247725005,0.13672001105886655,0.12669681760580193,0.6977267754852354,0.1477398783554251,0.10760768149877203,0.8256464547962632,0.12952786125796903,0.08093136223650943,0.9358886539123004,0.09833193385589992,0.0515900600068059,0.5134655750324045,0.09005918277643607,0.02796778526357122,0.7323158545018574,0.10347994458192991,-0.0028911958620056284,0.8768671938997619,0.08837458162927252,-0.04111190789721456,0.9955252437679808,0.055931898328647825,-0.07616502983690303,0.4852569526730963,0.034157096879604484,-0.07150245245376771,0.6968828849152902,0.061939699588258464,-0.10538911331125904,0.8317754932785933,0.0530710973715605,-0.13922555264298658,0.9473147652797417,0.028331350203618412,-0.17306869977187278,0.43494271024635717,-0.014423453262247046,-0.16360120306552614,0.5832102686449299,0.010517030946591127,-0.2076374690693199,0.6904898076618409,0.0183934754324443,-0.24016414889658688,0.7871415128605769,0.014642872760414644,-0.2716265497517069,SPACE,right
0.0,0.0,0.0,0.1987617692801068,0.1368690079542477,0.028521128061326124,0.4231963972231994,0.1555025183030931,0.05186097979297203,0.5861820662029494,0.16913581543934753,0.057277423048281734,0.7140724113358656,0.19595361631962188,0.062245918267015435,0.5230499323775388,0.10825822955811132,0.10766002760837536,0.7191291230048634,0.11989810942503246,0.09188227216594941,0.8485958349638842,0.10424564130610034,0.06047218117071597,0.9623232348868814,0.0756388557337383,0.030849505812602644,0.5203875174848169,0.06610638825490751,0.06406048822519456,0.7362580375349477,0.08633423313684213,0.048120149989707685,0.8757438423702956,0.07496985811034963,0.008538324022179444,0.9983872177813673,0.05044872946506878,-0.026036302850849492,0.49100632374142394,0.02381020637226175,0.011617078136395152,0.6945889286260601,0.05887778009386401,-0.005361596261150906,0.8292016916860293,0.05731598707453559,-0.03504657604696001,0.9424930752528698,0.04054852291662237,-0.06341914507223483,0.4412245954878567,-0.0126618431119604,-0.04251658783788453,0.5861475282773014,0.01488444846594011,-0.058809654621110395,0.6926606942048428,0.02482298612262006,-0.07448631675660007,0.7897715587085963,0.02314779690810073,-0.09240139333270093,SPACE,right
0.0,0.0,0.0,0.19395005044009564,0.15087223728086335,0.10460264638580391,0.4030591911360811,0.1656885408435641,0.1452260703813264,0.5472736549764669,0.16934480092055065,0.153387468959932,0.6590816035708734,0.18625298477727129,0.15434246795974368,0.5038024324088324,0.1384554898143726,0.11137666002011472,0.687238272933272,0.15171253495829168,0.08976584505539165,0.8142033912719989,0.13613925437394137,0.06326786367389016,0.9212885556978964,0.10905629871047898,0.03561354042982615,0.5039044657414409,0.09170531382730292,0.01959299301407304,0.7245143191292147,0.10440590305496905,-0.012642218139855685,0.8738196159450189,0.08887576011509993,-0.047523678794371284,0.9952639036923344,0.05695429715010229,-0.07877797943101633,0.4777848189836192,0.035020676199094526,-0.07297110956999918,0.6959784718415818,0.059848655816799864,-0.10616436361146733,0.8351677940509987,0.05132513000862392,-0.13682178525661573,0.9521004554146629,0.02860813731285936,-0.1671880647344308,0.4303760552599153,-0.01726707330076058,-0.15901388736730593,0.5819080621306864,0.008699818921466701,-0.19960814667111154,0.693410107702813,0.012439005703140856,-0.22920931157505042,0.792898319286925,0.005012239732733527,-0.257780614460887,SPACE,right
0.0,0.0,0.0,0.20833107185864747,0.1507199612706733,0.09780973812180685,0.42031369701095883,0.16415462991878532,0.1325215925250578,0.5675744422426201,0.17245131493418667,0.1346962634396039,0.6880862332192238,0.20546127008824094,0.12982520434645417,0.4932620795199035,0.1101854262319695,0.1077524495951194,0.6780390232617916,0.1279007307707157,0.08145135125946253,0.8110091301593365,0.11903884590054933,0.05024072822533638,0.9259141031409436,0.09643715139484994,0.01962119588963577,0.49539462129167017,0.06885969014265593,0.018547890150544446,0.7169926326879247,0.08770381946970678,-0.01377209109185718,0.8694039609220998,0.07619882305301474,-0.05034925973953904,0.9953622232264391,0.046813745964369165,-0.08403878725031691,0.4721808730247501,0.025248546490135405,-0.07225029886101704,0.6935866455989294,0.05736670250030757,-0.1023276338046939,0.8343935605140591,0.049022376117837926,-0.13157672628878395,0.9523320286409376,0.025137711408897957,-0.16217504640422997,0.4300740744402153,-0.007286176184154768,-0.1579908990467956,0.5831203912259559,0.023040506932126167,-0.19145473911556662,0.6965022185174491,0.02700733976859961,-0.21727377621145863,0.7970320980142277,0.016188615275875142,-0.24456024615911603,SPACE,right
0.0,0.0,0.0,0.1932756895072139,0.15593055405986628,0.10593812615813143,0.3960606700327709,0.16498790186606174,0.154572173197417,0.5315700007865097,0.1565758715070403,0.16930074783004095,0.6386658757598662,0.16678442385006867,0.17836177476940934,0.5099335836512315,0.11656739523202685,0.14484774706422274,0.6919966816055004,0.12512910227166618,0.13488730391014814,0.8194440647062268,0.10962320088454135,0.11470621624497175,0.927828665945118,0.080726560651963,0.09109524098339297,0.5162405973375364,0.06793452852898105,0.05469105326259245,0.7373822675181745,0.07312861070886596,0.033988668213605515,0.8826261074902196,0.05837490998245707,0.0052793804607559145,0.9994285654287203,0.02681141302703061,-0.020583749332524676,0.49411275850992076,0.014417581146981068,-0.03853453045840551,0.7129745213460599,0.03806529123483062,-0.06397793064434831,0.8500252205477188,0.03377409093776019,-0.08943315616703373,0.9654360871730653,0.01401556364642215,-0.11489473541458431,0.45216993715975423,-0.03192573461335137,-0.12622242230767558,0.6054154522959725,-0.0033929393050669754,-0.15993548735048588,0.7166790694184266,0.007719700370552669,-0.1832872971884394,0.8166244172241707,0.006497776113481533,-0.206167487357993,SPACE,right
0.0,0.0,0.0,0.1931242784240658,0.1574171716392268,0.1095398189196866,0.3952982351262086,0.16846152499773673,0.1550801329835665,0.5277575890096335,0.1644864505216359,0.16654235172042528,0.6329469668702904,0.1885273068637677,0.16976076463748782,0.5078329554633912,0.12338112423581794,0.12385199716048427,0.6838462171687978,0.12508375097651706,0.10322251424559625,0.8110469918761629,0.11032651318322324,0.0764110252129752,0.9206812348812771,0.08387889702930962,0.04784260591607178,0.510544430771811,0.07846177732596576,0.02731024101243796,0.7305562577197301,0.08878128781718468,-0.005702409599829249,0.8758847392867966,0.07227437384326216,-0.04133411899743335,0.996574394279464,0.04049911234826391,-0.07210616177222397,0.4841779447418784,0.02451376353321875,-0.07061620000800137,0.7046752455047973,0.048728340884321264,-0.10606018053804193,0.8418420567059618,0.03901584859458684,-0.1377867212321302,0.960502352736197,0.01909041078441414,-0.16786349040569665,0.43491255661801925,-0.025748509732396042,-0.161811869294371,0.5892962457776845,0.0017691795809413773,-0.204591007052256,0.6997439012154272,0.009080944038372129,-0.23396645807849623,0.7991466000967121,0.008310258127047172,-0.261944890090973,SPACE,right
0.0,0.0,0.0,0.18361341597099573,0.15809969218999245,0.08850450897173767,0.38658991777359736,0.17192116908093985,0.12724678937654352,0.5201982677712416,0.16882707970100083,0.13587095802618027,0.6227346338812849,0.19626799933616898,0.1387955965636506,0.5089569142715825,0.12980098521857247,0.11807772393607244,0.6890712643237712,0.13300204572514995,0.099631675839518,0.8146641467030065,0.12108142557133665,0.07346911793301794,0.9235557078131039,0.09506645123749069,0.04714480719466607,0.5148481976969602,0.08475806761120204,0.03646447499558496,0.7316775613154003,0.09377331159905172,0.008917502728490413,0.8766379698371586,0.07704141273428043,-0.023307560997459467,0.9978404947971427,0.04247016109555813,-0.05010621078779409,0.4917730119386851,0.029417059825577987,-0.04800275540417902,0.7090173427955567,0.04800177933665326,-0.07683853501061996,0.8444603485312078,0.03896352646496058,-0.10167231095340783,0.9611201326745592,0.016558323074376796,-0.12483480810944567,0.4461229827295628,-0.02701505345175841,-0.12822321946187626,0.602633144527402,-0.005518700972972754,-0.15972641808921872,0.712467565294276,0.0019825988244710296,-0.1784207199325002,0.8112571163195713,0.0007748342550284315,-0.19677232312042936,SPACE,right
0.0,0.0,0.0,0.1895141354989248,0.167263620964346,0.0833365991874352,0.3842109935065226,0.18536675604950395,0.1185461664408382,0.5170436758087879,0.1891092493823388,0.12374185451630099,0.6238531139411643,0.21438900089600407,0.1235480843709282,0.5096889455322571,0.11864044273789899,0.11930471467316985,0.6900384777750457,0.11029181916776072,0.09810576267135628,0.8167190737257136,0.09365083958374563,0.06907392505753532,0.9255874839123905,0.06911157712009768,0.04123788877825948,0.5142457165075731,0.07644358010966866,0.039301304290589374,0.7310166772452432,0.07776476635953727,0.010836935494286918,0.8767376335375878,0.06292294689299256,-0.025037256286755172,0.9978626593291955,0.035162016412652236,-0.055079449146322824,0.4903869710900268,0.027774947309302255,-0.04465743621209474,0.7064214475859544,0.05061857394938438,-0.07569311719130781,0.8427448209007741,0.04506610751673707,-0.10653661117591921,0.9571509798496883,0.02613397711868793,-0.13406338552244018,0.4436691805205402,-0.01910433715386712,-0.12469363596242543,0.5969055600214433,0.008898083265445859,-0.15824028792737058,0.7062853842248168,0.016070094164437113,-0.18094469741979868,0.8031289570854692,0.011197644176857077,-0.2025107902202079,SPACE,right
0.0,0.0,0.0,0.19705886516483542,0.09624110048525712,0.16525886649063606,0.36713569860163825,0.16659901638995586,0.22849725732485412,0.47305057666987915,0.25727069633797406,0.2523552070789354,0.5673697595174102,0.34826629498897976,0.27063702513610566,0.48548568690255123,-0.015467068538801294,0.1678917832049771,0.6782399003374091,0.04156164226681392,0.17761957200288567,0.8094112248718959,0.058603332121422526,0.17771854303472737,0.9172464356545454,0.06711001179657783,0.1686377248878547,0.4823581379088431,-0.013873824374014881,0.060119350244351444,0.722765250149998,0.04646717804948942,0.054060590823981146,0.8747294808581867,0.06084778165423343,0.04239777162433797,0.9983130840684707,0.050928935303301254,0.027878840122406455,0.46334133642766917,0.020443331524514437,-0.04190311093409593,0.7104799151708174,0.08128100929259963,-0.046769862528796176,0.8556919763161795,0.09005177681551174,-0.0567160271380795,0.9752191664110693,0.071528778005406,-0.07495529990994915,0.4454675618314412,0.09544328971037588,-0.13274262559387423,0.6155784711195675,0.1395923192927967,-0.15464719450593692,0.7308047736773584,0.1473071316555109,-0.17363634650455076,0.83081898223503,0.14116040279991984,-0.1939356605048126,SPACE,right
0.0,0.0,0.0,0.1940064468194303,0.10407790672215891,0.15282509044080012,0.3588855697245223,0.16435754880345751,0.20893887940540018,0.45831422398137456,0.24071737304065555,0.22732496079520095,0.5492954211968788,0.31806956382886875,0.23983082780105627,0.4872691735223255,-0.019998664390366724,0.14984606877302784,0.6752197565724873,0.03920525639597821,0.14889312881357822,0.8050182666851784,0.05704418318551169,0.1420369102934623,0.9106481497198424,0.066148261152715,0.12946993080619698,0.4808629972794418,-0.022671276447229226,0.04546882722443026,0.7209677534156175,0.03434013132925811,0.03331442653326791,0.8714311589181641,0.044419176556266135,0.017849061482917154,0.9994988441900937,0.03164526436503339,0.000798564921480162,0.4613013383427331,0.006056774197296947,-0.053900118127555914,0.7105787580242556,0.06555405512614382,-0.06470944043688784,0.8528175590350858,0.07340983510766647,-0.07687720355609282,0.9736058664261742,0.05407558086073171,-0.09599511102034924,0.4431378945403906,0.07488128911898825,-0.14293679913470334,0.6129219990281151,0.11376951424372472,-0.17206484380456416,0.727396993835222,0.11772866226346297,-0.19366306701675645,0.8299235311968948,0.10739307864977049,-0.2146944476225661,SPACE,right
0.0,0.0,0.0,0.19303276686342277,0.09360151329920162,0.18113205342147187,0.35444384012518576,0.16010992074295077,0.2534673314637048,0.4483069247988851,0.24002398810610445,0.2835098958217705,0.5331497079253904,0.3208090119604984,0.3063107170028314,0.4891649829821299,-0.023826663479394487,0.1902209603150937,0.6751693524080775,0.041195205908277015,0.20851764940369888,0.8009721811586026,0.06037961237231356,0.2149539178165647,0.9030547018585096,0.07515905530869187,0.21019429651895033,0.485164413878501,-0.022653604748248898,0.07661912197919589,0.7238097430740488,0.035758787725609045,0.07960022934835942,0.8726417219598201,0.04655340663138644,0.0724798311636064,0.9974818664710773,0.037159997643986455,0.060407455139866846,0.4662973468218163,0.010092490229844047,-0.03076586315506527,0.7190480266659106,0.06752035852442739,-0.030662453578661892,0.8631916307095193,0.07242063157521222,-0.039602490171921814,0.9833385244850309,0.05221391275663384,-0.05769732171037,0.45312725351113414,0.08485903610511483,-0.1252898726643948,0.6284367566875205,0.11614358198174235,-0.15005157762178148,0.7444687010224385,0.11764027814945098,-0.17221452018297498,0.8464309496806346,0.10709676776319141,-0.19415525405224077,SPACE,right
0.0,0.0,0.0,0.1919871353210047,0.09707430923723374,0.1905020946349557,0.3535337087995309,0.1609908351516187,0.26511630757897536,0.45041749064211933,0.23606905750978172,0.2960045085212942,0.5403623650493024,0.3144803059433238,0.31809919332709385,0.4940857678293638,-0.016671949252072202,0.18369823602520213,0.6782015145345386,0.04086912892717672,0.1954803122283999,0.8054793294242816,0.05529666547032736,0.19871821248812352,0.9087562078554048,0.06280324426419967,0.19155616237643677,0.4860333781886208,-0.018751305070685256,0.062346355833550866,0.722954895373076,0.041448733317202925,0.05553673753051836,0.8737460971462992,0.05148511480166021,0.04570658314871909,0.9987238452723691,0.038808424737723675,0.0323200719948042,0.46319205162035787,0.008453399667683279,-0.05175163565505067,0.7121213071583924,0.07057094586631214,-0.0622373578244682,0.857172018808529,0.07775543308565777,-0.07268474575673613,0.9785518075030868,0.06061278089123557,-0.09073805622407775,0.44494644636609165,0.07718264757080834,-0.15164894354709962,0.6191311030417447,0.11078325666984325,-0.18755148707966313,0.7354761551940124,0.11405731953045842,-0.21343024649827058,0.8372657166159888,0.1071281390199375,-0.23721395665760078,SPACE,right
0.0,0.0,0.0,0.18512748576913332,0.04804072940661475,0.21027502489512395,0.345390183865912,0.1022567793027586,0.3046567501233996,0.4385378102402958,0.16882204395989253,0.3528556114583174,0.5254637640379366,0.23519599165045982,0.39301297142974845,0.48519989613863257,-0.019067924334473574,0.2333726647106262,0.6713601675345243,0.03415466280450429,0.26874590351344163,0.7965751865707162,0.05018820632632958,0.28735402533002463,0.8979226499823281,0.06449908216730203,0.2911068634944893,0.4902903740419167,-0.009504113460525382,0.11288615707248315,0.7243627096001348,0.0360853545778646,0.12968557969688985,0.8713165519215158,0.04414022673573993,0.13342081934912106,0.9909986598351483,0.032376780109871314,0.1298976532299836,0.4772101206482951,0.02187737018323522,-0.000759186153580766,0.7250106200939388,0.06419448273703889,0.00769447089204404,0.8672838184611823,0.06574580050427879,0.004323444118093561,0.98289611124471,0.04452245317799657,-0.008594809765360104,0.4667115257034122,0.08751172193276222,-0.09928431428058879,0.6427422870159072,0.11480423837521761,-0.11880121078949811,0.7571408682234633,0.1186499335231889,-0.13856925538634077,0.8534332035653366,0.11051824933507329,-0.15816150587219752,SPACE,right
0.0,0.0,0.0,0.18914814249068163,0.07705546912254363,0.17634251354158162,0.3460017892261375,0.14280185358627567,0.25483915846393485,0.437029806574934,0.22841660854205298,0.2917032709919101,0.5144754526732592,0.30070799802176884,0.3205020229496869,0.4862827158366056,-0.04625213342361204,0.20407778038648758,0.6689221391444333,0.010520180597143061,0.22691689706158838,0.7898663661339171,0.03437874149784961,0.2327381926054567,0.8871701643000155,0.05071112011316966,0.22841970924964192,0.48874817136636406,-0.04222753403525865,0.09576356489856444,0.7230005428642013,0.005674562099408485,0.10409029034367442,0.8729469518701872,0.008086735845461844,0.0948633204168126,0.9966359727427483,-0.011588944360307536,0.08113220201454724,0.47120271981244344,-0.0015607079031264232,-0.008196210501450873,0.7173983438917818,0.04567072593645057,-0.007432332781498763,0.8663471010259669,0.04402535108935444,-0.025175504002391717,0.9884908459014453,0.018360214485175917,-0.04844234123888137,0.45762097417978476,0.08289602848155776,-0.0998381511715327,0.6402381880552658,0.1172082459520026,-0.1273219326894843,0.7609774209414929,0.11720449224512709,-0.15442281003872557,0.8665032969398421,0.10329200332888228,-0.17941289198942142,SPACE,right
0.0,0.0,0.0,0.18965890425514678,0.15270476961077056,0.12872907420203955,0.32844553211320804,0.22303218876969738,0.17901000362338193,0.3978528222874828,0.2952170352179285,0.1935974086104335,0.4557202356020213,0.3370930066987418,0.20114374351448253,0.4766302688519396,-0.05262375641907079,0.1433537622627809,0.6670131112034419,-0.02081989431991654,0.1370038227416515,0.7958692765698469,-0.011121322339240378,0.12288330024671261,0.9001615889465064,-0.006766805899643614,0.10723921652688134,0.4760895399629047,-0.06105975523386877,0.04777775224493386,0.7234446877874647,-0.02228431168677425,0.029971999445891406,0.874445716461129,-0.01803678942425273,0.00522961112835772,0.9994649575713619,-0.029055514607393557,-0.0150191763347842,0.45887206211378984,-0.014177251917348508,-0.04595339667227522,0.7186965332795676,0.031791927327934504,-0.0685947209438506,0.8691552626995629,0.030732245272791975,-0.09686912309583265,0.992527505381471,0.01330726991001454,-0.1207026714692681,0.44219332402517325,0.09253028126667509,-0.13098964599199836,0.6342555143164642,0.13106221360449657,-0.16801404136738204,0.758039401914478,0.13247407610159717,-0.19428885897155088,0.8655417489853463,0.12206925879944389,-0.21497417304231844,SPACE,right
0.0,0.0,0.0,0.1608268226703692,0.13740227714857023,0.11465739843044269,0.29310357407922877,0.19676997227937648,0.15998884456712006,0.363744871776872,0.2541230491835714,0.17409883176032132,0.41807159292975304,0.2903845294815908,0.18103886045000578,0.4617316098497825,-0.07137589905795498,0.11538350342005128,0.6637314330024735,-0.039005241610430216,0.10758267008189061,0.7974126087419894,-0.02687427799990961,0.09423958333096212,0.9036759447292158,-0.02629982035406368,0.07904113381095097,0.4698765912579329,-0.07971696640330345,0.02962820497787086,0.7223030439449705,-0.043089678726645646,0.00919090213267045,0.8749983764140028,-0.0359906262986335,-0.014971705250424596,0.9979788624378543,-0.05325504559485441,-0.03467117312604657,0.45952399527531973,-0.02902422023990238,-0.053153395901421985,0.7208529966782958,0.017021371600954436,-0.07980879580605786,0.8694319662745311,0.018076569349132533,-0.11090931019990324,0.9880398594824403,-0.004495146526691147,-0.13549031476071538,0.44352939720055456,0.08014847904871299,-0.1273527226204189,0.636221523487655,0.1321328795316192,-0.16889221276569308,0.7619698696208209,0.1377538724162142,-0.1986943658564934,0.8680612184677529,0.12723979389708498,-0.2207711810121463,SPACE,right
0.0,0.0,0.0,0.13319727507138873,0.10739649958324335,0.08490708208712978,0.25042433407954917,0.16856466827024624,0.10975936993273516,0.32378818305942036,0.2299028906908825,0.10652898370830992,0.3823148437797798,0.26655126242424054,0.09770987934874595,0.4562798546119217,-0.08252006769173277,0.09459302614430537,0.6730673013147923,-0.05127597971810509,0.08241423423818617,0.8087759554126261,-0.03451334113380651,0.06472349355113766,0.9172469397109582,-0.03281479505899074,0.048464566347228705,0.47177326310467566,-0.08957172210526748,0.020777293032068492,0.7284749495565026,-0.05429751994545029,0.0027848696134392583,0.8798494553945453,-0.04694697717807051,-0.021856074990905066,0.9974422095804782,-0.05846861544711102,-0.04111519858776364,0.46677041766696503,-0.037355866950687544,-0.052085913910362276,0.7287955426608934,0.010182514898215653,-0.07294780390302298,0.8758159560637753,0.009955311959016966,-0.09750276529053643,0.9894713888502554,-0.01218094495763548,-0.11607751408309666,0.45223381033358856,0.07424717258923615,-0.11959974457374721,0.6571911723582874,0.12701580194120043,-0.14379217813384018,0.7805328976727087,0.13195333400112214,-0.15578400302880788,0.8854825351026887,0.11941097507797778,-0.16433046012771807,SPACE,right
0.0,0.0,0.0,0.177700318800981,-0.14871508089789823,0.15782199351007403,0.3308273514515169,-0.1431194735889347,0.22418173997190907,0.4447248560261037,-0.11103783253724493,0.25543310633094835,0.5271886466325222,-0.05640506646621128,0.2817607639762326,0.4278417501850515,-0.1433283539812275,0.16310389479654117,0.6552201921518811,-0.12707228718446756,0.17839809225350614,0.7907063804716093,-0.12496179948748257,0.1880376612573282,0.8980541916787218,-0.12643072597956828,0.1928115480230399,0.4628779546522961,-0.07603226386086996,0.07117676558394093,0.7250323957976855,-0.0624844805504663,0.07964222163269219,0.8757433785773682,-0.06857006157963663,0.08262837199090296,0.9926358301100197,-0.0878182902625641,0.08343893981320917,0.4710211070124039,0.011576151340866626,-0.01395051112470111,0.7266674319350708,0.032918555156809554,-0.0033318626841789354,0.8687614022647013,0.02092523983247818,0.0037621805233328024,0.9807527240593361,0.0011030874050128963,0.003597167344675874,0.4632459820101453,0.14041059330145758,-0.0884532358796504,0.671151400205199,0.15274945647475333,-0.08330710684817359,0.7901008262676672,0.14204065609616917,-0.07336341172318023,0.89169646933845,0.11894564632203622,-0.06793252152356759,SPACE,right
0.0,0.0,0.0,0.18046204829564394,-0.13233076155659426,0.12041973788848614,0.33128686342189967,-0.12358228118779355,0.16010125540852718,0.4444199508703713,-0.0945820929314966,0.17015204316686813,0.5334752070815767,-0.045050405736944646,0.1759855757763907,0.4215454909223533,-0.13337419719010576,0.09602205942644154,0.6587659093823366,-0.11245981614588818,0.08263722143504149,0.805349828268493,-0.10697614278328976,0.07874102386743231,0.9177173441986005,-0.10545579058598492,0.07744804405058546,0.4495105293682673,-0.08201693119742122,0.013438446574109966,0.7212708832734344,-0.056444954087163636,-0.006664346073385782,0.8783080424636964,-0.05336821599662288,-0.01140588728282933,0.9980651637695256,-0.06112085604151085,-0.011409199203411227,0.4541055000269405,-0.001177550352057028,-0.06362957804456126,0.7197395475431452,0.03636243114633833,-0.07587872836005949,0.8686483142443184,0.03491530250226235,-0.07179097532766712,0.9838840738318256,0.026078761176025863,-0.0682803756408977,0.44168196806029464,0.1259400796017634,-0.13276894307192733,0.6535753229262148,0.1530732599442851,-0.1431078317908507,0.7783339983046986,0.1471219193088275,-0.13575605456984813,0.8824004683149461,0.1302550665161167,-0.12803616038700444,SPACE,right
0.0,0.0,0.0,0.15686287643776026,-0.07095418565655363,0.08149468608537527,0.30174801703862086,-0.04641958985137365,0.10182403861178835,0.40511454924444756,0.008682309730443937,0.09735696111124106,0.483103727425197,0.06605122496531518,0.08876695176327955,0.42003659491676065,-0.12100666116462362,0.059900280832975716,0.6521507738997988,-0.09860310757495165,0.03157158759603986,0.797984561787641,-0.0907020018590531,0.013583526151088663,0.9113331672819353,-0.09419079921511882,0.002486471177286823,0.4477055071076363,-0.08146194373413515,-0.010244454962238888,0.7141841520206065,-0.05727252649530104,-0.04163882688336912,0.8721874636070392,-0.05427042300084339,-0.059734455106236796,0.9952915199938918,-0.06836692979687864,-0.06870773710723647,0.45172572903402236,-0.0017803217914455789,-0.07764521351189556,0.7163223194817501,0.024800604975574965,-0.10322049721195901,0.86623808142482,0.019946531386336185,-0.1135196810418643,0.9816205487010925,0.0010482028023897482,-0.11775045645082537,0.4387692615396799,0.1256930935579364,-0.14009716888824822,0.6462868946652065,0.15496004000608068,-0.15826247545721628,0.7708193648785029,0.14989280281824413,-0.1567376234103297,0.8743054428722153,0.13296955273978245,-0.1525717050549578,SPACE,right
0.0,0.0,0.0,0.16370871815063862,0.10572890271997687,0.09587457865960307,0.2970359070769885,0.17106458598434188,0.12802260988216094,0.3790268092650497,0.24267987915640146,0.13228096238089684,0.4485048888304854,0.2904856632267258,0.13294043030256622,0.4453894105231611,-0.0996023152662172,0.0957376247894728,0.6720595116192584,-0.08283792070711746,0.08313871477509431,0.8099609929137785,-0.07792021063944338,0.06870474919354043,0.9187415164939569,-0.08329757661682186,0.056076270777906806,0.45230690826286757,-0.10270827871582888,0.020309773499201177,0.720044606616373,-0.07573885594033825,0.001647771574871177,0.8741672527585241,-0.07664423879278633,-0.020525897568785176,0.9948148638239861,-0.09479682166476203,-0.03683679298097555,0.4437605061192876,-0.04486755677214128,-0.052291165745134816,0.7145834706545969,-0.013493049149658433,-0.06965643092563513,0.8620370843620524,-0.018181617901696687,-0.08890647170942509,0.9744124585139011,-0.03928969214358144,-0.1037690472989716,0.4305788968999133,0.0724465189891392,-0.11876176554285023,0.6358361540333721,0.11209561771683438,-0.13858770044654514,0.7586005757116001,0.11373217324340465,-0.1480894752298082,0.8605925916334337,0.10210776367545107,-0.15457472132139233,SPACE,right
0.0,0.0,0.0,0.1681348194080807,0.08115765997229817,0.10329764386028235,0.30940119556437,0.14686223270985352,0.13801549604802177,0.39025647916024314,0.22849627998581407,0.1446577353208281,0.4610249094080677,0.2841586482272122,0.14690354516374476,0.4532237184914404,-0.09523241323012654,0.09040722506874388,0.6760145130462785,-0.07724949015518151,0.07738866506890332,0.8090212502531272,-0.07221034897363789,0.06809224215590769,0.9130038418278045,-0.07465148508575231,0.059204435967810776,0.4569824940474294,-0.09700680644234526,0.010173815951674598,0.7254116906062051,-0.06826251343542131,-0.014183870621932323,0.877153006336581,-0.06889277981792362,-0.03198695717829912,0.9952852974561899,-0.08667837091352731,-0.043520531744461265,0.44309909301199263,-0.04190494075236916,-0.06669633181477959,0.7157988326590391,-0.008650316403490002,-0.09111547284887203,0.8639522942195725,-0.013192938432973781,-0.10996843810217687,0.9786113431775424,-0.03631685788283964,-0.12351255021985096,0.4259280216055903,0.07032931676248218,-0.13600326586169392,0.6272288652970782,0.11257669826283963,-0.16736159716136856,0.7511948079716192,0.11673900775032012,-0.1838818467707539,0.8553440354399624,0.10730155600701304,-0.19462455487791885,SPACE,right
0.0,0.0,0.0,0.18756372412361572,0.11047390561637108,0.1408133137044161,0.33303539171597724,0.16302974985578533,0.19899534134598557,0.41463185072946473,0.23102943131923173,0.2212008746259005,0.48282015137970563,0.290263501337066,0.23595230338982262,0.462302005344854,-0.08105997574779422,0.1418480659885581,0.6618414885779742,-0.05730401790165365,0.14020907842682626,0.7894937231616895,-0.05158488296424615,0.13297792178962448,0.8933956333256433,-0.05424164708330849,0.12140554367299859,0.4630145331848888,-0.08976140637144642,0.0447035073518847,0.7178361372341256,-0.05963786597292387,0.02753660556360707,0.8705577227854687,-0.06100739216440114,0.007335386917366836,0.9964334161218292,-0.08384188240998847,-0.009538657648274199,0.44630428159149366,-0.0424645668505608,-0.04844995731450494,0.7126938249191604,-0.0017513920224488978,-0.07164687932751783,0.8617365818512643,-0.0057865348601553995,-0.09733522816775526,0.9819607413667645,-0.037512583869683744,-0.11885308732914872,0.43193642880583677,0.06242118099171285,-0.13110655675467697,0.6250065254241558,0.10912027373503436,-0.17344552837605756,0.7506790130232764,0.10778837078401635,-0.20401786926763885,0.8573980387642927,0.0884506287693494,-0.2269864803296495,SPACE,right
0.0,0.0,0.0,0.19010930712087024,0.09564440900920598,0.14323913095896984,0.344574040649466,0.152131923086791,0.19784557088641275,0.4388449133140086,0.22313950299979132,0.2154068576203368,0.5187118282471126,0.29220949053214235,0.22555180320530666,0.460231432215556,-0.04723777323696686,0.1428666942497851,0.6523174439707962,-0.018090748391046473,0.1387198738625162,0.7837131149711688,-0.011192452626204689,0.12797232312238296,0.8930617614449904,-0.010034238453201895,0.11421668683219736,0.4638924210742802,-0.04937563673876127,0.04258643369667966,0.7092044764096839,-0.021550647023835582,0.02793983536898409,0.8673115641630322,-0.023557863311631445,0.0067618714256958415,0.9988892812029735,-0.04533274027171845,-0.012850936046220816,0.4532050489391843,-0.011441050929957411,-0.05301352927878677,0.7045196065635103,0.017874709502694642,-0.06755447268746181,0.854420492978649,0.01253435104835591,-0.08735808438092478,0.9760043124762938,-0.012551757025142551,-0.10845715509450196,0.4451037954021882,0.07190839040575835,-0.13895067302850475,0.6259666381016001,0.0890416052973421,-0.16782259385160983,0.7453556663145483,0.08087123979369315,-0.1888263092489746,0.8464839818925335,0.06378246133696469,-0.2075756050926362,SPACE,right
0.0,0.0,0.0,0.17872165794626782,0.029275208165153162,0.10307804855322883,0.37377623991418624,0.05887684083112526,0.13946042333851608,0.5013104988367437,0.12043228945990524,0.14807060073390943,0.6080650741112451,0.16701097826158243,0.1528945521291152,0.47394463314001384,-0.05817444320532935,0.09471369312248067,0.674540288213717,-0.029168540988146273,0.07680008053457309,0.8180921721583638,-0.03721399883580784,0.05687046546972836,0.9373621334765618,-0.05297344341118483,0.036727071604299,0.47330680929986835,-0.04600612692251763,0.013324288488679314,0.7061003531887134,-0.018738096819322064,-0.011564105677375019,0.8633057504861315,-0.024596074667117617,-0.03735222905850309,0.9971200681289418,-0.047850436821733525,-0.05883795909533199,0.45149256873073473,-0.005653819164922152,-0.06440195704198154,0.6970753924468166,0.01888307242334003,-0.08662247912482772,0.8431672168590092,0.010396264793826302,-0.10365519144079367,0.9639617159371808,-0.019020707490445692,-0.1211306729002413,0.4216184186318934,0.06516148738694837,-0.1355073725087357,0.585564837428479,0.08164879207553581,-0.1598456825017395,0.6961002479963729,0.07426857038555162,-0.1722962940419794,0.7941094911069805,0.05952051416162274,-0.18471748608662547,SPACE,right
0.0,0.0,0.0,0.19380666167122204,0.07186010717906119,0.1263699249928252,0.37990037310796254,0.11529188385638611,0.17890981454277646,0.49850509298290413,0.2008494847560373,0.19908630888632142,0.5925132466052282,0.2692615795694644,0.2144960598438691,0.47674531182369606,-0.10325329051538748,0.1290418722347835,0.6686157246502855,-0.05005338665392266,0.12295330896990779,0.7958685713578622,-0.03620356566408708,0.11039153492874614,0.8982600280343626,-0.03682393257246644,0.09439043681804807,0.47360432353185244,-0.09157622056006498,0.038507686557466655,0.7190376304607682,-0.04200554209712939,0.019584798037541082,0.8697351107604232,-0.04305287669945337,-0.0057202799853931395,0.9972124991463692,-0.0695156212528505,-0.027107378111558052,0.4532216937216386,-0.028887343339729563,-0.04807091959915072,0.7064212090117648,0.012720568167161765,-0.07103447405576026,0.8512053447193066,0.0036723283739750106,-0.09412175210550147,0.9727564124865004,-0.030388500369391076,-0.11490785171794113,0.43092865428505683,0.08051771215289374,-0.12581011183912139,0.6115247053222034,0.11259422433555423,-0.1576225900884229,0.727346236735507,0.10469193694715118,-0.1796454178746152,0.8324106420647172,0.08747511913191726,-0.19830535320905268,SPACE,right
0.0,0.0,0.0,0.1811021612545202,0.08524605368741804,0.11783580858949025,0.35530002966765317,0.12339364605293936,0.16523343464724932,0.4642469163602405,0.20360516914436153,0.18135844028792605,0.5532393805057245,0.27886079494360355,0.1928007105159914,0.47307372684152815,-0.09388705411604521,0.1221072046379147,0.6734692577839554,-0.05448443868114925,0.11623920822366765,0.801989617543296,-0.0485000888560125,0.10354784990810993,0.907768515029614,-0.05330716040368276,0.08713865928701174,0.4718162603644078,-0.08908820130351953,0.035733754286838386,0.7210577334228504,-0.04959340275821818,0.01891949941690009,0.8696662367713763,-0.054770317387394414,-0.006475353124170962,0.9962605248431864,-0.0815023087650746,-0.028676476511964314,0.45140603120874584,-0.03331630886837108,-0.04718887546990633,0.7080330373704872,-0.0016932815677598242,-0.06939968788915998,0.8523546928931969,-0.01441877123526508,-0.09546621855560267,0.9731529956642648,-0.05104922951869278,-0.11904464516251226,0.4287641933333542,0.06951472823676627,-0.12174280593168221,0.6106785655353378,0.10841444593200485,-0.15538411579622655,0.7273004180850992,0.10406140396907827,-0.18020899966240234,0.8329080549012423,0.08572984842106371,-0.20090792577301617,SPACE,right
0.0,0.0,0.0,0.17682380888554583,0.09425072172893227,0.09449963491984362,0.3413589051389219,0.12929770558551626,0.12305872736131554,0.4451878043128859,0.20458941099670847,0.1229347950553984,0.5384233479746463,0.26740308005211877,0.11790420486107236,0.46441336850465886,-0.08746366119321672,0.0872758328223429,0.6734021732824893,-0.05507024211266092,0.06724278616150542,0.8060132606487507,-0.04782590196533758,0.04469658011699175,0.9149205412602008,-0.05412362349460025,0.023442018727427977,0.4631312093283886,-0.08848977844579187,0.006831985588362025,0.7172379802948115,-0.050176635430599456,-0.02077054032870696,0.8676383493020331,-0.054064486908163054,-0.051678208521735776,0.9936508333860601,-0.08221068602434457,-0.07680771064544713,0.44462492365406886,-0.0374739666933693,-0.07109515430368185,0.703991168315346,0.0019118663439367234,-0.0984319078544084,0.8485959352341893,-0.0035434296005117743,-0.12466186089091319,0.9663548580858713,-0.03554845344487014,-0.1468711285172013,0.420889490739478,0.062179629537089116,-0.14283471802796752,0.6079013637334766,0.11095193350295464,-0.17169778579155054,0.7264342610296279,0.11070888863122372,-0.1896800465769879,0.8309188614751868,0.09311759541518505,-0.2051049749253155,SPACE,right
0.0,0.0,0.0,0.17677802748779936,0.07685235094908159,0.09460482253483753,0.3428476759141146,0.12111403927733493,0.1253614745327421,0.44568199678810333,0.1955815024453446,0.12839922480470542,0.5391040123137886,0.2559607015038444,0.12766416477759038,0.45912734622268325,-0.08423562534745523,0.08825766439066765,0.6709311754103562,-0.056568080232371976,0.06890439736872069,0.8048230629753713,-0.051991545713078624,0.04939637306350318,0.9136018104604826,-0.059947426103380816,0.03144460571081904,0.460585604382542,-0.08373246535530106,0.009189771051947683,0.7186345384727699,-0.049111477759702406,-0.01970041860632962,0.8698946117763907,-0.05451101207756425,-0.047395701009075086,0.9939961230688646,-0.08547788919435106,-0.06830254594775279,0.44428099922743747,-0.03275133737185907,-0.06746953093609571,0.705207521056764,0.0049994649713354915,-0.09464103319564764,0.8498055231397923,-0.0015601626160493915,-0.11749297944186483,0.9667672523747165,-0.03441480630434303,-0.1359189361316148,0.42386193425650737,0.06605069426367688,-0.13798186783648111,0.6115097704046454,0.1120770011327812,-0.16684316434636626,0.730843662843043,0.11309928075678924,-0.18341455428942394,0.8345858499780575,0.09729061062181268,-0.19667527603399806,SPACE,right
0.0,0.0,0.0,0.17770434214805397,0.08823505262238998,0.10748751007486407,0.3287155770566475,0.12864434566874736,0.1427191506163579,0.4208699111737822,0.18949207340060742,0.14731975026479513,0.5055538526357959,0.2552886601387343,0.14704896910527157,0.45189129383531373,-0.100362583436487,0.09707571392945732,0.6607542162371477,-0.07363385030290676,0.0791573442721735,0.7936485469892166,-0.0664514967917329,0.05991191005892819,0.9033587586445339,-0.07361089379970497,0.042132859710801385,0.45541858220934844,-0.10640945632231154,0.01256297928674158,0.7156921603900392,-0.07324943715966911,-0.016163209037629977,0.8677183542821726,-0.07861779377633107,-0.04213853470944584,0.9917044789380193,-0.1127493494801364,-0.061723663582760796,0.4429643543661957,-0.05498255773458558,-0.06853940336208282,0.710612709200464,-0.022109928003535465,-0.09535892702940484,0.8563120041818679,-0.031390635849824614,-0.11766248285033519,0.9708374506691547,-0.06887600672894166,-0.13542496891733394,0.42882921237586596,0.04968610261851792,-0.14234382346162724,0.6238839063872109,0.09491950989902673,-0.17191475036248763,0.746973211422693,0.09487294718026835,-0.18909989932390484,0.8502404422265623,0.07597411420478062,-0.20269204421373732,SPACE,right
0.0,0.0,0.0,0.1633027460047719,0.08353093590993277,0.10580056569502921,0.2969640785000183,0.13067191304393455,0.14071560681179637,0.38253473627397283,0.19206039081471285,0.1470130216039143,0.4577324751808117,0.24229498720303427,0.14755810074318226,0.4514719108848707,-0.11218030726201583,0.09113717705849067,0.6612889343853897,-0.0937208619131242,0.07348271404835743,0.7951976878120579,-0.09041369738350466,0.05533590495898533,0.9013286176216773,-0.09872052283151629,0.03892804063379419,0.4575508759356521,-0.11401902641961824,0.00814322155377972,0.7171140860482544,-0.09593242769095406,-0.02003281522504665,0.8693482830195347,-0.1050589153753829,-0.044755550131573854,0.9885357054294939,-0.13722406526598793,-0.06298186249142501,0.44771718032895746,-0.06025878895997989,-0.07107523646539973,0.7118657177811195,-0.033069286864440064,-0.09929942679259397,0.8573668064938472,-0.048347207775404674,-0.1212966202758192,0.9705460168056846,-0.08506970542883581,-0.1381656786107993,0.4318090221321052,0.04842803766374611,-0.14245722039465647,0.6279640792798277,0.08208200120061875,-0.17792819479683825,0.7486997049357111,0.07332514409311464,-0.19615356579401433,0.8500974766152897,0.05126758949715169,-0.20848748046513743,SPACE,right
0.0,0.0,0.0,0.14243082150017985,0.08383361125376133,0.09597957926639288,0.26698612127862026,0.11945526508908176,0.12591572264712478,0.35355981800112585,0.16364507272505424,0.12673074420681985,0.4160249308545152,0.20131373094850522,0.1229661931775905,0.44638611557022684,-0.11804391971552819,0.09602732017833765,0.6635066541865425,-0.11315142943120217,0.0817847889110893,0.8010693002280906,-0.11857298427103503,0.06290639596206364,0.911163357424905,-0.13895336723259313,0.043925221314023696,0.46363791859357845,-0.12317000600384491,0.01717119763870597,0.7222701604729768,-0.1137254329949117,-0.004427385057607084,0.8712566497542976,-0.12398759201781243,-0.02800043132906652,0.9863005107531457,-0.15796213350900873,-0.047531745869114156,0.46144806460449445,-0.06909187979002004,-0.05918952432640575,0.7198117579179667,-0.05329223631192302,-0.08052326690868862,0.8595646921419147,-0.07006230185120824,-0.09998275298416111,0.9661378757395456,-0.10697112177171543,-0.11711302258466505,0.45201716868501424,0.049568594434182524,-0.12970259346656482,0.6411543822805164,0.07734155279340967,-0.15520248197399453,0.7580342297159347,0.06088931676141293,-0.16737473880508466,0.8574542955296528,0.030888946691270593,-0.17731479423024285,SPACE,right
0.0,0.0,0.0,0.17117945588452455,-0.02380307957007557,0.130514820849871,0.323612942166435,-0.016757289975839983,0.17907449646796222,0.4277405467351693,0.012290050696927972,0.19315571077061539,0.5073040611403139,0.029917460908294943,0.20058892442170653,0.42390675838082936,-0.12883335700805695,0.11904266832948913,0.6511065399969957,-0.1287684638098919,0.11506601155541445,0.794639266735815,-0.1400350681854323,0.11054692796591775,0.9083881362096203,-0.16114529210093276,0.10337981486485946,0.4500230896031419,-0.11492861085090415,0.02753627719858425,0.7130996908257616,-0.11408203030490764,0.015934054970575127,0.8671160621766395,-0.12870547923520229,0.0057547869275089225,0.9869205697994756,-0.16117795076929034,-0.003075238607100592,0.45331398061335587,-0.05356679025395982,-0.05892561545955978,0.7165296992804079,-0.046612826655820554,-0.06787635707991414,0.8612563760377543,-0.06714219282696117,-0.07585046667134804,0.977406505912942,-0.10415315891637777,-0.08670861899597877,0.4476273430029108,0.06554785601714107,-0.13701473148425433,0.6442335868619253,0.07838801441354674,-0.15352200503914096,0.763106262090195,0.05985655288264491,-0.15916516844820094,0.8678354011576065,0.027964939092916693,-0.1650265378869569,SPACE,right
0.0,0.0,0.0,0.16417168049991063,-0.10975327775932787,0.16764084134939095,0.3037173503141414,-0.12158510214200151,0.239442710995426,0.3944190534168858,-0.11166545623019117,0.2722838204946301,0.45789290216529127,-0.10790690745637298,0.2968193174376601,0.4175632798535916,-0.16000958899746356,0.16383974561417214,0.640202216127004,-0.16764135562697374,0.17701847776456114,0.783618022478028,-0.1817498344873879,0.18553749916624762,0.8965842354718935,-0.20145464875050015,0.18782617629004833,0.4497456749028665,-0.12205346261460706,0.06160987247710143,0.7098675350139748,-0.12986944809541934,0.06683999175309774,0.8629311709311006,-0.14725270866255252,0.06748713062332483,0.9823776176631828,-0.17518112287793638,0.06515973067497098,0.4598244489263751,-0.04992903115225012,-0.03377084088512637,0.7145562019067925,-0.04042272216128246,-0.026503969817075642,0.8596257961296014,-0.062363253379623666,-0.02762473938447558,0.97833426698544,-0.09307475884317352,-0.035620698305674235,0.4640841522096495,0.07328740925241699,-0.11787898236685439,0.6653420367390456,0.0772517461098283,-0.12138273082834665,0.7830567822500468,0.05966335774172312,-0.12153554498748009,0.8883408270409873,0.03351242434248704,-0.12492212079549332,SPACE,right
0.0,0.0,0.0,0.1553381287836372,-0.130690921747539,0.1851789287530745,0.2926172213941031,-0.1358985375179551,0.2685851313873634,0.37269718203546276,-0.13774312330166505,0.30833652078211576,0.43385760302011506,-0.12195454281980914,0.3393668399355799,0.42048269210056133,-0.14827971500892612,0.20709920668393247,0.638764814771815,-0.16194992827128932,0.23605170445047224,0.777309092663927,-0.17644614500643963,0.2552339045587901,0.8853413835576378,-0.19240955512475974,0.2648264606021486,0.4584067457169782,-0.11090034001880315,0.09906228435791059,0.7121854968110513,-0.12968742625803695,0.11893761852462782,0.8600336843543391,-0.15033218831721343,0.1271131226795385,0.9745983470582221,-0.18207885415688801,0.13040457346387885,0.4734818082916401,-0.04121298068614462,-0.002793332020433585,0.7238367383832821,-0.04298013557756266,0.017300503658794156,0.8653353708936142,-0.06945706344097091,0.020524956406786057,0.9791192905889723,-0.1068810333002935,0.015413078859526511,0.4819024732946383,0.07831613372525498,-0.09294588921092492,0.6829503430078929,0.08021907000945994,-0.08451469948599809,0.799753401907572,0.06129753356756457,-0.07943297131509343,0.8978789758883389,0.02958104137073152,-0.07967015195571066,SPACE,right
